  0
SECTION
  2
HEADER
  9
$ACADVER
  1
AC1021
  9
$ACADMAINTVER
  70
50
  9
$DWGCODEPAGE
  3
ANSI_936
  9
$LASTSAVEDBY
  1
win
  9
$INSBASE
  10
0
  20
0
  30
0
  9
$EXTMIN
  10
100000000000000000000
  20
100000000000000000000
  30
100000000000000000000
  9
$EXTMAX
  10
-100000000000000000000
  20
-100000000000000000000
  30
-100000000000000000000
  9
$LIMMIN
  10
0
  20
0
  9
$LIMMAX
  10
420
  20
297
  9
$ORTHOMODE
  70
0
  9
$REGENMODE
  70
1
  9
$FILLMODE
  70
1
  9
$QTEXTMODE
  70
0
  9
$MIRRTEXT
  70
0
  9
$LTSCALE
  40
1
  9
$ATTMODE
  70
1
  9
$TEXTSIZE
  40
2.5
  9
$TRACEWID
  40
1
  9
$TEXTSTYLE
  7
Standard
  9
$CLAYER
  8
0
  9
$CELTYPE
  6
ByLayer
  9
$CECOLOR
  62
256
  9
$CELTSCALE
  40
1
  9
$DISPSILH
  70
0
  9
$DIMSCALE
  40
1
  9
$DIMASZ
  40
2.5
  9
$DIMEXO
  40
0.625
  9
$DIMDLI
  40
3.75
  9
$DIMRND
  40
0
  9
$DIMDLE
  40
0
  9
$DIMEXE
  40
1.25
  9
$DIMTP
  40
0
  9
$DIMTM
  40
0
  9
$DIMTXT
  40
2.5
  9
$DIMCEN
  40
2.5
  9
$DIMTSZ
  40
0
  9
$DIMTOL
  70
0
  9
$DIMLIM
  70
0
  9
$DIMTIH
  70
0
  9
$DIMTOH
  70
0
  9
$DIMSE1
  70
0
  9
$DIMSE2
  70
0
  9
$DIMTAD
  70
1
  9
$DIMZIN
  70
8
  9
$DIMBLK
  1

  9
$DIMASO
  70
1
  9
$DIMSHO
  70
1
  9
$DIMPOST
  1

  9
$DIMAPOST
  1

  9
$DIMALT
  70
0
  9
$DIMALTD
  70
3
  9
$DIMALTF
  40
0.03937007874016
  9
$DIMLFAC
  40
1
  9
$DIMTOFL
  70
1
  9
$DIMTVP
  40
0
  9
$DIMTIX
  70
0
  9
$DIMSOXD
  70
0
  9
$DIMSAH
  70
0
  9
$DIMBLK1
  1

  9
$DIMBLK2
  1

  9
$DIMSTYLE
  2
ISO-25
  9
$DIMCLRD
  70
0
  9
$DIMCLRE
  70
0
  9
$DIMCLRT
  70
0
  9
$DIMTFAC
  40
1
  9
$DIMGAP
  40
0.625
  9
$DIMJUST
  70
0
  9
$DIMSD1
  70
0
  9
$DIMSD2
  70
0
  9
$DIMTOLJ
  70
0
  9
$DIMTZIN
  70
8
  9
$DIMALTZ
  70
0
  9
$DIMALTTZ
  70
0
  9
$DIMUPT
  70
0
  9
$DIMDEC
  70
2
  9
$DIMTDEC
  70
2
  9
$DIMALTU
  70
2
  9
$DIMALTTD
  70
3
  9
$DIMTXSTY
  7
Standard
  9
$DIMAUNIT
  70
0
  9
$DIMADEC
  70
0
  9
$DIMALTRND
  40
0
  9
$DIMAZIN
  70
0
  9
$DIMDSEP
  70
44
  9
$DIMATFIT
  70
3
  9
$DIMFRAC
  70
0
  9
$DIMLDRBLK
  1

  9
$DIMLUNIT
  70
2
  9
$DIMLWD
  70
-2
  9
$DIMLWE
  70
-2
  9
$DIMTMOVE
  70
0
  9
$DIMFXL
  40
1
  9
$DIMFXLON
  70
0
  9
$DIMJOGANG
  40
0.7853981633974483
  9
$DIMTFILL
  70
0
  9
$DIMTFILLCLR
  70
0
  9
$DIMARCSYM
  70
0
  9
$DIMLTYPE
  6

  9
$DIMLTEX1
  6

  9
$DIMLTEX2
  6

  9
$LUNITS
  70
2
  9
$LUPREC
  70
4
  9
$SKETCHINC
  40
1
  9
$FILLETRAD
  40
0
  9
$AUNITS
  70
0
  9
$AUPREC
  70
0
  9
$MENU
  1
.
  9
$ELEVATION
  40
0
  9
$PELEVATION
  40
0
  9
$THICKNESS
  40
0
  9
$LIMCHECK
  70
0
  9
$CHAMFERA
  40
0
  9
$CHAMFERB
  40
0
  9
$CHAMFERC
  40
0
  9
$CHAMFERD
  40
0
  9
$SKPOLY
  70
0
  9
$TDCREATE
  40
2459790.73037037
  9
$TDUCREATE
  40
2459790.397037037
  9
$TDUPDATE
  40
2459790.730949074
  9
$TDUUPDATE
  40
2459790.397615741
  9
$TDINDWG
  40
0.0005787037
  9
$TDUSRTIMER
  40
0.0005787037
  9
$USRTIMER
  70
1
  9
$ANGBASE
  50
0
  9
$ANGDIR
  70
0
  9
$PDMODE
  70
0
  9
$PDSIZE
  40
0
  9
$PLINEWID
  40
0
  9
$SPLFRAME
  70
0
  9
$SPLINETYPE
  70
6
  9
$SPLINESEGS
  70
8
  9
$HANDSEED
  5
314
  9
$SURFTAB1
  70
6
  9
$SURFTAB2
  70
6
  9
$SURFTYPE
  70
6
  9
$SURFU
  70
6
  9
$SURFV
  70
6
  9
$UCSBASE
  2

  9
$UCSNAME
  2

  9
$UCSORG
  10
0
  20
0
  30
0
  9
$UCSXDIR
  10
1
  20
0
  30
0
  9
$UCSYDIR
  10
0
  20
1
  30
0
  9
$UCSORTHOREF
  2

  9
$UCSORTHOVIEW
  70
0
  9
$UCSORGTOP
  10
0
  20
0
  30
0
  9
$UCSORGBOTTOM
  10
0
  20
0
  30
0
  9
$UCSORGLEFT
  10
0
  20
0
  30
0
  9
$UCSORGRIGHT
  10
0
  20
0
  30
0
  9
$UCSORGFRONT
  10
0
  20
0
  30
0
  9
$UCSORGBACK
  10
0
  20
0
  30
0
  9
$PUCSBASE
  2

  9
$PUCSNAME
  2

  9
$PUCSORG
  10
0
  20
0
  30
0
  9
$PUCSXDIR
  10
1
  20
0
  30
0
  9
$PUCSYDIR
  10
0
  20
1
  30
0
  9
$PUCSORTHOREF
  2

  9
$PUCSORTHOVIEW
  70
0
  9
$PUCSORGTOP
  10
0
  20
0
  30
0
  9
$PUCSORGBOTTOM
  10
0
  20
0
  30
0
  9
$PUCSORGLEFT
  10
0
  20
0
  30
0
  9
$PUCSORGRIGHT
  10
0
  20
0
  30
0
  9
$PUCSORGFRONT
  10
0
  20
0
  30
0
  9
$PUCSORGBACK
  10
0
  20
0
  30
0
  9
$USERI1
  70
0
  9
$USERI2
  70
0
  9
$USERI3
  70
0
  9
$USERI4
  70
0
  9
$USERI5
  70
0
  9
$USERR1
  40
0
  9
$USERR2
  40
0
  9
$USERR3
  40
0
  9
$USERR4
  40
0
  9
$USERR5
  40
0
  9
$WORLDVIEW
  70
1
  9
$SHADEDGE
  70
3
  9
$SHADEDIF
  70
70
  9
$TILEMODE
  70
1
  9
$MAXACTVP
  70
64
  9
$PINSBASE
  10
0
  20
0
  30
0
  9
$PLIMCHECK
  70
0
  9
$PEXTMIN
  10
0
  20
0
  30
0
  9
$PEXTMAX
  10
0
  20
0
  30
0
  9
$PLIMMIN
  10
0
  20
0
  9
$PLIMMAX
  10
12
  20
9
  9
$UNITMODE
  70
0
  9
$VISRETAIN
  70
1
  9
$PLINEGEN
  70
0
  9
$PSLTSCALE
  70
1
  9
$TREEDEPTH
  70
3020
  9
$CMLSTYLE
  2
Standard
  9
$CMLJUST
  70
0
  9
$CMLSCALE
  40
20
  9
$PROXYGRAPHICS
  70
1
  9
$MEASUREMENT
  70
1
  9
$CELWEIGHT
  370
-1
  9
$ENDCAPS
  280
0
  9
$JOINSTYLE
  280
0
  9
$LWDISPLAY
  290
0
  9
$INSUNITS
  70
4
  9
$HYPERLINKBASE
  1

  9
$STYLESHEET
  1

  9
$XEDIT
  290
0
  9
$CEPSNTYPE
  380
0
  9
$PSTYLEMODE
  290
0
  9
$FINGERPRINTGUID
  2
{727F1003-3110-204B-BDA3-887240F0F7E6}
  9
$VERSIONGUID
  2
{346756CF-3D21-2349-AF8D-CA8A8DB7EDF7}
  9
$EXTNAMES
  290
0
  9
$PSVPSCALE
  40
0
  9
$OLESTARTUP
  290
0
  9
$SORTENTS
  280
127
  9
$INDEXCTL
  280
0
  9
$HIDETEXT
  280
1
  9
$XCLIPFRAME
  290
0
  9
$HALOGAP
  280
0
  9
$OBSCOLOR
  70
257
  9
$OBSLTYPE
  280
0
  9
$INTERSECTIONDISPLAY
  280
0
  9
$INTERSECTIONCOLOR
  70
257
  9
$DIMASSOC
  280
2
  9
$PROJECTNAME
  1

  9
$CAMERADISPLAY
  290
0
  9
$LENSLENGTH
  40
50
  9
$CAMERAHEIGHT
  40
0
  9
$STEPSPERSEC
  40
2
  9
$STEPSIZE
  40
6
  9
$3DDWFPREC
  40
2
  9
$PSOLWIDTH
  40
5
  9
$PSOLHEIGHT
  40
80
  9
$LOFTANG1
  40
1.570796326794896
  9
$LOFTANG2
  40
1.570796326794896
  9
$LOFTMAG1
  40
0
  9
$LOFTMAG2
  40
0
  9
$LOFTPARAM
  70
7
  9
$LOFTNORMALS
  280
1
  9
$LATITUDE
  40
37.795
  9
$LONGITUDE
  40
-122.394
  9
$NORTHDIRECTION
  40
0
  9
$TIMEZONE
  70
-8000
  9
$LIGHTGLYPHDISPLAY
  280
1
  9
$TILEMODELIGHTSYNCH
  280
1
  9
$CMATERIAL
  347
EC
  9
$SOLIDHIST
  280
0
  9
$SHOWHIST
  280
1
  9
$DWFFRAME
  280
2
  9
$DGNFRAME
  280
0
  9
$REALWORLDSCALE
  290
0
  9
$INTERFERECOLOR
  62
1
  9
$INTERFEREOBJVS
  345
F9
  9
$INTERFEREVPVS
  346
F6
  9
$CSHADOW
  280
0
  9
$SHADOWPLANELOCATION
  40
0
  0
ENDSEC
  0
SECTION
  2
CLASSES
  0
CLASS
  1
ACDBDICTIONARYWDFLT
  2
AcDbDictionaryWithDefault
  3
ObjectDBX Classes
  90
0
  91
1
  280
0
  281
0
  0
CLASS
  1
DICTIONARYVAR
  2
AcDbDictionaryVar
  3
ObjectDBX Classes
  90
0
  91
12
  280
0
  281
0
  0
CLASS
  1
TABLESTYLE
  2
AcDbTableStyle
  3
ObjectDBX Classes
  90
4095
  91
1
  280
0
  281
0
  0
CLASS
  1
MATERIAL
  2
AcDbMaterial
  3
ObjectDBX Classes
  90
1153
  91
3
  280
0
  281
0
  0
CLASS
  1
VISUALSTYLE
  2
AcDbVisualStyle
  3
ObjectDBX Classes
  90
4095
  91
24
  280
0
  281
0
  0
CLASS
  1
SCALE
  2
AcDbScale
  3
ObjectDBX Classes
  90
1153
  91
17
  280
0
  281
0
  0
CLASS
  1
MLEADERSTYLE
  2
AcDbMLeaderStyle
  3
ACDB_MLEADERSTYLE_CLASS
  90
4095
  91
2
  280
0
  281
0
  0
CLASS
  1
CELLSTYLEMAP
  2
AcDbCellStyleMap
  3
ObjectDBX Classes
  90
1152
  91
2
  280
0
  281
0
  0
CLASS
  1
EXACXREFPANELOBJECT
  2
ExAcXREFPanelObject
  3
EXAC_ESW
  90
1025
  91
0
  280
0
  281
0
  0
CLASS
  1
NPOCOLLECTION
  2
AcDbImpNonPersistentObjectsCollection
  3
ObjectDBX Classes
  90
1153
  91
0
  280
0
  281
0
  0
CLASS
  1
LAYER_INDEX
  2
AcDbLayerIndex
  3
ObjectDBX Classes
  90
0
  91
0
  280
0
  281
0
  0
CLASS
  1
SPATIAL_INDEX
  2
AcDbSpatialIndex
  3
ObjectDBX Classes
  90
0
  91
0
  280
0
  281
0
  0
CLASS
  1
IDBUFFER
  2
AcDbIdBuffer
  3
ObjectDBX Classes
  90
0
  91
0
  280
0
  281
0
  0
CLASS
  1
ACDBSECTIONVIEWSTYLE
  2
AcDbSectionViewStyle
  3
ObjectDBX Classes
  90
1025
  91
1
  280
0
  281
0
  0
CLASS
  1
ACDBDETAILVIEWSTYLE
  2
AcDbDetailViewStyle
  3
ObjectDBX Classes
  90
1025
  91
1
  280
0
  281
0
  0
ENDSEC
  0
SECTION
  2
TABLES
  0
TABLE
  2
VPORT
  5
8
  330
0
  100
AcDbSymbolTable
  70
1
  0
VPORT
  5
EA
  330
8
  100
AcDbSymbolTableRecord
  100
AcDbViewportTableRecord
  2
*Active
  70
0
  10
0
  20
0
  11
1
  21
1
  12
0
  22
0
  13
0
  23
0
  14
10
  24
10
  15
10
  25
10
  16
0
  26
0
  36
1
  17
0
  27
0
  37
0
  40
200
  41
2.104271356783919
  42
50
  43
0
  44
0
  50
0
  51
0
  71
0
  72
1000
  73
1
  74
3
  75
0
  76
1
  77
0
  78
0
  281
0
  65
1
  110
0
  120
0
  130
0
  111
1
  121
0
  131
0
  112
0
  122
1
  132
0
  79
0
  146
0
  348
F5
  60
3
  61
5
  292
0
  282
1
  141
0
  142
0
  63
250
  421
3355443
  1001
ACAD_NAV_VCDISPLAY
  1070
3
  0
ENDTAB
  0
TABLE
  2
LTYPE
  5
5
  330
0
  100
AcDbSymbolTable
  70
1
  0
LTYPE
  5
14
  330
5
  100
AcDbSymbolTableRecord
  100
AcDbLinetypeTableRecord
  2
ByBlock
  70
0
  3

  72
65
  73
0
  40
0
  0
LTYPE
  5
15
  330
5
  100
AcDbSymbolTableRecord
  100
AcDbLinetypeTableRecord
  2
ByLayer
  70
0
  3

  72
65
  73
0
  40
0
  0
LTYPE
  5
16
  330
5
  100
AcDbSymbolTableRecord
  100
AcDbLinetypeTableRecord
  2
Continuous
  70
0
  3
Solid line
  72
65
  73
0
  40
0
  0
ENDTAB
  0
TABLE
  2
LAYER
  5
2
  102
{ACAD_XDICTIONARY
  360
1FF
  102
}
  330
0
  100
AcDbSymbolTable
  70
1
  0
LAYER
  5
1024
  100
AcDbSymbolTableRecord
  100
AcDbLayerTableRecord
  2
Top Silkscreen Layer
  70
0
  420
16763904
  6
Continuous
  370
-3
  390
F
  347
21
  0
LAYER
  5
1025
  100
AcDbSymbolTableRecord
  100
AcDbLayerTableRecord
  2
Hole Layer
  70
0
  420
2236962
  6
Continuous
  370
-3
  390
F
  347
21
  0
LAYER
  5
1026
  100
AcDbSymbolTableRecord
  100
AcDbLayerTableRecord
  2
Board Outline Layer
  70
0
  420
16711935
  6
Continuous
  370
-3
  390
F
  347
21
  0
LAYER
  5
10
  102
{ACAD_XDICTIONARY
  360
13C
  102
}
  330
2
  100
AcDbSymbolTableRecord
  100
AcDbLayerTableRecord
  2
0
  70
0
  62
7
  6
Continuous
  370
-3
  390
F
  347
EE
  0
ENDTAB
  0
TABLE
  2
STYLE
  5
3
  330
0
  100
AcDbSymbolTable
  70
2
  0
STYLE
  5
11
  330
3
  100
AcDbSymbolTableRecord
  100
AcDbTextStyleTableRecord
  2
Standard
  70
0
  40
0
  41
1
  50
0
  71
0
  42
2.5
  3
arial.ttf
  4

  1001
ACAD
  1000
Arial
  1071
34
  0
STYLE
  5
132
  330
3
  100
AcDbSymbolTableRecord
  100
AcDbTextStyleTableRecord
  2
Annotative
  70
0
  40
0
  41
1
  50
0
  71
0
  42
2.5
  3
arial.ttf
  4

  1001
AcadAnnotative
  1000
AnnotativeData
  1002
{
  1070
1
  1070
1
  1002
}
  1001
ACAD
  1000
Arial
  1071
34
  0
ENDTAB
  0
TABLE
  2
VIEW
  5
6
  330
0
  100
AcDbSymbolTable
  70
0
  0
ENDTAB
  0
TABLE
  2
UCS
  5
7
  330
0
  100
AcDbSymbolTable
  70
0
  0
ENDTAB
  0
TABLE
  2
APPID
  5
9
  330
0
  100
AcDbSymbolTable
  70
8
  0
APPID
  5
12
  330
9
  100
AcDbSymbolTableRecord
  100
AcDbRegAppTableRecord
  2
ACAD
  70
0
  0
APPID
  5
9E
  330
9
  100
AcDbSymbolTableRecord
  100
AcDbRegAppTableRecord
  2
ACAD_PSEXT
  70
0
  0
APPID
  5
133
  330
9
  100
AcDbSymbolTableRecord
  100
AcDbRegAppTableRecord
  2
AcadAnnoPO
  70
0
  0
APPID
  5
134
  330
9
  100
AcDbSymbolTableRecord
  100
AcDbRegAppTableRecord
  2
AcadAnnotative
  70
0
  0
APPID
  5
135
  330
9
  100
AcDbSymbolTableRecord
  100
AcDbRegAppTableRecord
  2
ACAD_DSTYLE_DIMJAG
  70
0
  0
APPID
  5
136
  330
9
  100
AcDbSymbolTableRecord
  100
AcDbRegAppTableRecord
  2
ACAD_DSTYLE_DIMTALN
  70
0
  0
APPID
  5
165
  330
9
  100
AcDbSymbolTableRecord
  100
AcDbRegAppTableRecord
  2
ACAD_MLEADERVER
  70
0
  0
APPID
  5
217
  330
9
  100
AcDbSymbolTableRecord
  100
AcDbRegAppTableRecord
  2
ACAD_NAV_VCDISPLAY
  70
0
  0
ENDTAB
  0
TABLE
  2
DIMSTYLE
  5
A
  330
0
  100
AcDbSymbolTable
  70
3
  100
AcDbDimStyleTable
  71
2
  340
27
  340
137
  0
DIMSTYLE
  105
1B0
  330
A
  100
AcDbSymbolTableRecord
  100
AcDbDimStyleTableRecord
  2
Standard
  70
0
  340
11
  0
DIMSTYLE
  105
137
  330
A
  100
AcDbSymbolTableRecord
  100
AcDbDimStyleTableRecord
  2
Annotative
  70
0
  40
0
  41
2.5
  42
0.625
  43
3.75
  44
1.25
  73
0
  74
0
  77
1
  78
8
  140
2.5
  141
2.5
  143
0.03937007874016
  147
0.625
  171
3
  172
1
  271
2
  272
2
  274
3
  278
44
  283
0
  284
8
  340
11
  1001
AcadAnnotative
  1000
AnnotativeData
  1002
{
  1070
1
  1070
1
  1002
}
  1001
ACAD_DSTYLE_DIMJAG
  1070
388
  1040
1.5
  1001
ACAD_DSTYLE_DIMTALN
  1070
392
  1070
0
  0
DIMSTYLE
  105
27
  330
A
  100
AcDbSymbolTableRecord
  100
AcDbDimStyleTableRecord
  2
ISO-25
  70
0
  41
2.5
  42
0.625
  43
3.75
  44
1.25
  73
0
  74
0
  77
1
  78
8
  140
2.5
  141
2.5
  143
0.03937007874016
  147
0.625
  171
3
  172
1
  271
2
  272
2
  274
3
  278
44
  283
0
  284
8
  340
11
  0
ENDTAB
  0
TABLE
  2
BLOCK_RECORD
  5
1
  330
0
  100
AcDbSymbolTable
  70
1
  0
BLOCK_RECORD
  5
1F
  102
{ACAD_XDICTIONARY
  360
1CE
  102
}
  330
1
  100
AcDbSymbolTableRecord
  100
AcDbBlockTableRecord
  2
*Model_Space
  340
22
  70
0
  280
1
  281
0
  0
BLOCK_RECORD
  5
D2
  330
1
  100
AcDbSymbolTableRecord
  100
AcDbBlockTableRecord
  2
*Paper_Space
  340
D3
  70
0
  280
1
  281
0
  0
BLOCK_RECORD
  5
D6
  330
1
  100
AcDbSymbolTableRecord
  100
AcDbBlockTableRecord
  2
*Paper_Space0
  340
D7
  70
0
  280
1
  281
0
  0
ENDTAB
  0
ENDSEC
  0
SECTION
  2
BLOCKS
  0
BLOCK
  5
20
  330
1F
  100
AcDbEntity
  8
0
  100
AcDbBlockBegin
  2
*Model_Space
  70
0
  10
0
  20
0
  3
*Model_Space
  1

  0
ENDBLK
  5
21
  330
1F
  100
AcDbEntity
  8
0
  100
AcDbBlockEnd
  0
BLOCK
  5
D4
  330
D2
  100
AcDbEntity
  67
1
  8
0
  100
AcDbBlockBegin
  2
*Paper_Space
  70
0
  10
0
  20
0
  3
*Paper_Space
  1

  0
ENDBLK
  5
D5
  330
D2
  100
AcDbEntity
  67
1
  8
0
  100
AcDbBlockEnd
  0
BLOCK
  5
D8
  330
D6
  100
AcDbEntity
  67
1
  8
0
  100
AcDbBlockBegin
  2
*Paper_Space0
  70
0
  10
0
  20
0
  3
*Paper_Space0
  1

  0
ENDBLK
  5
D9
  330
D6
  100
AcDbEntity
  67
1
  8
0
  100
AcDbBlockEnd
  0
ENDSEC
  0
SECTION
  2
ENTITIES
  0
LWPOLYLINE
  5
1027
  100
AcDbEntity
  8
Top Silkscreen Layer
  100
AcDbPolyline
  90
4
  70
1
  43
0.20299974599949203
  10
39.029997459994924
  20
6.150000000000001
  10
39.029997459994924
  20
0.28000000000000025
  10
46.65001270002541
  20
0.28000000000000025
  10
46.65001270002541
  20
6.150000000000001
  0
LWPOLYLINE
  5
1028
  100
AcDbEntity
  8
Top Silkscreen Layer
  100
AcDbPolyline
  90
4
  70
1
  43
0.25400050800101603
  10
26.0999872999746
  20
5.150000000000001
  10
26.0999872999746
  20
0.3299974599949207
  10
33.72999745999492
  20
0.3299974599949207
  10
33.72999745999492
  20
5.150000000000001
  0
LWPOLYLINE
  5
1029
  100
AcDbEntity
  8
Top Silkscreen Layer
  100
AcDbPolyline
  90
4
  70
1
  43
0.25400050800101603
  10
33.72999745999493
  20
5.150000000000001
  10
33.72999745999493
  20
0.3299974599949207
  10
38.81000762001525
  20
0.3299974599949207
  10
38.81000762001525
  20
5.150000000000001
  0
LWPOLYLINE
  5
1030
  100
AcDbEntity
  8
Top Silkscreen Layer
  100
AcDbPolyline
  90
4
  70
1
  43
0.25400050800101603
  10
12.200012700025402
  20
11.450000000000001
  10
12.200012700025402
  20
0.2299974599949191
  10
25.92000254000508
  20
0.2299974599949191
  10
25.92000254000508
  20
11.450000000000001
  0
LWPOLYLINE
  5
1031
  100
AcDbEntity
  8
Top Silkscreen Layer
  100
AcDbPolyline
  90
4
  70
1
  43
0.12000000000000002
  10
19.540007620015245
  20
56.699992379984764
  10
19.540007620015245
  20
64.80000762001525
  10
9.2599872999746
  20
64.80000762001525
  10
9.2599872999746
  20
56.699992379984764
  0
LWPOLYLINE
  5
1032
  100
AcDbEntity
  8
Top Silkscreen Layer
  100
AcDbPolyline
  90
4
  70
1
  43
0.12000000000000002
  10
18.33350520701042
  20
63.5580060960122
  10
18.33350520701042
  20
64.80000762001525
  10
15.546499872999748
  20
64.80000762001525
  10
15.546499872999748
  20
63.5580060960122
  0
LWPOLYLINE
  5
1033
  100
AcDbEntity
  8
Top Silkscreen Layer
  100
AcDbPolyline
  90
4
  70
1
  43
0.12000000000000002
  10
13.252618745237493
  20
63.5580060960122
  10
13.252618745237493
  20
64.80000762001525
  10
10.465613411226824
  20
64.80000762001525
  10
10.465613411226824
  20
63.5580060960122
  0
HATCH
  5
1035
  100
AcDbEntity
  8
Top Silkscreen Layer
  100
AcDbHatch
  10
0
  20
0
  30
0
  210
0
  220
0
  230
1
  2
SOLID
  70
1
  71
0
  91
1
  92
7
  72
1
  73
1
  93
2
  10
39.150000000000006
  20
33.25
  42
1
  10
39.95
  20
33.25
  42
1
  97
1
  330
1034
  75
0
  76
1
  47
0.8681437583925616
  98
1
  10
3.629517071192367
  20
33.92795499968543
  450
0
  451
0
  460
0
  461
0
  452
1
  462
1
  453
2
  463
0
  63
5
  421
255
  463
1
  63
7
  421
16777215
  470
LINEAR
  1001
ACAD
  1010
0
  1020
0
  1030
0
  0
HATCH
  5
1036
  100
AcDbEntity
  8
Top Silkscreen Layer
  100
AcDbHatch
  10
0
  20
0
  30
0
  210
0
  220
0
  230
1
  2
SOLID
  70
1
  71
0
  91
1
  92
7
  72
1
  73
1
  93
2
  10
39.150000000000006
  20
33.25
  42
1
  10
39.95
  20
33.25
  42
1
  97
1
  330
1034
  75
0
  76
1
  47
0.8681437583925616
  98
1
  10
3.629517071192367
  20
33.92795499968543
  450
0
  451
0
  460
0
  461
0
  452
1
  462
1
  453
2
  463
0
  63
5
  421
255
  463
1
  63
7
  421
16777215
  470
LINEAR
  1001
ACAD
  1010
0
  1020
0
  1030
0
  0
LWPOLYLINE
  5
1037
  100
AcDbEntity
  8
Top Silkscreen Layer
  100
AcDbPolyline
  90
4
  70
0
  43
0.12000000000000002
  10
10.459989839979682
  20
60.70000000222481
  42
0.9999999999999999
  10
13.259994919989841
  20
60.699999999656626
  10
13.259994919989841
  20
60.6999999977752
  42
0.9999999999999999
  10
10.459989839979682
  20
60.70000000034339
  0
LWPOLYLINE
  5
1038
  100
AcDbEntity
  8
Top Silkscreen Layer
  100
AcDbPolyline
  90
4
  70
0
  43
0.2
  10
0.6861722123444259
  20
60.60000001158212
  42
0.9999999999999999
  10
8.074005588011177
  20
60.59999999858807
  10
8.074005588011177
  20
60.5999999884179
  42
0.9999999999999999
  10
0.6861722123444264
  20
60.60000000141195
  0
LWPOLYLINE
  5
1039
  100
AcDbEntity
  8
Top Silkscreen Layer
  100
AcDbPolyline
  90
4
  70
0
  43
0.2
  10
0.6861722123444259
  20
4.400000011582111
  42
0.9999999999999999
  10
8.074005588011177
  20
4.399999998588064
  10
8.074005588011177
  20
4.399999988417893
  42
0.9999999999999999
  10
0.6861722123444264
  20
4.400000001411938
  0
LWPOLYLINE
  5
1040
  100
AcDbEntity
  8
Top Silkscreen Layer
  100
AcDbPolyline
  90
4
  70
0
  43
0.2
  10
47.6862762525525
  20
4.4000000015640355
  42
0.9999999999999999
  10
55.074109628219254
  20
4.400000001564039
  10
55.074109628219254
  20
4.3999999984359635
  42
0.9999999999999999
  10
47.6862762525525
  20
4.3999999984359635
  0
LWPOLYLINE
  5
1041
  100
AcDbEntity
  8
Top Silkscreen Layer
  100
AcDbPolyline
  90
4
  70
0
  43
0.2
  10
47.68618227236455
  20
60.60000000156404
  42
0.9999999999999999
  10
55.0740156480313
  20
60.60000000156405
  10
55.0740156480313
  20
60.59999999843597
  42
0.9999999999999999
  10
47.68618227236455
  20
60.599999998435976
  0
LWPOLYLINE
  5
1042
  100
AcDbEntity
  8
Top Silkscreen Layer
  100
AcDbPolyline
  90
2
  70
1
  43
0.30000000000000004
  10
33.65088900177801
  20
58.29300228600458
  42
0.9999999999999999
  10
33.951117602235215
  20
58.29300228600458
  42
0.9999999999999999
  0
LWPOLYLINE
  5
1043
  100
AcDbEntity
  8
Top Silkscreen Layer
  100
AcDbPolyline
  90
4
  70
0
  43
0.12000000000000002
  10
41.989997459994925
  20
61.400000000302754
  42
0.9999999999999999
  10
43.41000254000508
  20
61.399999999307475
  10
43.41000254000508
  20
61.39999999969727
  42
0.9999999999999999
  10
41.989997459994925
  20
61.40000000069255
  0
LWPOLYLINE
  5
1044
  100
AcDbEntity
  8
Top Silkscreen Layer
  100
AcDbPolyline
  90
4
  70
0
  43
0.12000000000000002
  10
44.93999745999493
  20
49.85000000030274
  42
0.9999999999999999
  10
46.360002540005084
  20
49.849999999307464
  10
46.360002540005084
  20
49.84999999969726
  42
0.9999999999999999
  10
44.93999745999493
  20
49.85000000069254
  0
LWPOLYLINE
  5
1045
  100
AcDbEntity
  8
Top Silkscreen Layer
  100
AcDbPolyline
  90
4
  70
0
  43
0.12000000000000002
  10
40.78999745999493
  20
49.85000000030274
  42
0.9999999999999999
  10
42.210002540005085
  20
49.849999999307464
  10
42.210002540005085
  20
49.84999999969726
  42
0.9999999999999999
  10
40.78999745999493
  20
49.85000000069254
  0
LWPOLYLINE
  5
1046
  100
AcDbEntity
  8
Top Silkscreen Layer
  100
AcDbPolyline
  90
4
  70
0
  43
0.12000000000000002
  10
50.78999745999493
  20
53.550000000302745
  42
0.9999999999999999
  10
52.210002540005085
  20
53.54999999930747
  10
52.210002540005085
  20
53.54999999969726
  42
0.9999999999999999
  10
50.78999745999493
  20
53.55000000069254
  0
LWPOLYLINE
  5
1049
  100
AcDbEntity
  8
Top Silkscreen Layer
  100
AcDbPolyline
  90
4
  70
0
  43
0.25400050800101603
  10
32.95999491998984
  20
44.379674879349764
  10
32.95999491998984
  20
43.50000000000001
  10
34.7
  20
43.50000000000001
  10
34.7
  20
44.37954025908052
  0
LWPOLYLINE
  5
1050
  100
AcDbEntity
  8
Top Silkscreen Layer
  100
AcDbPolyline
  90
4
  70
0
  43
0.25400050800101603
  10
36.00000000000001
  20
44.379674879349764
  10
36.00000000000001
  20
43.50000000000001
  10
37.740005080010164
  20
43.50000000000001
  10
37.740005080010164
  20
44.37954025908052
  0
LWPOLYLINE
  5
1055
  100
AcDbEntity
  8
Top Silkscreen Layer
  100
AcDbPolyline
  90
2
  70
0
  43
0.25400050800101603
  10
25.920002540005083
  20
5.840000000000001
  10
12.200012700025402
  20
5.840000000000001
  0
LWPOLYLINE
  5
1056
  100
AcDbEntity
  8
Top Silkscreen Layer
  100
AcDbPolyline
  90
2
  70
0
  43
0.15240030480060962
  10
27.026212852425708
  20
61.123787147574305
  10
27.026212852425708
  20
62.57621285242572
  0
LWPOLYLINE
  5
1057
  100
AcDbEntity
  8
Top Silkscreen Layer
  100
AcDbPolyline
  90
2
  70
0
  43
0.15240030480060962
  10
27.026212852425708
  20
62.57621285242572
  10
25.994589789179578
  20
62.57621285242572
  0
LWPOLYLINE
  5
1058
  100
AcDbEntity
  8
Top Silkscreen Layer
  100
AcDbPolyline
  90
2
  70
0
  43
0.15240030480060962
  10
23.973787147574296
  20
61.123787147574305
  10
23.973787147574296
  20
62.57621285242572
  0
LWPOLYLINE
  5
1059
  100
AcDbEntity
  8
Top Silkscreen Layer
  100
AcDbPolyline
  90
2
  70
0
  43
0.15240030480060962
  10
23.973787147574296
  20
62.57621285242572
  10
25.005410210820422
  20
62.57621285242572
  0
LWPOLYLINE
  5
1060
  100
AcDbEntity
  8
Top Silkscreen Layer
  100
AcDbPolyline
  90
2
  70
0
  43
0.15240030480060962
  10
25.955397510795024
  20
61.123787147574305
  10
25.044602489204976
  20
61.123787147574305
  0
LWPOLYLINE
  5
1061
  100
AcDbEntity
  8
Top Silkscreen Layer
  100
AcDbPolyline
  90
2
  70
0
  43
0.12000000000000002
  10
16.163421386842778
  20
59.53512827025654
  42
0.30277499443608114
  10
17.716583693167387
  20
59.53512827025654
  0
LWPOLYLINE
  5
1062
  100
AcDbEntity
  8
Top Silkscreen Layer
  100
AcDbPolyline
  90
2
  70
0
  43
0.12000000000000002
  10
15.775130810261622
  20
61.476581153162314
  42
0.30277499443608114
  10
15.775130810261622
  20
59.9234188468377
  0
LWPOLYLINE
  5
1063
  100
AcDbEntity
  8
Top Silkscreen Layer
  100
AcDbPolyline
  90
2
  70
0
  43
0.12000000000000002
  10
17.71658369316739
  20
61.86487172974346
  42
0.30277499443608114
  10
16.163421386842774
  20
61.86487172974346
  0
LWPOLYLINE
  5
1064
  100
AcDbEntity
  8
Top Silkscreen Layer
  100
AcDbPolyline
  90
2
  70
0
  43
0.12000000000000002
  10
18.104874269748542
  20
59.9234188468377
  42
0.30277499443608114
  10
18.104874269748542
  20
61.476581153162314
  0
LWPOLYLINE
  5
1065
  100
AcDbEntity
  8
Top Silkscreen Layer
  100
AcDbPolyline
  90
2
  70
0
  43
0.12000000000000002
  10
19.480007620015243
  20
58.39899415798833
  10
9.319987299974601
  20
58.39899415798833
  0
LWPOLYLINE
  5
1066
  100
AcDbEntity
  8
Top Silkscreen Layer
  100
AcDbPolyline
  90
2
  70
0
  43
0.12000000000000002
  10
19.480007620015243
  20
63.300005080010166
  10
9.319987299974601
  20
63.300005080010166
  0
LWPOLYLINE
  5
1067
  100
AcDbEntity
  8
Top Silkscreen Layer
  100
AcDbPolyline
  90
2
  70
0
  43
0.12000000000000002
  10
19.861008382016767
  20
65.08752603505208
  10
19.861008382016767
  20
63.91255778511558
  0
LWPOLYLINE
  5
1068
  100
AcDbEntity
  8
Top Silkscreen Layer
  100
AcDbPolyline
  90
2
  70
0
  43
0.12000000000000002
  10
19.22306832613666
  20
65.08752603505208
  10
19.861008382016767
  20
65.08752603505208
  0
LWPOLYLINE
  5
1069
  100
AcDbEntity
  8
Top Silkscreen Layer
  100
AcDbPolyline
  90
2
  70
0
  43
0.12000000000000002
  10
20.23999745999492
  20
63.560005080010164
  10
20.23999745999492
  20
61.90000254000508
  0
LWPOLYLINE
  5
1070
  100
AcDbEntity
  8
Top Silkscreen Layer
  100
AcDbPolyline
  90
2
  70
0
  43
0.12000000000000002
  10
23.460002540005085
  20
58.93999491998984
  10
23.460002540005085
  20
60.599997459994924
  0
LWPOLYLINE
  5
1071
  100
AcDbEntity
  8
Top Silkscreen Layer
  100
AcDbPolyline
  90
2
  70
0
  43
0.12000000000000002
  10
23.460002540005082
  20
63.560005080010164
  10
23.460002540005085
  20
61.90000254000508
  0
LWPOLYLINE
  5
1072
  100
AcDbEntity
  8
Top Silkscreen Layer
  100
AcDbPolyline
  90
2
  70
0
  43
0.12000000000000002
  10
23.460002540005082
  20
63.560005080010164
  10
20.23999745999492
  20
63.560005080010164
  0
LWPOLYLINE
  5
1073
  100
AcDbEntity
  8
Top Silkscreen Layer
  100
AcDbPolyline
  90
2
  70
0
  43
0.12000000000000002
  10
20.239997459994925
  20
58.93999491998984
  10
20.23999745999492
  20
60.599997459994924
  0
LWPOLYLINE
  5
1074
  100
AcDbEntity
  8
Top Silkscreen Layer
  100
AcDbPolyline
  90
2
  70
0
  43
0.11938023876047754
  10
23.460002540005085
  20
58.93999491998984
  10
20.239997459994925
  20
58.93999491998984
  0
LWPOLYLINE
  5
1075
  100
AcDbEntity
  8
Top Silkscreen Layer
  100
AcDbPolyline
  90
2
  70
0
  43
0.12000000000000002
  10
26.98500381000762
  20
56.86499872999747
  10
24.01499618999238
  20
56.86499872999747
  0
LWPOLYLINE
  5
1076
  100
AcDbEntity
  8
Top Silkscreen Layer
  100
AcDbPolyline
  90
2
  70
0
  43
0.12000000000000002
  10
24.01499618999238
  20
56.86499872999747
  10
24.01499618999238
  20
58.33500127000254
  0
LWPOLYLINE
  5
1077
  100
AcDbEntity
  8
Top Silkscreen Layer
  100
AcDbPolyline
  90
2
  70
0
  43
0.12000000000000002
  10
26.98500381000762
  20
58.33500127000254
  10
24.01499618999238
  20
58.33500127000254
  0
LWPOLYLINE
  5
1078
  100
AcDbEntity
  8
Top Silkscreen Layer
  100
AcDbPolyline
  90
2
  70
0
  43
0.12000000000000002
  10
26.98500381000762
  20
56.86499872999747
  10
26.98500381000762
  20
58.33500127000254
  0
LWPOLYLINE
  5
1079
  100
AcDbEntity
  8
Top Silkscreen Layer
  100
AcDbPolyline
  90
2
  70
0
  43
0.12000000000000002
  10
24.01499618999238
  20
59.83500127000254
  10
26.98500381000762
  20
59.83500127000254
  0
LWPOLYLINE
  5
1080
  100
AcDbEntity
  8
Top Silkscreen Layer
  100
AcDbPolyline
  90
2
  70
0
  43
0.12000000000000002
  10
26.98500381000762
  20
59.83500127000254
  10
26.98500381000762
  20
58.36499872999747
  0
LWPOLYLINE
  5
1081
  100
AcDbEntity
  8
Top Silkscreen Layer
  100
AcDbPolyline
  90
2
  70
0
  43
0.12000000000000002
  10
24.01499618999238
  20
58.36499872999747
  10
26.98500381000762
  20
58.36499872999747
  0
LWPOLYLINE
  5
1082
  100
AcDbEntity
  8
Top Silkscreen Layer
  100
AcDbPolyline
  90
2
  70
0
  43
0.12000000000000002
  10
24.01499618999238
  20
59.83500127000254
  10
24.01499618999238
  20
58.36499872999747
  0
LWPOLYLINE
  5
1083
  100
AcDbEntity
  8
Top Silkscreen Layer
  100
AcDbPolyline
  90
2
  70
0
  43
0.12000000000000002
  10
24.01499618999238
  20
56.83500127000255
  10
26.98500381000762
  20
56.83500127000255
  0
LWPOLYLINE
  5
1084
  100
AcDbEntity
  8
Top Silkscreen Layer
  100
AcDbPolyline
  90
2
  70
0
  43
0.12000000000000002
  10
26.98500381000762
  20
56.83500127000255
  10
26.98500381000762
  20
55.36499872999747
  0
LWPOLYLINE
  5
1085
  100
AcDbEntity
  8
Top Silkscreen Layer
  100
AcDbPolyline
  90
2
  70
0
  43
0.12000000000000002
  10
24.01499618999238
  20
55.36499872999747
  10
26.98500381000762
  20
55.36499872999747
  0
LWPOLYLINE
  5
1086
  100
AcDbEntity
  8
Top Silkscreen Layer
  100
AcDbPolyline
  90
2
  70
0
  43
0.12000000000000002
  10
24.01499618999238
  20
56.83500127000255
  10
24.01499618999238
  20
55.36499872999747
  0
LWPOLYLINE
  5
1087
  100
AcDbEntity
  8
Top Silkscreen Layer
  100
AcDbPolyline
  90
2
  70
0
  43
0.14986029972059947
  10
26.939243078486165
  20
54.10455930911862
  10
26.939243078486165
  20
54.803060706121414
  0
LWPOLYLINE
  5
1088
  100
AcDbEntity
  8
Top Silkscreen Layer
  100
AcDbPolyline
  90
2
  70
0
  43
0.14986029972059947
  10
26.939243078486165
  20
54.803060706121414
  10
26.939243078486165
  20
54.90466090932183
  0
LWPOLYLINE
  5
1089
  100
AcDbEntity
  8
Top Silkscreen Layer
  100
AcDbPolyline
  90
2
  70
0
  43
0.14986029972059947
  10
26.939243078486165
  20
54.10455930911862
  10
26.939243078486165
  20
54.00295910591822
  0
LWPOLYLINE
  5
1090
  100
AcDbEntity
  8
Top Silkscreen Layer
  100
AcDbPolyline
  90
2
  70
0
  43
0.14986029972059947
  10
26.939243078486165
  20
54.00295910591822
  10
26.639522479044963
  20
53.70323850647702
  0
LWPOLYLINE
  5
1091
  100
AcDbEntity
  8
Top Silkscreen Layer
  100
AcDbPolyline
  90
2
  70
0
  43
0.14986029972059947
  10
26.939243078486165
  20
54.90466090932183
  10
26.639522479044963
  20
55.20438150876303
  0
LWPOLYLINE
  5
1092
  100
AcDbEntity
  8
Top Silkscreen Layer
  100
AcDbPolyline
  90
2
  70
0
  43
0.14986029972059947
  10
25.590500381000766
  20
55.20438150876303
  10
26.639522479044963
  20
55.20438150876303
  0
LWPOLYLINE
  5
1093
  100
AcDbEntity
  8
Top Silkscreen Layer
  100
AcDbPolyline
  90
2
  70
0
  43
0.14986029972059947
  10
25.590500381000766
  20
53.70323850647702
  10
26.639522479044963
  20
53.70323850647702
  0
LWPOLYLINE
  5
1094
  100
AcDbEntity
  8
Top Silkscreen Layer
  100
AcDbPolyline
  90
2
  70
0
  43
0.14986029972059947
  10
25.209499618999242
  20
53.700698501397014
  10
24.06141732283465
  20
53.700698501397014
  0
LWPOLYLINE
  5
1095
  100
AcDbEntity
  8
Top Silkscreen Layer
  100
AcDbPolyline
  90
2
  70
0
  43
0.14986029972059947
  10
25.209499618999242
  20
55.20184150368302
  10
24.06141732283465
  20
55.20184150368302
  0
LWPOLYLINE
  5
1096
  100
AcDbEntity
  8
Top Silkscreen Layer
  100
AcDbPolyline
  90
2
  70
0
  43
0.14986029972059947
  10
25.239979679959365
  20
54.780200660401334
  10
25.570180340360686
  20
54.45000000000001
  0
LWPOLYLINE
  5
1097
  100
AcDbEntity
  8
Top Silkscreen Layer
  100
AcDbPolyline
  90
2
  70
0
  43
0.14986029972059947
  10
25.229819659639325
  20
54.45000000000001
  10
25.570180340360686
  20
54.45000000000001
  0
LWPOLYLINE
  5
1098
  100
AcDbEntity
  8
Top Silkscreen Layer
  100
AcDbPolyline
  90
2
  70
0
  43
0.14986029972059947
  10
25.229819659639325
  20
54.11217932435866
  10
25.570180340360686
  20
54.45000000000001
  0
LWPOLYLINE
  5
1099
  100
AcDbEntity
  8
Top Silkscreen Layer
  100
AcDbPolyline
  90
2
  70
0
  43
0.14986029972059947
  10
25.229819659639325
  20
54.780200660401334
  10
25.239979679959365
  20
54.780200660401334
  0
LWPOLYLINE
  5
1100
  100
AcDbEntity
  8
Top Silkscreen Layer
  100
AcDbPolyline
  90
2
  70
0
  43
0.14986029972059947
  10
25.229819659639325
  20
54.10201930403861
  10
25.229819659639325
  20
54.11217932435866
  0
LWPOLYLINE
  5
1101
  100
AcDbEntity
  8
Top Silkscreen Layer
  100
AcDbPolyline
  90
2
  70
0
  43
0.14986029972059947
  10
25.229819659639325
  20
54.10201930403861
  10
25.229819659639325
  20
54.780200660401334
  0
LWPOLYLINE
  5
1102
  100
AcDbEntity
  8
Top Silkscreen Layer
  100
AcDbPolyline
  90
2
  70
0
  43
0.14986029972059947
  10
24.06141732283465
  20
53.700698501397014
  10
24.06141732283465
  20
55.181521463042934
  0
LWPOLYLINE
  5
1103
  100
AcDbEntity
  8
Top Silkscreen Layer
  100
AcDbPolyline
  90
2
  70
0
  43
0.25400050800101603
  10
40.099999999999994
  20
31.68121666243333
  10
40.09997459994919
  20
31.68121666243333
  0
LWPOLYLINE
  5
1104
  100
AcDbEntity
  8
Top Silkscreen Layer
  100
AcDbPolyline
  90
2
  70
0
  43
0.25400050800101603
  10
40.09997459994919
  20
31.68121666243333
  10
39.23119126238252
  20
32.550000000000004
  0
LWPOLYLINE
  5
1105
  100
AcDbEntity
  8
Top Silkscreen Layer
  100
AcDbPolyline
  90
2
  70
0
  43
0.25400050800101603
  10
30.099999999999994
  20
22.55
  10
30.96878333756667
  20
22.55
  0
LWPOLYLINE
  5
1106
  100
AcDbEntity
  8
Top Silkscreen Layer
  100
AcDbPolyline
  90
2
  70
0
  43
0.25400050800101603
  10
30.099999999999994
  20
22.55
  10
30.099999999999994
  20
23.41880873761748
  0
LWPOLYLINE
  5
1107
  100
AcDbEntity
  8
Top Silkscreen Layer
  100
AcDbPolyline
  90
2
  70
0
  43
0.25400050800101603
  10
40.1
  20
23.41880873761748
  10
40.1
  20
22.55
  0
LWPOLYLINE
  5
1108
  100
AcDbEntity
  8
Top Silkscreen Layer
  100
AcDbPolyline
  90
2
  70
0
  43
0.25400050800101603
  10
40.1
  20
22.55
  10
39.231191262382524
  20
22.55
  0
LWPOLYLINE
  5
1109
  100
AcDbEntity
  8
Top Silkscreen Layer
  100
AcDbPolyline
  90
2
  70
0
  43
0.25400050800101603
  10
39.23119126238252
  20
32.550000000000004
  10
40.099999999999994
  20
32.550000000000004
  0
LWPOLYLINE
  5
1110
  100
AcDbEntity
  8
Top Silkscreen Layer
  100
AcDbPolyline
  90
2
  70
0
  43
0.25400050800101603
  10
40.099999999999994
  20
32.550000000000004
  10
40.099999999999994
  20
31.68121666243333
  0
LWPOLYLINE
  5
1111
  100
AcDbEntity
  8
Top Silkscreen Layer
  100
AcDbPolyline
  90
2
  70
0
  43
0.25400050800101603
  10
30.099999999999994
  20
31.68121666243333
  10
30.099999999999994
  20
32.55000000000001
  0
LWPOLYLINE
  5
1112
  100
AcDbEntity
  8
Top Silkscreen Layer
  100
AcDbPolyline
  90
2
  70
0
  43
0.25400050800101603
  10
30.099999999999994
  20
32.55000000000001
  10
30.968808737617472
  20
32.55000000000001
  0
LWPOLYLINE
  5
1113
  100
AcDbEntity
  8
Top Silkscreen Layer
  100
AcDbPolyline
  90
2
  70
0
  43
0.2
  10
39.3500127000254
  20
23.2999872999746
  10
39.350012700025395
  20
31.800012700025402
  0
LWPOLYLINE
  5
1114
  100
AcDbEntity
  8
Top Silkscreen Layer
  100
AcDbPolyline
  90
2
  70
0
  43
0.2
  10
39.350012700025395
  20
31.800012700025402
  10
30.849987299974597
  20
31.800012700025405
  0
LWPOLYLINE
  5
1115
  100
AcDbEntity
  8
Top Silkscreen Layer
  100
AcDbPolyline
  90
2
  70
0
  43
0.2
  10
30.849987299974597
  20
31.800012700025405
  10
30.849987299974593
  20
23.299987299974603
  0
LWPOLYLINE
  5
1116
  100
AcDbEntity
  8
Top Silkscreen Layer
  100
AcDbPolyline
  90
2
  70
0
  43
0.2
  10
30.849987299974593
  20
23.299987299974603
  10
39.3500127000254
  20
23.2999872999746
  0
LWPOLYLINE
  5
1117
  100
AcDbEntity
  8
Top Silkscreen Layer
  100
AcDbPolyline
  90
2
  70
0
  43
0.6000000000000001
  10
38.399466598933195
  20
30.5751460502921
  42
236.26984491454044
  10
38.39438658877317
  20
30.5751460502921
  0
LWPOLYLINE
  5
1118
  100
AcDbEntity
  8
Top Silkscreen Layer
  100
AcDbPolyline
  90
2
  70
0
  43
0.30000000000000004
  10
39.461264922529836
  20
33.03999237998477
  42
236.26984491454044
  10
39.45872491744983
  20
33.03999237998477
  0
LWPOLYLINE
  5
1119
  100
AcDbEntity
  8
Top Silkscreen Layer
  100
AcDbPolyline
  90
4
  70
1
  43
0.005080010160020321
  10
39.23119126238252
  20
32.550000000000004
  10
39.23121666243332
  20
32.550000000000004
  10
40.099999999999994
  20
31.68121666243333
  10
40.099999999999994
  20
32.550000000000004
  0
HATCH
  5
1120
  100
AcDbEntity
  8
Top Silkscreen Layer
  100
AcDbHatch
  10
0
  20
0
  30
0
  210
0
  220
0
  230
1
  2
SOLID
  70
1
  71
0
  91
1
  92
7
  72
0
  73
1
  93
4
  10
39.23119126238252
  20
32.550000000000004
  10
39.23121666243332
  20
32.550000000000004
  10
40.099999999999994
  20
31.68121666243333
  10
40.099999999999994
  20
32.550000000000004
  97
1
  330
1119
  75
0
  76
1
  47
0.4128176842155181
  98
1
  10
34.90568961886538
  20
22.81183545379326
  450
0
  451
0
  460
0
  461
0
  452
1
  462
1
  453
2
  463
0
  63
5
  421
255
  463
1
  63
7
  421
16777215
  470
LINEAR
  1001
ACAD
  1010
0
  1020
0
  1030
0
  0
LWPOLYLINE
  5
1121
  100
AcDbEntity
  8
Top Silkscreen Layer
  100
AcDbPolyline
  90
2
  70
0
  43
0.12000000000000002
  10
26.864998729997467
  20
14.614996189992382
  10
26.864998729997467
  20
17.58500381000762
  0
LWPOLYLINE
  5
1122
  100
AcDbEntity
  8
Top Silkscreen Layer
  100
AcDbPolyline
  90
2
  70
0
  43
0.12000000000000002
  10
26.864998729997467
  20
17.58500381000762
  10
28.335001270002543
  20
17.58500381000762
  0
LWPOLYLINE
  5
1123
  100
AcDbEntity
  8
Top Silkscreen Layer
  100
AcDbPolyline
  90
2
  70
0
  43
0.12000000000000002
  10
28.335001270002543
  20
14.614996189992382
  10
28.335001270002543
  20
17.58500381000762
  0
LWPOLYLINE
  5
1124
  100
AcDbEntity
  8
Top Silkscreen Layer
  100
AcDbPolyline
  90
2
  70
0
  43
0.12000000000000002
  10
26.864998729997467
  20
14.614996189992382
  10
28.335001270002543
  20
14.614996189992382
  0
LWPOLYLINE
  5
1125
  100
AcDbEntity
  8
Top Silkscreen Layer
  100
AcDbPolyline
  90
2
  70
0
  43
0.11938023876047754
  10
29.835001270002543
  20
17.58500381000762
  10
29.835001270002543
  20
16.430000000000003
  0
LWPOLYLINE
  5
1126
  100
AcDbEntity
  8
Top Silkscreen Layer
  100
AcDbPolyline
  90
2
  70
0
  43
0.11938023876047754
  10
29.835001270002543
  20
17.58500381000762
  10
28.364998729997463
  20
17.58500381000762
  0
LWPOLYLINE
  5
1127
  100
AcDbEntity
  8
Top Silkscreen Layer
  100
AcDbPolyline
  90
2
  70
0
  43
0.11938023876047754
  10
28.364998729997463
  20
17.58500381000762
  10
28.364998729997463
  20
16.430000000000003
  0
LWPOLYLINE
  5
1128
  100
AcDbEntity
  8
Top Silkscreen Layer
  100
AcDbPolyline
  90
2
  70
0
  43
0.11938023876047754
  10
29.835001270002543
  20
14.614996189992382
  10
29.835001270002543
  20
15.770000000000001
  0
LWPOLYLINE
  5
1129
  100
AcDbEntity
  8
Top Silkscreen Layer
  100
AcDbPolyline
  90
2
  70
0
  43
0.11938023876047754
  10
28.364998729997463
  20
14.614996189992382
  10
28.364998729997463
  20
15.770000000000001
  0
LWPOLYLINE
  5
1130
  100
AcDbEntity
  8
Top Silkscreen Layer
  100
AcDbPolyline
  90
2
  70
0
  43
0.11938023876047754
  10
29.835001270002543
  20
14.614996189992382
  10
28.364998729997463
  20
14.614996189992382
  0
LWPOLYLINE
  5
1131
  100
AcDbEntity
  8
Top Silkscreen Layer
  100
AcDbPolyline
  90
2
  70
0
  43
0.11938023876047754
  10
34.33500127000255
  20
17.58500381000762
  10
34.33500127000255
  20
16.430000000000003
  0
LWPOLYLINE
  5
1132
  100
AcDbEntity
  8
Top Silkscreen Layer
  100
AcDbPolyline
  90
2
  70
0
  43
0.11938023876047754
  10
34.33500127000255
  20
17.58500381000762
  10
32.864998729997474
  20
17.58500381000762
  0
LWPOLYLINE
  5
1133
  100
AcDbEntity
  8
Top Silkscreen Layer
  100
AcDbPolyline
  90
2
  70
0
  43
0.11938023876047754
  10
32.864998729997474
  20
17.58500381000762
  10
32.864998729997474
  20
16.430000000000003
  0
LWPOLYLINE
  5
1134
  100
AcDbEntity
  8
Top Silkscreen Layer
  100
AcDbPolyline
  90
2
  70
0
  43
0.11938023876047754
  10
34.33500127000255
  20
14.614996189992382
  10
34.33500127000255
  20
15.770000000000001
  0
LWPOLYLINE
  5
1135
  100
AcDbEntity
  8
Top Silkscreen Layer
  100
AcDbPolyline
  90
2
  70
0
  43
0.11938023876047754
  10
32.864998729997474
  20
14.614996189992382
  10
32.864998729997474
  20
15.770000000000001
  0
LWPOLYLINE
  5
1136
  100
AcDbEntity
  8
Top Silkscreen Layer
  100
AcDbPolyline
  90
2
  70
0
  43
0.11938023876047754
  10
34.33500127000255
  20
14.614996189992382
  10
32.864998729997474
  20
14.614996189992382
  0
LWPOLYLINE
  5
1137
  100
AcDbEntity
  8
Top Silkscreen Layer
  100
AcDbPolyline
  90
2
  70
0
  43
0.12000000000000002
  10
39.22799847599696
  20
17.577998475996953
  10
36.95799593599188
  20
17.577998475996953
  0
LWPOLYLINE
  5
1138
  100
AcDbEntity
  8
Top Silkscreen Layer
  100
AcDbPolyline
  90
2
  70
0
  43
0.12000000000000002
  10
39.22799847599696
  20
13.007990855981713
  10
36.95799593599188
  20
13.007990855981713
  0
LWPOLYLINE
  5
1139
  100
AcDbEntity
  8
Top Silkscreen Layer
  100
AcDbPolyline
  90
2
  70
0
  43
0.12000000000000002
  10
39.22799847599696
  20
17.577998475996953
  10
39.22799847599696
  20
15.800000000000002
  0
LWPOLYLINE
  5
1140
  100
AcDbEntity
  8
Top Silkscreen Layer
  100
AcDbPolyline
  90
2
  70
0
  43
0.12000000000000002
  10
39.24300228600458
  20
14.791996443992891
  10
39.24300228600458
  20
13.013997967995937
  0
LWPOLYLINE
  5
1141
  100
AcDbEntity
  8
Top Silkscreen Layer
  100
AcDbPolyline
  90
2
  70
0
  43
0.12000000000000002
  10
36.956997713995435
  20
17.586002032004064
  10
36.956997713995435
  20
15.808003556007113
  0
LWPOLYLINE
  5
1142
  100
AcDbEntity
  8
Top Silkscreen Layer
  100
AcDbPolyline
  90
2
  70
0
  43
0.12000000000000002
  10
36.956997713995435
  20
14.79199644399289
  10
36.956997713995435
  20
13.013997967995937
  0
LWPOLYLINE
  5
1143
  100
AcDbEntity
  8
Top Silkscreen Layer
  100
AcDbPolyline
  90
2
  70
0
  43
0.12000000000000002
  10
36.77799847599696
  20
17.577998475996953
  10
34.50799593599188
  20
17.577998475996953
  0
LWPOLYLINE
  5
1144
  100
AcDbEntity
  8
Top Silkscreen Layer
  100
AcDbPolyline
  90
2
  70
0
  43
0.12000000000000002
  10
36.77799847599696
  20
13.007990855981713
  10
34.50799593599188
  20
13.007990855981713
  0
LWPOLYLINE
  5
1145
  100
AcDbEntity
  8
Top Silkscreen Layer
  100
AcDbPolyline
  90
2
  70
0
  43
0.12000000000000002
  10
36.77799847599696
  20
17.577998475996953
  10
36.77799847599696
  20
15.800000000000002
  0
LWPOLYLINE
  5
1146
  100
AcDbEntity
  8
Top Silkscreen Layer
  100
AcDbPolyline
  90
2
  70
0
  43
0.12000000000000002
  10
36.79300228600458
  20
14.791996443992891
  10
36.79300228600458
  20
13.013997967995937
  0
LWPOLYLINE
  5
1147
  100
AcDbEntity
  8
Top Silkscreen Layer
  100
AcDbPolyline
  90
2
  70
0
  43
0.12000000000000002
  10
34.50699771399543
  20
17.586002032004068
  10
34.50699771399543
  20
15.808003556007113
  0
LWPOLYLINE
  5
1148
  100
AcDbEntity
  8
Top Silkscreen Layer
  100
AcDbPolyline
  90
2
  70
0
  43
0.12000000000000002
  10
34.50699771399543
  20
14.79199644399289
  10
34.50699771399543
  20
13.013997967995937
  0
LWPOLYLINE
  5
1149
  100
AcDbEntity
  8
Top Silkscreen Layer
  100
AcDbPolyline
  90
2
  70
0
  43
0.25400050800101603
  10
60.580007620015245
  20
33.251968503937015
  10
69.72402590805183
  20
33.251968503937015
  0
LWPOLYLINE
  5
1150
  100
AcDbEntity
  8
Top Silkscreen Layer
  100
AcDbPolyline
  90
2
  70
0
  43
0.25400050800101603
  10
60.58000762001524
  20
64.748031496063
  10
69.72402590805183
  20
64.748031496063
  0
LWPOLYLINE
  5
1151
  100
AcDbEntity
  8
Top Silkscreen Layer
  100
AcDbPolyline
  90
2
  70
0
  43
0.25400050800101603
  10
60.58000762001524
  20
64.748031496063
  10
60.58000762001524
  20
62.72778765557532
  0
LWPOLYLINE
  5
1152
  100
AcDbEntity
  8
Top Silkscreen Layer
  100
AcDbPolyline
  90
2
  70
0
  43
0.25400050800101603
  10
60.58000762001524
  20
61.94226568453138
  10
60.580007620015245
  20
58.917780035560085
  0
LWPOLYLINE
  5
1153
  100
AcDbEntity
  8
Top Silkscreen Layer
  100
AcDbPolyline
  90
2
  70
0
  43
0.25400050800101603
  10
60.580007620015245
  20
58.13225806451614
  10
60.580007620015245
  20
55.107772415544844
  0
LWPOLYLINE
  5
1154
  100
AcDbEntity
  8
Top Silkscreen Layer
  100
AcDbPolyline
  90
2
  70
0
  43
0.25400050800101603
  10
60.580007620015245
  20
54.322250444500895
  10
60.580007620015245
  20
51.2977647955296
  0
LWPOLYLINE
  5
1155
  100
AcDbEntity
  8
Top Silkscreen Layer
  100
AcDbPolyline
  90
2
  70
0
  43
0.25400050800101603
  10
60.580007620015245
  20
50.51224282448566
  10
60.580007620015245
  20
47.48775717551436
  0
LWPOLYLINE
  5
1156
  100
AcDbEntity
  8
Top Silkscreen Layer
  100
AcDbPolyline
  90
2
  70
0
  43
0.25400050800101603
  10
60.580007620015245
  20
46.70223520447042
  10
60.580007620015245
  20
43.67774955549912
  0
LWPOLYLINE
  5
1157
  100
AcDbEntity
  8
Top Silkscreen Layer
  100
AcDbPolyline
  90
2
  70
0
  43
0.25400050800101603
  10
60.580007620015245
  20
42.89222758445518
  10
60.580007620015245
  20
39.86774193548388
  0
LWPOLYLINE
  5
1158
  100
AcDbEntity
  8
Top Silkscreen Layer
  100
AcDbPolyline
  90
2
  70
0
  43
0.25400050800101603
  10
60.580007620015245
  20
39.082219964439936
  10
60.580007620015245
  20
36.057734315468636
  0
LWPOLYLINE
  5
1159
  100
AcDbEntity
  8
Top Silkscreen Layer
  100
AcDbPolyline
  90
2
  70
0
  43
0.25400050800101603
  10
60.580007620015245
  20
35.272212344424695
  10
60.580007620015245
  20
33.251968503937015
  0
LWPOLYLINE
  5
1160
  100
AcDbEntity
  8
Top Silkscreen Layer
  100
AcDbPolyline
  90
2
  70
0
  43
0.25400050800101603
  10
69.72402590805183
  20
33.251968503937015
  10
69.72402590805183
  20
64.748031496063
  0
LWPOLYLINE
  5
1161
  100
AcDbEntity
  8
Top Silkscreen Layer
  100
AcDbPolyline
  90
2
  70
0
  43
0.25400050800101603
  10
66.96530099060199
  20
33.251968503937015
  10
66.96530099060199
  20
64.748031496063
  0
LWPOLYLINE
  5
1162
  100
AcDbEntity
  8
Top Silkscreen Layer
  100
AcDbPolyline
  90
2
  70
0
  43
0.25400050800101603
  10
60.580124460248925
  20
0.25200152400304704
  10
69.7241427482855
  20
0.25200152400304704
  0
LWPOLYLINE
  5
1163
  100
AcDbEntity
  8
Top Silkscreen Layer
  100
AcDbPolyline
  90
2
  70
0
  43
0.25400050800101603
  10
60.580124460248925
  20
31.748064516129038
  10
69.7241427482855
  20
31.748064516129038
  0
LWPOLYLINE
  5
1164
  100
AcDbEntity
  8
Top Silkscreen Layer
  100
AcDbPolyline
  90
2
  70
0
  43
0.25400050800101603
  10
60.580124460248925
  20
31.748064516129038
  10
60.580124460248925
  20
29.727820675641354
  0
LWPOLYLINE
  5
1165
  100
AcDbEntity
  8
Top Silkscreen Layer
  100
AcDbPolyline
  90
2
  70
0
  43
0.25400050800101603
  10
60.580124460248925
  20
28.942298704597412
  10
60.580124460248925
  20
25.917813055626116
  0
LWPOLYLINE
  5
1166
  100
AcDbEntity
  8
Top Silkscreen Layer
  100
AcDbPolyline
  90
2
  70
0
  43
0.25400050800101603
  10
60.580124460248925
  20
25.13229108458217
  10
60.580124460248925
  20
22.10780543561087
  0
LWPOLYLINE
  5
1167
  100
AcDbEntity
  8
Top Silkscreen Layer
  100
AcDbPolyline
  90
2
  70
0
  43
0.25400050800101603
  10
60.580124460248925
  20
21.322283464566933
  10
60.580124460248925
  20
18.297797815595633
  0
LWPOLYLINE
  5
1168
  100
AcDbEntity
  8
Top Silkscreen Layer
  100
AcDbPolyline
  90
2
  70
0
  43
0.25400050800101603
  10
60.580124460248925
  20
17.51227584455169
  10
60.580124460248925
  20
14.487790195580393
  0
LWPOLYLINE
  5
1169
  100
AcDbEntity
  8
Top Silkscreen Layer
  100
AcDbPolyline
  90
2
  70
0
  43
0.25400050800101603
  10
60.580124460248925
  20
13.702268224536452
  10
60.580124460248925
  20
10.67778257556515
  0
LWPOLYLINE
  5
1170
  100
AcDbEntity
  8
Top Silkscreen Layer
  100
AcDbPolyline
  90
2
  70
0
  43
0.25400050800101603
  10
60.580124460248925
  20
9.89226060452121
  10
60.580124460248925
  20
6.867774955549912
  0
LWPOLYLINE
  5
1171
  100
AcDbEntity
  8
Top Silkscreen Layer
  100
AcDbPolyline
  90
2
  70
0
  43
0.25400050800101603
  10
60.580124460248925
  20
6.082252984505968
  10
60.580124460248925
  20
3.057767335534671
  0
LWPOLYLINE
  5
1172
  100
AcDbEntity
  8
Top Silkscreen Layer
  100
AcDbPolyline
  90
2
  70
0
  43
0.25400050800101603
  10
60.580124460248925
  20
2.2722453644907294
  10
60.580124460248925
  20
0.25200152400304704
  0
LWPOLYLINE
  5
1173
  100
AcDbEntity
  8
Top Silkscreen Layer
  100
AcDbPolyline
  90
2
  70
0
  43
0.25400050800101603
  10
69.7241427482855
  20
0.25200152400304704
  10
69.7241427482855
  20
31.748064516129038
  0
LWPOLYLINE
  5
1174
  100
AcDbEntity
  8
Top Silkscreen Layer
  100
AcDbPolyline
  90
2
  70
0
  43
0.25400050800101603
  10
66.96541783083566
  20
0.25200152400304704
  10
66.96541783083566
  20
31.748064516129038
  0
LWPOLYLINE
  5
1175
  100
AcDbEntity
  8
Top Silkscreen Layer
  100
AcDbPolyline
  90
2
  70
0
  43
0.25400050800101603
  10
31.53999237998476
  20
44.92999745999492
  10
31.53999237998476
  20
47.47000254000508
  0
LWPOLYLINE
  5
1176
  100
AcDbEntity
  8
Top Silkscreen Layer
  100
AcDbPolyline
  90
2
  70
0
  43
0.25400050800101603
  10
34.10399796799594
  20
47.47000254000508
  10
34.10399796799594
  20
44.92999745999492
  0
LWPOLYLINE
  5
1177
  100
AcDbEntity
  8
Top Silkscreen Layer
  100
AcDbPolyline
  90
2
  70
0
  43
0.25400050800101603
  10
31.53999237998476
  20
44.92999745999492
  10
39.16000762001524
  20
44.92999745999492
  0
LWPOLYLINE
  5
1178
  100
AcDbEntity
  8
Top Silkscreen Layer
  100
AcDbPolyline
  90
2
  70
0
  43
0.25400050800101603
  10
31.53999237998476
  20
47.47000254000508
  10
39.16000762001524
  20
47.47000254000508
  0
LWPOLYLINE
  5
1179
  100
AcDbEntity
  8
Top Silkscreen Layer
  100
AcDbPolyline
  90
2
  70
0
  43
0.25400050800101603
  10
39.16000762001524
  20
47.47000254000508
  10
39.16000762001524
  20
44.92999745999492
  0
LWPOLYLINE
  5
1180
  100
AcDbEntity
  8
Top Silkscreen Layer
  100
AcDbPolyline
  90
2
  70
0
  43
0.12000000000000002
  10
5.049994919989841
  20
52.38004064008128
  10
5.049994919989841
  20
11.67995935991872
  0
LWPOLYLINE
  5
1181
  100
AcDbEntity
  8
Top Silkscreen Layer
  100
AcDbPolyline
  90
2
  70
0
  43
0.12000000000000002
  10
5.049994919989841
  20
47.24003048006096
  10
10.250005080010162
  20
47.24003048006096
  0
LWPOLYLINE
  5
1182
  100
AcDbEntity
  8
Top Silkscreen Layer
  100
AcDbPolyline
  90
2
  70
0
  43
0.12000000000000002
  10
5.049994919989841
  20
29.459994919989843
  10
10.250005080010162
  20
29.459994919989843
  0
LWPOLYLINE
  5
1183
  100
AcDbEntity
  8
Top Silkscreen Layer
  100
AcDbPolyline
  90
2
  70
0
  43
0.12000000000000002
  10
5.049994919989841
  20
49.78003556007112
  10
10.250005080010162
  20
49.78003556007112
  0
LWPOLYLINE
  5
1184
  100
AcDbEntity
  8
Top Silkscreen Layer
  100
AcDbPolyline
  90
2
  70
0
  43
0.12000000000000002
  10
5.049994919989841
  20
39.62001524003048
  10
10.250005080010162
  20
39.62001524003048
  0
LWPOLYLINE
  5
1185
  100
AcDbEntity
  8
Top Silkscreen Layer
  100
AcDbPolyline
  90
2
  70
0
  43
0.12000000000000002
  10
5.049994919989841
  20
37.08001016002032
  10
10.250005080010162
  20
37.08001016002032
  0
LWPOLYLINE
  5
1186
  100
AcDbEntity
  8
Top Silkscreen Layer
  100
AcDbPolyline
  90
2
  70
0
  43
0.12000000000000002
  10
5.049994919989841
  20
34.54000508001016
  10
10.250005080010162
  20
34.54000508001016
  0
LWPOLYLINE
  5
1187
  100
AcDbEntity
  8
Top Silkscreen Layer
  100
AcDbPolyline
  90
2
  70
0
  43
0.12000000000000002
  10
7.650000000000001
  20
52.38004064008128
  10
7.650000000000001
  20
11.67995935991872
  0
LWPOLYLINE
  5
1188
  100
AcDbEntity
  8
Top Silkscreen Layer
  100
AcDbPolyline
  90
2
  70
0
  43
0.12000000000000002
  10
5.049994919989841
  20
52.38004064008128
  10
10.250005080010162
  20
52.38004064008128
  0
LWPOLYLINE
  5
1189
  100
AcDbEntity
  8
Top Silkscreen Layer
  100
AcDbPolyline
  90
2
  70
0
  43
0.12000000000000002
  10
5.049994919989841
  20
44.7000254000508
  10
10.250005080010162
  20
44.7000254000508
  0
LWPOLYLINE
  5
1190
  100
AcDbEntity
  8
Top Silkscreen Layer
  100
AcDbPolyline
  90
2
  70
0
  43
0.12000000000000002
  10
5.049994919989841
  20
42.16002032004064
  10
10.250005080010162
  20
42.16002032004064
  0
LWPOLYLINE
  5
1191
  100
AcDbEntity
  8
Top Silkscreen Layer
  100
AcDbPolyline
  90
2
  70
0
  43
0.12000000000000002
  10
5.049994919989841
  20
11.67995935991872
  10
10.250005080010162
  20
11.67995935991872
  0
LWPOLYLINE
  5
1192
  100
AcDbEntity
  8
Top Silkscreen Layer
  100
AcDbPolyline
  90
2
  70
0
  43
0.12000000000000002
  10
5.049994919989841
  20
32
  10
10.250005080010162
  20
32
  0
LWPOLYLINE
  5
1193
  100
AcDbEntity
  8
Top Silkscreen Layer
  100
AcDbPolyline
  90
2
  70
0
  43
0.12000000000000002
  10
10.250005080010162
  20
52.38004064008128
  10
10.250005080010162
  20
11.67995935991872
  0
LWPOLYLINE
  5
1194
  100
AcDbEntity
  8
Top Silkscreen Layer
  100
AcDbPolyline
  90
2
  70
0
  43
0.12000000000000002
  10
5.049994919989841
  20
26.91998983997968
  10
10.250005080010162
  20
26.91998983997968
  0
LWPOLYLINE
  5
1195
  100
AcDbEntity
  8
Top Silkscreen Layer
  100
AcDbPolyline
  90
2
  70
0
  43
0.12000000000000002
  10
5.049994919989841
  20
24.37998475996952
  10
10.250005080010162
  20
24.37998475996952
  0
LWPOLYLINE
  5
1196
  100
AcDbEntity
  8
Top Silkscreen Layer
  100
AcDbPolyline
  90
2
  70
0
  43
0.12000000000000002
  10
5.049994919989841
  20
21.839979679959363
  10
10.250005080010162
  20
21.839979679959363
  0
LWPOLYLINE
  5
1197
  100
AcDbEntity
  8
Top Silkscreen Layer
  100
AcDbPolyline
  90
2
  70
0
  43
0.12000000000000002
  10
5.049994919989841
  20
19.299974599949202
  10
10.250005080010162
  20
19.299974599949202
  0
LWPOLYLINE
  5
1198
  100
AcDbEntity
  8
Top Silkscreen Layer
  100
AcDbPolyline
  90
2
  70
0
  43
0.12000000000000002
  10
5.049994919989841
  20
16.75996951993904
  10
10.250005080010162
  20
16.75996951993904
  0
LWPOLYLINE
  5
1199
  100
AcDbEntity
  8
Top Silkscreen Layer
  100
AcDbPolyline
  90
2
  70
0
  43
0.12000000000000002
  10
5.049994919989841
  20
14.21996443992888
  10
10.250005080010162
  20
14.21996443992888
  0
LWPOLYLINE
  5
1200
  100
AcDbEntity
  8
Top Silkscreen Layer
  100
AcDbPolyline
  90
3
  70
1
  43
0.005080010160020321
  10
5.049994919989841
  20
52.38004064008128
  10
5.049994919989841
  20
51.800040640081285
  10
5.629994919989841
  20
52.38004064008128
  0
HATCH
  5
1201
  100
AcDbEntity
  8
Top Silkscreen Layer
  100
AcDbHatch
  10
0
  20
0
  30
0
  210
0
  220
0
  230
1
  2
SOLID
  70
1
  71
0
  91
1
  92
7
  72
0
  73
1
  93
3
  10
5.049994919989841
  20
52.38004064008128
  10
5.049994919989841
  20
51.800040640081285
  10
5.629994919989841
  20
52.38004064008128
  97
1
  330
1200
  75
0
  76
1
  47
0.4128176842155181
  98
1
  10
34.90568961886538
  20
22.81183545379326
  450
0
  451
0
  460
0
  461
0
  452
1
  462
1
  453
2
  463
0
  63
5
  421
255
  463
1
  63
7
  421
16777215
  470
LINEAR
  1001
ACAD
  1010
0
  1020
0
  1030
0
  0
LWPOLYLINE
  5
1202
  100
AcDbEntity
  8
Top Silkscreen Layer
  100
AcDbPolyline
  90
2
  70
0
  43
0.25400050800101603
  10
8.133807467614938
  20
60.60000000000001
  10
8.794208788417578
  20
60.60000000000001
  0
LWPOLYLINE
  5
1203
  100
AcDbEntity
  8
Top Silkscreen Layer
  100
AcDbPolyline
  90
2
  70
0
  43
0.25400050800101603
  10
4.4
  20
64.33380746761495
  10
4.4
  20
64.9942087884176
  0
LWPOLYLINE
  5
1204
  100
AcDbEntity
  8
Top Silkscreen Layer
  100
AcDbPolyline
  90
2
  70
0
  43
0.25400050800101603
  10
4.4
  20
56.20579121158243
  10
4.4
  20
56.86619253238508
  0
LWPOLYLINE
  5
1205
  100
AcDbEntity
  8
Top Silkscreen Layer
  100
AcDbPolyline
  90
2
  70
0
  43
0.25400050800101603
  10
-0.019608839217677858
  20
60.60000000000001
  10
0.6407924815849633
  20
60.60000000000001
  0
LWPOLYLINE
  5
1206
  100
AcDbEntity
  8
Top Silkscreen Layer
  100
AcDbPolyline
  90
2
  70
0
  43
0.25400050800101603
  10
8.133807467614938
  20
4.4
  10
8.794208788417578
  20
4.4
  0
LWPOLYLINE
  5
1207
  100
AcDbEntity
  8
Top Silkscreen Layer
  100
AcDbPolyline
  90
2
  70
0
  43
0.25400050800101603
  10
4.4
  20
8.133807467614938
  10
4.4
  20
8.794208788417578
  0
LWPOLYLINE
  5
1208
  100
AcDbEntity
  8
Top Silkscreen Layer
  100
AcDbPolyline
  90
2
  70
0
  43
0.25400050800101603
  10
4.4
  20
0.005791211582423204
  10
4.4
  20
0.6661925323850653
  0
LWPOLYLINE
  5
1209
  100
AcDbEntity
  8
Top Silkscreen Layer
  100
AcDbPolyline
  90
2
  70
0
  43
0.25400050800101603
  10
-0.019608839217677858
  20
4.4
  10
0.6407924815849633
  20
4.4
  0
LWPOLYLINE
  5
1210
  100
AcDbEntity
  8
Top Silkscreen Layer
  100
AcDbPolyline
  90
2
  70
0
  43
0.25400050800101603
  10
55.133911507823015
  20
4.4
  10
55.794312828625664
  20
4.4
  0
LWPOLYLINE
  5
1211
  100
AcDbEntity
  8
Top Silkscreen Layer
  100
AcDbPolyline
  90
2
  70
0
  43
0.25400050800101603
  10
51.40010404020808
  20
8.133807467614938
  10
51.40010404020808
  20
8.794208788417578
  0
LWPOLYLINE
  5
1212
  100
AcDbEntity
  8
Top Silkscreen Layer
  100
AcDbPolyline
  90
2
  70
0
  43
0.25400050800101603
  10
51.40010404020808
  20
0.005791211582423204
  10
51.40010404020808
  20
0.6661925323850653
  0
LWPOLYLINE
  5
1213
  100
AcDbEntity
  8
Top Silkscreen Layer
  100
AcDbPolyline
  90
2
  70
0
  43
0.25400050800101603
  10
46.9804952009904
  20
4.4
  10
47.64089652179304
  20
4.4
  0
LWPOLYLINE
  5
1214
  100
AcDbEntity
  8
Top Silkscreen Layer
  100
AcDbPolyline
  90
2
  70
0
  43
0.25400050800101603
  10
55.13381752763506
  20
60.60000000000001
  10
55.79421884843771
  20
60.60000000000001
  0
LWPOLYLINE
  5
1215
  100
AcDbEntity
  8
Top Silkscreen Layer
  100
AcDbPolyline
  90
2
  70
0
  43
0.25400050800101603
  10
51.40001006002013
  20
64.33380746761495
  10
51.40001006002013
  20
64.9942087884176
  0
LWPOLYLINE
  5
1216
  100
AcDbEntity
  8
Top Silkscreen Layer
  100
AcDbPolyline
  90
2
  70
0
  43
0.25400050800101603
  10
51.40001006002013
  20
56.20579121158243
  10
51.40001006002013
  20
56.86619253238508
  0
LWPOLYLINE
  5
1217
  100
AcDbEntity
  8
Top Silkscreen Layer
  100
AcDbPolyline
  90
2
  70
0
  43
0.25400050800101603
  10
46.98040122080245
  20
60.60000000000001
  10
47.64080254160508
  20
60.60000000000001
  0
LWPOLYLINE
  5
1218
  100
AcDbEntity
  8
Top Silkscreen Layer
  100
AcDbPolyline
  90
2
  70
0
  43
0.12000000000000002
  10
23.660048260096524
  20
47.21009652019305
  10
20.74004318008636
  20
47.21009652019305
  0
LWPOLYLINE
  5
1219
  100
AcDbEntity
  8
Top Silkscreen Layer
  100
AcDbPolyline
  90
2
  70
0
  43
0.2
  10
22.200045720091442
  20
46.89009652019305
  10
22.200045720091442
  20
46.510096520193045
  0
LWPOLYLINE
  5
1220
  100
AcDbEntity
  8
Top Silkscreen Layer
  100
AcDbPolyline
  90
2
  70
0
  43
0.2
  10
22.200045720091442
  20
46.090093980187966
  10
22.200045720091442
  20
45.71009398018797
  0
LWPOLYLINE
  5
1221
  100
AcDbEntity
  8
Top Silkscreen Layer
  100
AcDbPolyline
  90
2
  70
0
  43
0.12000000000000002
  10
22.200045720091442
  20
47.21009652019305
  10
22.200045720091442
  20
43.790091440182884
  0
LWPOLYLINE
  5
1222
  100
AcDbEntity
  8
Top Silkscreen Layer
  100
AcDbPolyline
  90
2
  70
0
  43
0.12000000000000002
  10
23.660048260096524
  20
47.21009652019305
  10
23.660048260096524
  20
43.790091440182884
  0
LWPOLYLINE
  5
1223
  100
AcDbEntity
  8
Top Silkscreen Layer
  100
AcDbPolyline
  90
2
  70
0
  43
0.12000000000000002
  10
20.74004318008636
  20
47.21009652019305
  10
20.74004318008636
  20
43.790091440182884
  0
LWPOLYLINE
  5
1224
  100
AcDbEntity
  8
Top Silkscreen Layer
  100
AcDbPolyline
  90
2
  70
0
  43
0.2
  10
22.200045720091442
  20
45.29009398018796
  10
22.200045720091442
  20
44.910093980187966
  0
LWPOLYLINE
  5
1225
  100
AcDbEntity
  8
Top Silkscreen Layer
  100
AcDbPolyline
  90
2
  70
0
  43
0.2
  10
22.200045720091442
  20
44.490093980187964
  10
22.200045720091442
  20
44.11009398018797
  0
LWPOLYLINE
  5
1226
  100
AcDbEntity
  8
Top Silkscreen Layer
  100
AcDbPolyline
  90
2
  70
0
  43
0.12000000000000002
  10
23.660048260096524
  20
43.790091440182884
  10
20.74004318008636
  20
43.790091440182884
  0
LWPOLYLINE
  5
1227
  100
AcDbEntity
  8
Top Silkscreen Layer
  100
AcDbPolyline
  90
2
  70
0
  43
0.12000000000000002
  10
16.690033020066046
  20
43.790091440182884
  10
19.610038100076206
  20
43.790091440182884
  0
LWPOLYLINE
  5
1228
  100
AcDbEntity
  8
Top Silkscreen Layer
  100
AcDbPolyline
  90
2
  70
0
  43
0.2
  10
18.150035560071125
  20
44.110091440182885
  10
18.150035560071125
  20
44.49009144018289
  0
LWPOLYLINE
  5
1229
  100
AcDbEntity
  8
Top Silkscreen Layer
  100
AcDbPolyline
  90
2
  70
0
  43
0.2
  10
18.150035560071125
  20
44.910093980187966
  10
18.150035560071125
  20
45.29009398018796
  0
LWPOLYLINE
  5
1230
  100
AcDbEntity
  8
Top Silkscreen Layer
  100
AcDbPolyline
  90
2
  70
0
  43
0.12000000000000002
  10
18.150035560071125
  20
43.790091440182884
  10
18.150035560071125
  20
47.21009652019305
  0
LWPOLYLINE
  5
1231
  100
AcDbEntity
  8
Top Silkscreen Layer
  100
AcDbPolyline
  90
2
  70
0
  43
0.12000000000000002
  10
16.690033020066046
  20
43.790091440182884
  10
16.690033020066046
  20
47.21009652019305
  0
LWPOLYLINE
  5
1232
  100
AcDbEntity
  8
Top Silkscreen Layer
  100
AcDbPolyline
  90
2
  70
0
  43
0.12000000000000002
  10
19.610038100076206
  20
43.790091440182884
  10
19.610038100076206
  20
47.21009652019305
  0
LWPOLYLINE
  5
1233
  100
AcDbEntity
  8
Top Silkscreen Layer
  100
AcDbPolyline
  90
2
  70
0
  43
0.2
  10
18.150035560071125
  20
45.71009398018797
  10
18.150035560071125
  20
46.090093980187966
  0
LWPOLYLINE
  5
1234
  100
AcDbEntity
  8
Top Silkscreen Layer
  100
AcDbPolyline
  90
2
  70
0
  43
0.2
  10
18.150035560071125
  20
46.51009398018797
  10
18.150035560071125
  20
46.89009398018797
  0
LWPOLYLINE
  5
1235
  100
AcDbEntity
  8
Top Silkscreen Layer
  100
AcDbPolyline
  90
2
  70
0
  43
0.12000000000000002
  10
16.690033020066046
  20
47.21009652019305
  10
19.610038100076206
  20
47.21009652019305
  0
LWPOLYLINE
  5
1236
  100
AcDbEntity
  8
Top Silkscreen Layer
  100
AcDbPolyline
  90
2
  70
0
  43
0.12000000000000002
  10
23.660048260096524
  20
41.860083820167645
  10
20.74004318008636
  20
41.860083820167645
  0
LWPOLYLINE
  5
1237
  100
AcDbEntity
  8
Top Silkscreen Layer
  100
AcDbPolyline
  90
2
  70
0
  43
0.2
  10
22.200045720091442
  20
41.540083820167645
  10
22.200045720091442
  20
41.16008382016764
  0
LWPOLYLINE
  5
1238
  100
AcDbEntity
  8
Top Silkscreen Layer
  100
AcDbPolyline
  90
2
  70
0
  43
0.2
  10
22.200045720091442
  20
40.74008128016256
  10
22.200045720091442
  20
40.36008128016256
  0
LWPOLYLINE
  5
1239
  100
AcDbEntity
  8
Top Silkscreen Layer
  100
AcDbPolyline
  90
2
  70
0
  43
0.12000000000000002
  10
22.200045720091442
  20
41.860083820167645
  10
22.200045720091442
  20
38.44007874015748
  0
LWPOLYLINE
  5
1240
  100
AcDbEntity
  8
Top Silkscreen Layer
  100
AcDbPolyline
  90
2
  70
0
  43
0.12000000000000002
  10
23.660048260096524
  20
41.860083820167645
  10
23.660048260096524
  20
38.44007874015748
  0
LWPOLYLINE
  5
1241
  100
AcDbEntity
  8
Top Silkscreen Layer
  100
AcDbPolyline
  90
2
  70
0
  43
0.12000000000000002
  10
20.74004318008636
  20
41.860083820167645
  10
20.74004318008636
  20
38.44007874015748
  0
LWPOLYLINE
  5
1242
  100
AcDbEntity
  8
Top Silkscreen Layer
  100
AcDbPolyline
  90
2
  70
0
  43
0.2
  10
22.200045720091442
  20
39.94008128016256
  10
22.200045720091442
  20
39.56008128016256
  0
LWPOLYLINE
  5
1243
  100
AcDbEntity
  8
Top Silkscreen Layer
  100
AcDbPolyline
  90
2
  70
0
  43
0.2
  10
22.200045720091442
  20
39.14008128016256
  10
22.200045720091442
  20
38.76008128016256
  0
LWPOLYLINE
  5
1244
  100
AcDbEntity
  8
Top Silkscreen Layer
  100
AcDbPolyline
  90
2
  70
0
  43
0.12000000000000002
  10
23.660048260096524
  20
38.44007874015748
  10
20.74004318008636
  20
38.44007874015748
  0
LWPOLYLINE
  5
1245
  100
AcDbEntity
  8
Top Silkscreen Layer
  100
AcDbPolyline
  90
2
  70
0
  43
0.12000000000000002
  10
16.689997459994924
  20
38.44007874015748
  10
19.610002540005084
  20
38.44007874015748
  0
LWPOLYLINE
  5
1246
  100
AcDbEntity
  8
Top Silkscreen Layer
  100
AcDbPolyline
  90
2
  70
0
  43
0.2
  10
18.150000000000006
  20
38.76007874015748
  10
18.150000000000006
  20
39.14007874015748
  0
LWPOLYLINE
  5
1247
  100
AcDbEntity
  8
Top Silkscreen Layer
  100
AcDbPolyline
  90
2
  70
0
  43
0.2
  10
18.150000000000006
  20
39.56008128016256
  10
18.150000000000006
  20
39.94008128016256
  0
LWPOLYLINE
  5
1248
  100
AcDbEntity
  8
Top Silkscreen Layer
  100
AcDbPolyline
  90
2
  70
0
  43
0.12000000000000002
  10
18.150000000000006
  20
38.44007874015748
  10
18.150000000000006
  20
41.860083820167645
  0
LWPOLYLINE
  5
1249
  100
AcDbEntity
  8
Top Silkscreen Layer
  100
AcDbPolyline
  90
2
  70
0
  43
0.12000000000000002
  10
16.689997459994924
  20
38.44007874015748
  10
16.689997459994924
  20
41.860083820167645
  0
LWPOLYLINE
  5
1250
  100
AcDbEntity
  8
Top Silkscreen Layer
  100
AcDbPolyline
  90
2
  70
0
  43
0.12000000000000002
  10
19.610002540005084
  20
38.44007874015748
  10
19.610002540005084
  20
41.860083820167645
  0
LWPOLYLINE
  5
1251
  100
AcDbEntity
  8
Top Silkscreen Layer
  100
AcDbPolyline
  90
2
  70
0
  43
0.2
  10
18.150000000000006
  20
40.36008128016256
  10
18.150000000000006
  20
40.74008128016256
  0
LWPOLYLINE
  5
1252
  100
AcDbEntity
  8
Top Silkscreen Layer
  100
AcDbPolyline
  90
2
  70
0
  43
0.2
  10
18.150000000000006
  20
41.160081280162565
  10
18.150000000000006
  20
41.54008128016256
  0
LWPOLYLINE
  5
1253
  100
AcDbEntity
  8
Top Silkscreen Layer
  100
AcDbPolyline
  90
2
  70
0
  43
0.12000000000000002
  10
16.689997459994924
  20
41.860083820167645
  10
19.610002540005084
  20
41.860083820167645
  0
LWPOLYLINE
  5
1254
  100
AcDbEntity
  8
Top Silkscreen Layer
  100
AcDbPolyline
  90
2
  70
0
  43
0.12000000000000002
  10
23.66000254000508
  20
36.51007366014733
  10
20.73999745999492
  20
36.51007366014733
  0
LWPOLYLINE
  5
1255
  100
AcDbEntity
  8
Top Silkscreen Layer
  100
AcDbPolyline
  90
2
  70
0
  43
0.2
  10
22.200000000000003
  20
36.19007366014733
  10
22.200000000000003
  20
35.810073660147324
  0
LWPOLYLINE
  5
1256
  100
AcDbEntity
  8
Top Silkscreen Layer
  100
AcDbPolyline
  90
2
  70
0
  43
0.2
  10
22.200000000000003
  20
35.390071120142245
  10
22.200000000000003
  20
35.01007112014225
  0
LWPOLYLINE
  5
1257
  100
AcDbEntity
  8
Top Silkscreen Layer
  100
AcDbPolyline
  90
2
  70
0
  43
0.12000000000000002
  10
22.200000000000003
  20
36.51007366014733
  10
22.200000000000003
  20
33.090068580137164
  0
LWPOLYLINE
  5
1258
  100
AcDbEntity
  8
Top Silkscreen Layer
  100
AcDbPolyline
  90
2
  70
0
  43
0.12000000000000002
  10
23.66000254000508
  20
36.51007366014733
  10
23.66000254000508
  20
33.090068580137164
  0
LWPOLYLINE
  5
1259
  100
AcDbEntity
  8
Top Silkscreen Layer
  100
AcDbPolyline
  90
2
  70
0
  43
0.12000000000000002
  10
20.73999745999492
  20
36.51007366014733
  10
20.73999745999492
  20
33.090068580137164
  0
LWPOLYLINE
  5
1260
  100
AcDbEntity
  8
Top Silkscreen Layer
  100
AcDbPolyline
  90
2
  70
0
  43
0.2
  10
22.200000000000003
  20
34.59007112014224
  10
22.200000000000003
  20
34.21007112014224
  0
LWPOLYLINE
  5
1261
  100
AcDbEntity
  8
Top Silkscreen Layer
  100
AcDbPolyline
  90
2
  70
0
  43
0.2
  10
22.200000000000003
  20
33.790071120142244
  10
22.200000000000003
  20
33.41007112014224
  0
LWPOLYLINE
  5
1262
  100
AcDbEntity
  8
Top Silkscreen Layer
  100
AcDbPolyline
  90
2
  70
0
  43
0.12000000000000002
  10
23.66000254000508
  20
33.090068580137164
  10
20.73999745999492
  20
33.090068580137164
  0
LWPOLYLINE
  5
1263
  100
AcDbEntity
  8
Top Silkscreen Layer
  100
AcDbPolyline
  90
2
  70
0
  43
0.12000000000000002
  10
16.689997459994924
  20
33.090068580137164
  10
19.610002540005084
  20
33.090068580137164
  0
LWPOLYLINE
  5
1264
  100
AcDbEntity
  8
Top Silkscreen Layer
  100
AcDbPolyline
  90
2
  70
0
  43
0.2
  10
18.150000000000006
  20
33.410068580137164
  10
18.150000000000006
  20
33.79006858013717
  0
LWPOLYLINE
  5
1265
  100
AcDbEntity
  8
Top Silkscreen Layer
  100
AcDbPolyline
  90
2
  70
0
  43
0.2
  10
18.150000000000006
  20
34.21007112014224
  10
18.150000000000006
  20
34.59007112014224
  0
LWPOLYLINE
  5
1266
  100
AcDbEntity
  8
Top Silkscreen Layer
  100
AcDbPolyline
  90
2
  70
0
  43
0.12000000000000002
  10
18.150000000000006
  20
33.090068580137164
  10
18.150000000000006
  20
36.51007366014733
  0
LWPOLYLINE
  5
1267
  100
AcDbEntity
  8
Top Silkscreen Layer
  100
AcDbPolyline
  90
2
  70
0
  43
0.12000000000000002
  10
16.689997459994924
  20
33.090068580137164
  10
16.689997459994924
  20
36.51007366014733
  0
LWPOLYLINE
  5
1268
  100
AcDbEntity
  8
Top Silkscreen Layer
  100
AcDbPolyline
  90
2
  70
0
  43
0.12000000000000002
  10
19.610002540005084
  20
33.090068580137164
  10
19.610002540005084
  20
36.51007366014733
  0
LWPOLYLINE
  5
1269
  100
AcDbEntity
  8
Top Silkscreen Layer
  100
AcDbPolyline
  90
2
  70
0
  43
0.2
  10
18.150000000000006
  20
35.01007112014225
  10
18.150000000000006
  20
35.390071120142245
  0
LWPOLYLINE
  5
1270
  100
AcDbEntity
  8
Top Silkscreen Layer
  100
AcDbPolyline
  90
2
  70
0
  43
0.2
  10
18.150000000000006
  20
35.81007112014225
  10
18.150000000000006
  20
36.19007112014224
  0
LWPOLYLINE
  5
1271
  100
AcDbEntity
  8
Top Silkscreen Layer
  100
AcDbPolyline
  90
2
  70
0
  43
0.12000000000000002
  10
16.689997459994924
  20
36.51007366014733
  10
19.610002540005084
  20
36.51007366014733
  0
LWPOLYLINE
  5
1272
  100
AcDbEntity
  8
Top Silkscreen Layer
  100
AcDbPolyline
  90
2
  70
0
  43
0.12000000000000002
  10
23.66000254000508
  20
31.16006350012701
  10
20.73999745999492
  20
31.16006350012701
  0
LWPOLYLINE
  5
1273
  100
AcDbEntity
  8
Top Silkscreen Layer
  100
AcDbPolyline
  90
2
  70
0
  43
0.2
  10
22.200000000000003
  20
30.84006350012701
  10
22.200000000000003
  20
30.46006350012701
  0
LWPOLYLINE
  5
1274
  100
AcDbEntity
  8
Top Silkscreen Layer
  100
AcDbPolyline
  90
2
  70
0
  43
0.2
  10
22.200000000000003
  20
30.040060960121927
  10
22.200000000000003
  20
29.66006096012193
  0
LWPOLYLINE
  5
1275
  100
AcDbEntity
  8
Top Silkscreen Layer
  100
AcDbPolyline
  90
2
  70
0
  43
0.12000000000000002
  10
22.200000000000003
  20
31.16006350012701
  10
22.200000000000003
  20
27.740058420116846
  0
LWPOLYLINE
  5
1276
  100
AcDbEntity
  8
Top Silkscreen Layer
  100
AcDbPolyline
  90
2
  70
0
  43
0.12000000000000002
  10
23.66000254000508
  20
31.16006350012701
  10
23.66000254000508
  20
27.740058420116846
  0
LWPOLYLINE
  5
1277
  100
AcDbEntity
  8
Top Silkscreen Layer
  100
AcDbPolyline
  90
2
  70
0
  43
0.12000000000000002
  10
20.73999745999492
  20
31.16006350012701
  10
20.73999745999492
  20
27.740058420116846
  0
LWPOLYLINE
  5
1278
  100
AcDbEntity
  8
Top Silkscreen Layer
  100
AcDbPolyline
  90
2
  70
0
  43
0.2
  10
22.200000000000003
  20
29.24006096012193
  10
22.200000000000003
  20
28.860060960121928
  0
LWPOLYLINE
  5
1279
  100
AcDbEntity
  8
Top Silkscreen Layer
  100
AcDbPolyline
  90
2
  70
0
  43
0.2
  10
22.200000000000003
  20
28.440060960121926
  10
22.200000000000003
  20
28.060060960121927
  0
LWPOLYLINE
  5
1280
  100
AcDbEntity
  8
Top Silkscreen Layer
  100
AcDbPolyline
  90
2
  70
0
  43
0.12000000000000002
  10
23.66000254000508
  20
27.740058420116846
  10
20.73999745999492
  20
27.740058420116846
  0
LWPOLYLINE
  5
1281
  100
AcDbEntity
  8
Top Silkscreen Layer
  100
AcDbPolyline
  90
2
  70
0
  43
0.12000000000000002
  10
16.689997459994924
  20
27.740058420116846
  10
19.610002540005084
  20
27.740058420116846
  0
LWPOLYLINE
  5
1282
  100
AcDbEntity
  8
Top Silkscreen Layer
  100
AcDbPolyline
  90
2
  70
0
  43
0.2
  10
18.150000000000006
  20
28.060058420116846
  10
18.150000000000006
  20
28.440058420116845
  0
LWPOLYLINE
  5
1283
  100
AcDbEntity
  8
Top Silkscreen Layer
  100
AcDbPolyline
  90
2
  70
0
  43
0.2
  10
18.150000000000006
  20
28.860060960121928
  10
18.150000000000006
  20
29.24006096012193
  0
LWPOLYLINE
  5
1284
  100
AcDbEntity
  8
Top Silkscreen Layer
  100
AcDbPolyline
  90
2
  70
0
  43
0.12000000000000002
  10
18.150000000000006
  20
27.740058420116846
  10
18.150000000000006
  20
31.16006350012701
  0
LWPOLYLINE
  5
1285
  100
AcDbEntity
  8
Top Silkscreen Layer
  100
AcDbPolyline
  90
2
  70
0
  43
0.12000000000000002
  10
16.689997459994924
  20
27.740058420116846
  10
16.689997459994924
  20
31.16006350012701
  0
LWPOLYLINE
  5
1286
  100
AcDbEntity
  8
Top Silkscreen Layer
  100
AcDbPolyline
  90
2
  70
0
  43
0.12000000000000002
  10
19.610002540005084
  20
27.740058420116846
  10
19.610002540005084
  20
31.16006350012701
  0
LWPOLYLINE
  5
1287
  100
AcDbEntity
  8
Top Silkscreen Layer
  100
AcDbPolyline
  90
2
  70
0
  43
0.2
  10
18.150000000000006
  20
29.66006096012193
  10
18.150000000000006
  20
30.040060960121927
  0
LWPOLYLINE
  5
1288
  100
AcDbEntity
  8
Top Silkscreen Layer
  100
AcDbPolyline
  90
2
  70
0
  43
0.2
  10
18.150000000000006
  20
30.46006096012193
  10
18.150000000000006
  20
30.840060960121928
  0
LWPOLYLINE
  5
1289
  100
AcDbEntity
  8
Top Silkscreen Layer
  100
AcDbPolyline
  90
2
  70
0
  43
0.12000000000000002
  10
16.689997459994924
  20
31.16006350012701
  10
19.610002540005084
  20
31.16006350012701
  0
LWPOLYLINE
  5
1290
  100
AcDbEntity
  8
Top Silkscreen Layer
  100
AcDbPolyline
  90
2
  70
0
  43
0.12000000000000002
  10
16.689997459994924
  20
22.390048260096524
  10
19.610002540005084
  20
22.390048260096524
  0
LWPOLYLINE
  5
1291
  100
AcDbEntity
  8
Top Silkscreen Layer
  100
AcDbPolyline
  90
2
  70
0
  43
0.2
  10
18.150000000000006
  20
22.71004826009652
  10
18.150000000000006
  20
23.090048260096523
  0
LWPOLYLINE
  5
1292
  100
AcDbEntity
  8
Top Silkscreen Layer
  100
AcDbPolyline
  90
2
  70
0
  43
0.2
  10
18.150000000000006
  20
23.510050800101606
  10
18.150000000000006
  20
23.890050800101605
  0
LWPOLYLINE
  5
1293
  100
AcDbEntity
  8
Top Silkscreen Layer
  100
AcDbPolyline
  90
2
  70
0
  43
0.12000000000000002
  10
18.150000000000006
  20
22.390048260096524
  10
18.150000000000006
  20
25.810053340106684
  0
LWPOLYLINE
  5
1294
  100
AcDbEntity
  8
Top Silkscreen Layer
  100
AcDbPolyline
  90
2
  70
0
  43
0.12000000000000002
  10
16.689997459994924
  20
22.390048260096524
  10
16.689997459994924
  20
25.810053340106684
  0
LWPOLYLINE
  5
1295
  100
AcDbEntity
  8
Top Silkscreen Layer
  100
AcDbPolyline
  90
2
  70
0
  43
0.12000000000000002
  10
19.610002540005084
  20
22.390048260096524
  10
19.610002540005084
  20
25.810053340106684
  0
LWPOLYLINE
  5
1296
  100
AcDbEntity
  8
Top Silkscreen Layer
  100
AcDbPolyline
  90
2
  70
0
  43
0.2
  10
18.150000000000006
  20
24.310050800101603
  10
18.150000000000006
  20
24.690050800101602
  0
LWPOLYLINE
  5
1297
  100
AcDbEntity
  8
Top Silkscreen Layer
  100
AcDbPolyline
  90
2
  70
0
  43
0.2
  10
18.150000000000006
  20
25.110050800101604
  10
18.150000000000006
  20
25.490050800101603
  0
LWPOLYLINE
  5
1298
  100
AcDbEntity
  8
Top Silkscreen Layer
  100
AcDbPolyline
  90
2
  70
0
  43
0.12000000000000002
  10
16.689997459994924
  20
25.810053340106684
  10
19.610002540005084
  20
25.810053340106684
  0
LWPOLYLINE
  5
1299
  100
AcDbEntity
  8
Top Silkscreen Layer
  100
AcDbPolyline
  90
2
  70
0
  43
0.12000000000000002
  10
23.660048260096524
  20
25.810053340106684
  10
20.74004318008636
  20
25.810053340106684
  0
LWPOLYLINE
  5
1300
  100
AcDbEntity
  8
Top Silkscreen Layer
  100
AcDbPolyline
  90
2
  70
0
  43
0.2
  10
22.200045720091442
  20
25.490053340106684
  10
22.200045720091442
  20
25.110053340106685
  0
LWPOLYLINE
  5
1301
  100
AcDbEntity
  8
Top Silkscreen Layer
  100
AcDbPolyline
  90
2
  70
0
  43
0.2
  10
22.200045720091442
  20
24.690050800101602
  10
22.200045720091442
  20
24.310050800101603
  0
LWPOLYLINE
  5
1302
  100
AcDbEntity
  8
Top Silkscreen Layer
  100
AcDbPolyline
  90
2
  70
0
  43
0.12000000000000002
  10
22.200045720091442
  20
25.810053340106684
  10
22.200045720091442
  20
22.390048260096524
  0
LWPOLYLINE
  5
1303
  100
AcDbEntity
  8
Top Silkscreen Layer
  100
AcDbPolyline
  90
2
  70
0
  43
0.12000000000000002
  10
23.660048260096524
  20
25.810053340106684
  10
23.660048260096524
  20
22.390048260096524
  0
LWPOLYLINE
  5
1304
  100
AcDbEntity
  8
Top Silkscreen Layer
  100
AcDbPolyline
  90
2
  70
0
  43
0.12000000000000002
  10
20.74004318008636
  20
25.810053340106684
  10
20.74004318008636
  20
22.390048260096524
  0
LWPOLYLINE
  5
1305
  100
AcDbEntity
  8
Top Silkscreen Layer
  100
AcDbPolyline
  90
2
  70
0
  43
0.2
  10
22.200045720091442
  20
23.890050800101605
  10
22.200045720091442
  20
23.510050800101606
  0
LWPOLYLINE
  5
1306
  100
AcDbEntity
  8
Top Silkscreen Layer
  100
AcDbPolyline
  90
2
  70
0
  43
0.2
  10
22.200045720091442
  20
23.090050800101604
  10
22.200045720091442
  20
22.7100508001016
  0
LWPOLYLINE
  5
1307
  100
AcDbEntity
  8
Top Silkscreen Layer
  100
AcDbPolyline
  90
2
  70
0
  43
0.12000000000000002
  10
23.660048260096524
  20
22.390048260096524
  10
20.74004318008636
  20
22.390048260096524
  0
LWPOLYLINE
  5
1308
  100
AcDbEntity
  8
Top Silkscreen Layer
  100
AcDbPolyline
  90
2
  70
0
  43
0.12000000000000002
  10
16.689997459994924
  20
17.039997459994918
  10
19.610002540005084
  20
17.039997459994918
  0
LWPOLYLINE
  5
1309
  100
AcDbEntity
  8
Top Silkscreen Layer
  100
AcDbPolyline
  90
2
  70
0
  43
0.2
  10
18.150000000000006
  20
17.35999745999492
  10
18.150000000000006
  20
17.739997459994918
  0
LWPOLYLINE
  5
1310
  100
AcDbEntity
  8
Top Silkscreen Layer
  100
AcDbPolyline
  90
2
  70
0
  43
0.2
  10
18.150000000000006
  20
18.16
  10
18.150000000000006
  20
18.540000000000003
  0
LWPOLYLINE
  5
1311
  100
AcDbEntity
  8
Top Silkscreen Layer
  100
AcDbPolyline
  90
2
  70
0
  43
0.12000000000000002
  10
18.150000000000006
  20
17.039997459994918
  10
18.150000000000006
  20
20.460002540005082
  0
LWPOLYLINE
  5
1312
  100
AcDbEntity
  8
Top Silkscreen Layer
  100
AcDbPolyline
  90
2
  70
0
  43
0.12000000000000002
  10
16.689997459994924
  20
17.039997459994918
  10
16.689997459994924
  20
20.460002540005082
  0
LWPOLYLINE
  5
1313
  100
AcDbEntity
  8
Top Silkscreen Layer
  100
AcDbPolyline
  90
2
  70
0
  43
0.12000000000000002
  10
19.610002540005084
  20
17.039997459994918
  10
19.610002540005084
  20
20.460002540005082
  0
LWPOLYLINE
  5
1314
  100
AcDbEntity
  8
Top Silkscreen Layer
  100
AcDbPolyline
  90
2
  70
0
  43
0.2
  10
18.150000000000006
  20
18.96
  10
18.150000000000006
  20
19.34
  0
LWPOLYLINE
  5
1315
  100
AcDbEntity
  8
Top Silkscreen Layer
  100
AcDbPolyline
  90
2
  70
0
  43
0.2
  10
18.150000000000006
  20
19.76
  10
18.150000000000006
  20
20.14
  0
LWPOLYLINE
  5
1316
  100
AcDbEntity
  8
Top Silkscreen Layer
  100
AcDbPolyline
  90
2
  70
0
  43
0.12000000000000002
  10
16.689997459994924
  20
20.460002540005082
  10
19.610002540005084
  20
20.460002540005082
  0
LWPOLYLINE
  5
1317
  100
AcDbEntity
  8
Top Silkscreen Layer
  100
AcDbPolyline
  90
2
  70
0
  43
0.12000000000000002
  10
23.66000254000508
  20
20.510002540005082
  10
20.73999745999492
  20
20.510002540005082
  0
LWPOLYLINE
  5
1318
  100
AcDbEntity
  8
Top Silkscreen Layer
  100
AcDbPolyline
  90
2
  70
0
  43
0.2
  10
22.200000000000003
  20
20.190002540005082
  10
22.200000000000003
  20
19.810002540005083
  0
LWPOLYLINE
  5
1319
  100
AcDbEntity
  8
Top Silkscreen Layer
  100
AcDbPolyline
  90
2
  70
0
  43
0.2
  10
22.200000000000003
  20
19.39
  10
22.200000000000003
  20
19.009999999999998
  0
LWPOLYLINE
  5
1320
  100
AcDbEntity
  8
Top Silkscreen Layer
  100
AcDbPolyline
  90
2
  70
0
  43
0.12000000000000002
  10
22.200000000000003
  20
20.510002540005082
  10
22.200000000000003
  20
17.08999745999492
  0
LWPOLYLINE
  5
1321
  100
AcDbEntity
  8
Top Silkscreen Layer
  100
AcDbPolyline
  90
2
  70
0
  43
0.12000000000000002
  10
23.66000254000508
  20
20.510002540005082
  10
23.66000254000508
  20
17.08999745999492
  0
LWPOLYLINE
  5
1322
  100
AcDbEntity
  8
Top Silkscreen Layer
  100
AcDbPolyline
  90
2
  70
0
  43
0.12000000000000002
  10
20.73999745999492
  20
20.510002540005082
  10
20.73999745999492
  20
17.08999745999492
  0
LWPOLYLINE
  5
1323
  100
AcDbEntity
  8
Top Silkscreen Layer
  100
AcDbPolyline
  90
2
  70
0
  43
0.2
  10
22.200000000000003
  20
18.59
  10
22.200000000000003
  20
18.21
  0
LWPOLYLINE
  5
1324
  100
AcDbEntity
  8
Top Silkscreen Layer
  100
AcDbPolyline
  90
2
  70
0
  43
0.2
  10
22.200000000000003
  20
17.79
  10
22.200000000000003
  20
17.41
  0
LWPOLYLINE
  5
1325
  100
AcDbEntity
  8
Top Silkscreen Layer
  100
AcDbPolyline
  90
2
  70
0
  43
0.12000000000000002
  10
23.66000254000508
  20
17.08999745999492
  10
20.73999745999492
  20
17.08999745999492
  0
LWPOLYLINE
  5
1326
  100
AcDbEntity
  8
Top Silkscreen Layer
  100
AcDbPolyline
  90
2
  70
0
  43
0.12000000000000002
  10
23.66000254000508
  20
15.210002540005084
  10
20.73999745999492
  20
15.210002540005084
  0
LWPOLYLINE
  5
1327
  100
AcDbEntity
  8
Top Silkscreen Layer
  100
AcDbPolyline
  90
2
  70
0
  43
0.2
  10
22.200000000000003
  20
14.890002540005083
  10
22.200000000000003
  20
14.510002540005082
  0
LWPOLYLINE
  5
1328
  100
AcDbEntity
  8
Top Silkscreen Layer
  100
AcDbPolyline
  90
2
  70
0
  43
0.2
  10
22.200000000000003
  20
14.090000000000003
  10
22.200000000000003
  20
13.710000000000003
  0
LWPOLYLINE
  5
1329
  100
AcDbEntity
  8
Top Silkscreen Layer
  100
AcDbPolyline
  90
2
  70
0
  43
0.12000000000000002
  10
22.200000000000003
  20
15.210002540005084
  10
22.200000000000003
  20
11.789997459994922
  0
LWPOLYLINE
  5
1330
  100
AcDbEntity
  8
Top Silkscreen Layer
  100
AcDbPolyline
  90
2
  70
0
  43
0.12000000000000002
  10
23.66000254000508
  20
15.210002540005084
  10
23.66000254000508
  20
11.789997459994922
  0
LWPOLYLINE
  5
1331
  100
AcDbEntity
  8
Top Silkscreen Layer
  100
AcDbPolyline
  90
2
  70
0
  43
0.12000000000000002
  10
20.73999745999492
  20
15.210002540005084
  10
20.73999745999492
  20
11.789997459994922
  0
LWPOLYLINE
  5
1332
  100
AcDbEntity
  8
Top Silkscreen Layer
  100
AcDbPolyline
  90
2
  70
0
  43
0.2
  10
22.200000000000003
  20
13.290000000000001
  10
22.200000000000003
  20
12.910000000000002
  0
LWPOLYLINE
  5
1333
  100
AcDbEntity
  8
Top Silkscreen Layer
  100
AcDbPolyline
  90
2
  70
0
  43
0.2
  10
22.200000000000003
  20
12.490000000000002
  10
22.200000000000003
  20
12.110000000000001
  0
LWPOLYLINE
  5
1334
  100
AcDbEntity
  8
Top Silkscreen Layer
  100
AcDbPolyline
  90
2
  70
0
  43
0.12000000000000002
  10
23.66000254000508
  20
11.789997459994922
  10
20.73999745999492
  20
11.789997459994922
  0
LWPOLYLINE
  5
1335
  100
AcDbEntity
  8
Top Silkscreen Layer
  100
AcDbPolyline
  90
2
  70
0
  43
0.12000000000000002
  10
16.689997459994924
  20
11.789997459994922
  10
19.610002540005084
  20
11.789997459994922
  0
LWPOLYLINE
  5
1336
  100
AcDbEntity
  8
Top Silkscreen Layer
  100
AcDbPolyline
  90
2
  70
0
  43
0.2
  10
18.150000000000006
  20
12.109997459994922
  10
18.150000000000006
  20
12.489997459994923
  0
LWPOLYLINE
  5
1337
  100
AcDbEntity
  8
Top Silkscreen Layer
  100
AcDbPolyline
  90
2
  70
0
  43
0.2
  10
18.150000000000006
  20
12.910000000000002
  10
18.150000000000006
  20
13.290000000000001
  0
LWPOLYLINE
  5
1338
  100
AcDbEntity
  8
Top Silkscreen Layer
  100
AcDbPolyline
  90
2
  70
0
  43
0.12000000000000002
  10
18.150000000000006
  20
11.789997459994922
  10
18.150000000000006
  20
15.210002540005084
  0
LWPOLYLINE
  5
1339
  100
AcDbEntity
  8
Top Silkscreen Layer
  100
AcDbPolyline
  90
2
  70
0
  43
0.12000000000000002
  10
16.689997459994924
  20
11.789997459994922
  10
16.689997459994924
  20
15.210002540005084
  0
LWPOLYLINE
  5
1340
  100
AcDbEntity
  8
Top Silkscreen Layer
  100
AcDbPolyline
  90
2
  70
0
  43
0.12000000000000002
  10
19.610002540005084
  20
11.789997459994922
  10
19.610002540005084
  20
15.210002540005084
  0
LWPOLYLINE
  5
1341
  100
AcDbEntity
  8
Top Silkscreen Layer
  100
AcDbPolyline
  90
2
  70
0
  43
0.2
  10
18.150000000000006
  20
13.710000000000003
  10
18.150000000000006
  20
14.090000000000003
  0
LWPOLYLINE
  5
1342
  100
AcDbEntity
  8
Top Silkscreen Layer
  100
AcDbPolyline
  90
2
  70
0
  43
0.2
  10
18.150000000000006
  20
14.510000000000003
  10
18.150000000000006
  20
14.890000000000004
  0
LWPOLYLINE
  5
1343
  100
AcDbEntity
  8
Top Silkscreen Layer
  100
AcDbPolyline
  90
2
  70
0
  43
0.12000000000000002
  10
16.689997459994924
  20
15.210002540005084
  10
19.610002540005084
  20
15.210002540005084
  0
LWPOLYLINE
  5
1344
  100
AcDbEntity
  8
Top Silkscreen Layer
  100
AcDbPolyline
  90
2
  70
0
  43
0.11938023876047754
  10
38.01499618999239
  20
38.63500127000254
  10
39.17000000000001
  20
38.63500127000254
  0
LWPOLYLINE
  5
1345
  100
AcDbEntity
  8
Top Silkscreen Layer
  100
AcDbPolyline
  90
2
  70
0
  43
0.11938023876047754
  10
38.01499618999239
  20
38.63500127000254
  10
38.01499618999239
  20
37.164998729997464
  0
LWPOLYLINE
  5
1346
  100
AcDbEntity
  8
Top Silkscreen Layer
  100
AcDbPolyline
  90
2
  70
0
  43
0.11938023876047754
  10
38.01499618999239
  20
37.164998729997464
  10
39.17000000000001
  20
37.164998729997464
  0
LWPOLYLINE
  5
1347
  100
AcDbEntity
  8
Top Silkscreen Layer
  100
AcDbPolyline
  90
2
  70
0
  43
0.11938023876047754
  10
40.98500381000763
  20
38.63500127000254
  10
39.830000000000005
  20
38.63500127000254
  0
LWPOLYLINE
  5
1348
  100
AcDbEntity
  8
Top Silkscreen Layer
  100
AcDbPolyline
  90
2
  70
0
  43
0.11938023876047754
  10
40.98500381000763
  20
37.164998729997464
  10
39.830000000000005
  20
37.164998729997464
  0
LWPOLYLINE
  5
1349
  100
AcDbEntity
  8
Top Silkscreen Layer
  100
AcDbPolyline
  90
2
  70
0
  43
0.11938023876047754
  10
40.98500381000763
  20
38.63500127000254
  10
40.98500381000763
  20
37.164998729997464
  0
LWPOLYLINE
  5
1350
  100
AcDbEntity
  8
Top Silkscreen Layer
  100
AcDbPolyline
  90
2
  70
0
  43
0.11938023876047754
  10
38.01499618999239
  20
37.13500127000255
  10
39.17000000000001
  20
37.13500127000255
  0
LWPOLYLINE
  5
1351
  100
AcDbEntity
  8
Top Silkscreen Layer
  100
AcDbPolyline
  90
2
  70
0
  43
0.11938023876047754
  10
38.01499618999239
  20
37.13500127000255
  10
38.01499618999239
  20
35.66499872999747
  0
LWPOLYLINE
  5
1352
  100
AcDbEntity
  8
Top Silkscreen Layer
  100
AcDbPolyline
  90
2
  70
0
  43
0.11938023876047754
  10
38.01499618999239
  20
35.66499872999747
  10
39.17000000000001
  20
35.66499872999747
  0
LWPOLYLINE
  5
1353
  100
AcDbEntity
  8
Top Silkscreen Layer
  100
AcDbPolyline
  90
2
  70
0
  43
0.11938023876047754
  10
40.98500381000763
  20
37.13500127000255
  10
39.830000000000005
  20
37.13500127000255
  0
LWPOLYLINE
  5
1354
  100
AcDbEntity
  8
Top Silkscreen Layer
  100
AcDbPolyline
  90
2
  70
0
  43
0.11938023876047754
  10
40.98500381000763
  20
35.66499872999747
  10
39.830000000000005
  20
35.66499872999747
  0
LWPOLYLINE
  5
1355
  100
AcDbEntity
  8
Top Silkscreen Layer
  100
AcDbPolyline
  90
2
  70
0
  43
0.11938023876047754
  10
40.98500381000763
  20
37.13500127000255
  10
40.98500381000763
  20
35.66499872999747
  0
LWPOLYLINE
  5
1356
  100
AcDbEntity
  8
Top Silkscreen Layer
  100
AcDbPolyline
  90
2
  70
0
  43
0.11938023876047754
  10
29.864998729997467
  20
14.614996189992382
  10
29.864998729997467
  20
15.770000000000001
  0
LWPOLYLINE
  5
1357
  100
AcDbEntity
  8
Top Silkscreen Layer
  100
AcDbPolyline
  90
2
  70
0
  43
0.11938023876047754
  10
29.864998729997467
  20
14.614996189992382
  10
31.335001270002543
  20
14.614996189992382
  0
LWPOLYLINE
  5
1358
  100
AcDbEntity
  8
Top Silkscreen Layer
  100
AcDbPolyline
  90
2
  70
0
  43
0.11938023876047754
  10
31.335001270002543
  20
14.614996189992382
  10
31.335001270002543
  20
15.770000000000001
  0
LWPOLYLINE
  5
1359
  100
AcDbEntity
  8
Top Silkscreen Layer
  100
AcDbPolyline
  90
2
  70
0
  43
0.11938023876047754
  10
29.864998729997467
  20
17.58500381000762
  10
29.864998729997467
  20
16.430000000000003
  0
LWPOLYLINE
  5
1360
  100
AcDbEntity
  8
Top Silkscreen Layer
  100
AcDbPolyline
  90
2
  70
0
  43
0.11938023876047754
  10
31.335001270002543
  20
17.58500381000762
  10
31.335001270002543
  20
16.430000000000003
  0
LWPOLYLINE
  5
1361
  100
AcDbEntity
  8
Top Silkscreen Layer
  100
AcDbPolyline
  90
2
  70
0
  43
0.11938023876047754
  10
29.864998729997467
  20
17.58500381000762
  10
31.335001270002543
  20
17.58500381000762
  0
LWPOLYLINE
  5
1362
  100
AcDbEntity
  8
Top Silkscreen Layer
  100
AcDbPolyline
  90
2
  70
0
  43
0.11938023876047754
  10
31.364998729997467
  20
14.614996189992382
  10
31.364998729997467
  20
15.770000000000001
  0
LWPOLYLINE
  5
1363
  100
AcDbEntity
  8
Top Silkscreen Layer
  100
AcDbPolyline
  90
2
  70
0
  43
0.11938023876047754
  10
31.364998729997467
  20
14.614996189992382
  10
32.83500127000254
  20
14.614996189992382
  0
LWPOLYLINE
  5
1364
  100
AcDbEntity
  8
Top Silkscreen Layer
  100
AcDbPolyline
  90
2
  70
0
  43
0.11938023876047754
  10
32.83500127000254
  20
14.614996189992382
  10
32.83500127000254
  20
15.770000000000001
  0
LWPOLYLINE
  5
1365
  100
AcDbEntity
  8
Top Silkscreen Layer
  100
AcDbPolyline
  90
2
  70
0
  43
0.11938023876047754
  10
31.364998729997467
  20
17.58500381000762
  10
31.364998729997467
  20
16.430000000000003
  0
LWPOLYLINE
  5
1366
  100
AcDbEntity
  8
Top Silkscreen Layer
  100
AcDbPolyline
  90
2
  70
0
  43
0.11938023876047754
  10
32.83500127000254
  20
17.58500381000762
  10
32.83500127000254
  20
16.430000000000003
  0
LWPOLYLINE
  5
1367
  100
AcDbEntity
  8
Top Silkscreen Layer
  100
AcDbPolyline
  90
2
  70
0
  43
0.11938023876047754
  10
31.364998729997467
  20
17.58500381000762
  10
32.83500127000254
  20
17.58500381000762
  0
LWPOLYLINE
  5
1368
  100
AcDbEntity
  8
Top Silkscreen Layer
  100
AcDbPolyline
  90
2
  70
0
  43
0.11938023876047754
  10
40.764998729997465
  20
14.614996189992382
  10
40.764998729997465
  20
15.770000000000001
  0
LWPOLYLINE
  5
1369
  100
AcDbEntity
  8
Top Silkscreen Layer
  100
AcDbPolyline
  90
2
  70
0
  43
0.11938023876047754
  10
40.764998729997465
  20
14.614996189992382
  10
42.23500127000255
  20
14.614996189992382
  0
LWPOLYLINE
  5
1370
  100
AcDbEntity
  8
Top Silkscreen Layer
  100
AcDbPolyline
  90
2
  70
0
  43
0.11938023876047754
  10
42.23500127000255
  20
14.614996189992382
  10
42.23500127000255
  20
15.770000000000001
  0
LWPOLYLINE
  5
1371
  100
AcDbEntity
  8
Top Silkscreen Layer
  100
AcDbPolyline
  90
2
  70
0
  43
0.11938023876047754
  10
40.764998729997465
  20
17.58500381000762
  10
40.764998729997465
  20
16.430000000000003
  0
LWPOLYLINE
  5
1372
  100
AcDbEntity
  8
Top Silkscreen Layer
  100
AcDbPolyline
  90
2
  70
0
  43
0.11938023876047754
  10
42.23500127000255
  20
17.58500381000762
  10
42.23500127000255
  20
16.430000000000003
  0
LWPOLYLINE
  5
1373
  100
AcDbEntity
  8
Top Silkscreen Layer
  100
AcDbPolyline
  90
2
  70
0
  43
0.11938023876047754
  10
40.764998729997465
  20
17.58500381000762
  10
42.23500127000255
  20
17.58500381000762
  0
LWPOLYLINE
  5
1374
  100
AcDbEntity
  8
Top Silkscreen Layer
  100
AcDbPolyline
  90
2
  70
0
  43
0.11938023876047754
  10
42.21499872999746
  20
14.614996189992382
  10
42.21499872999746
  20
15.770000000000001
  0
LWPOLYLINE
  5
1375
  100
AcDbEntity
  8
Top Silkscreen Layer
  100
AcDbPolyline
  90
2
  70
0
  43
0.11938023876047754
  10
42.21499872999746
  20
14.614996189992382
  10
43.68500127000254
  20
14.614996189992382
  0
LWPOLYLINE
  5
1376
  100
AcDbEntity
  8
Top Silkscreen Layer
  100
AcDbPolyline
  90
2
  70
0
  43
0.11938023876047754
  10
43.68500127000254
  20
14.614996189992382
  10
43.68500127000254
  20
15.770000000000001
  0
LWPOLYLINE
  5
1377
  100
AcDbEntity
  8
Top Silkscreen Layer
  100
AcDbPolyline
  90
2
  70
0
  43
0.11938023876047754
  10
42.21499872999746
  20
17.58500381000762
  10
42.21499872999746
  20
16.430000000000003
  0
LWPOLYLINE
  5
1378
  100
AcDbEntity
  8
Top Silkscreen Layer
  100
AcDbPolyline
  90
2
  70
0
  43
0.11938023876047754
  10
43.68500127000254
  20
17.58500381000762
  10
43.68500127000254
  20
16.430000000000003
  0
LWPOLYLINE
  5
1379
  100
AcDbEntity
  8
Top Silkscreen Layer
  100
AcDbPolyline
  90
2
  70
0
  43
0.11938023876047754
  10
42.21499872999746
  20
17.58500381000762
  10
43.68500127000254
  20
17.58500381000762
  0
LWPOLYLINE
  5
1380
  100
AcDbEntity
  8
Top Silkscreen Layer
  100
AcDbPolyline
  90
2
  70
0
  43
0.11938023876047754
  10
25.66499872999746
  20
25.714996189992384
  10
25.66499872999746
  20
26.87
  0
LWPOLYLINE
  5
1381
  100
AcDbEntity
  8
Top Silkscreen Layer
  100
AcDbPolyline
  90
2
  70
0
  43
0.11938023876047754
  10
25.66499872999746
  20
25.714996189992384
  10
27.13500127000254
  20
25.714996189992384
  0
LWPOLYLINE
  5
1382
  100
AcDbEntity
  8
Top Silkscreen Layer
  100
AcDbPolyline
  90
2
  70
0
  43
0.11938023876047754
  10
27.13500127000254
  20
25.714996189992384
  10
27.13500127000254
  20
26.87
  0
LWPOLYLINE
  5
1383
  100
AcDbEntity
  8
Top Silkscreen Layer
  100
AcDbPolyline
  90
2
  70
0
  43
0.11938023876047754
  10
25.66499872999746
  20
28.685003810007622
  10
25.66499872999746
  20
27.530000000000005
  0
LWPOLYLINE
  5
1384
  100
AcDbEntity
  8
Top Silkscreen Layer
  100
AcDbPolyline
  90
2
  70
0
  43
0.11938023876047754
  10
27.13500127000254
  20
28.685003810007622
  10
27.13500127000254
  20
27.530000000000005
  0
LWPOLYLINE
  5
1385
  100
AcDbEntity
  8
Top Silkscreen Layer
  100
AcDbPolyline
  90
2
  70
0
  43
0.11938023876047754
  10
25.66499872999746
  20
28.685003810007622
  10
27.13500127000254
  20
28.685003810007622
  0
LWPOLYLINE
  5
1386
  100
AcDbEntity
  8
Top Silkscreen Layer
  100
AcDbPolyline
  90
2
  70
0
  43
0.11938023876047754
  10
40.73500127000254
  20
17.58500381000762
  10
40.73500127000254
  20
16.430000000000003
  0
LWPOLYLINE
  5
1387
  100
AcDbEntity
  8
Top Silkscreen Layer
  100
AcDbPolyline
  90
2
  70
0
  43
0.11938023876047754
  10
40.73500127000254
  20
17.58500381000762
  10
39.264998729997465
  20
17.58500381000762
  0
LWPOLYLINE
  5
1388
  100
AcDbEntity
  8
Top Silkscreen Layer
  100
AcDbPolyline
  90
2
  70
0
  43
0.11938023876047754
  10
39.264998729997465
  20
17.58500381000762
  10
39.264998729997465
  20
16.430000000000003
  0
LWPOLYLINE
  5
1389
  100
AcDbEntity
  8
Top Silkscreen Layer
  100
AcDbPolyline
  90
2
  70
0
  43
0.11938023876047754
  10
40.73500127000254
  20
14.614996189992382
  10
40.73500127000254
  20
15.770000000000001
  0
LWPOLYLINE
  5
1390
  100
AcDbEntity
  8
Top Silkscreen Layer
  100
AcDbPolyline
  90
2
  70
0
  43
0.11938023876047754
  10
39.264998729997465
  20
14.614996189992382
  10
39.264998729997465
  20
15.770000000000001
  0
LWPOLYLINE
  5
1391
  100
AcDbEntity
  8
Top Silkscreen Layer
  100
AcDbPolyline
  90
2
  70
0
  43
0.11938023876047754
  10
40.73500127000254
  20
14.614996189992382
  10
39.264998729997465
  20
14.614996189992382
  0
LWPOLYLINE
  5
1392
  100
AcDbEntity
  8
Top Silkscreen Layer
  100
AcDbPolyline
  90
2
  70
0
  43
0.12000000000000002
  10
53.185013970027946
  20
44.54499872999747
  10
50.2150063500127
  20
44.54499872999747
  0
LWPOLYLINE
  5
1393
  100
AcDbEntity
  8
Top Silkscreen Layer
  100
AcDbPolyline
  90
2
  70
0
  43
0.12000000000000002
  10
50.2150063500127
  20
44.54499872999747
  10
50.2150063500127
  20
46.01500127000254
  0
LWPOLYLINE
  5
1394
  100
AcDbEntity
  8
Top Silkscreen Layer
  100
AcDbPolyline
  90
2
  70
0
  43
0.12000000000000002
  10
53.185013970027946
  20
46.01500127000254
  10
50.2150063500127
  20
46.01500127000254
  0
LWPOLYLINE
  5
1395
  100
AcDbEntity
  8
Top Silkscreen Layer
  100
AcDbPolyline
  90
2
  70
0
  43
0.12000000000000002
  10
53.185013970027946
  20
44.54499872999747
  10
53.185013970027946
  20
46.01500127000254
  0
LWPOLYLINE
  5
1396
  100
AcDbEntity
  8
Top Silkscreen Layer
  100
AcDbPolyline
  90
2
  70
0
  43
0.12000000000000002
  10
53.185013970027946
  20
43.04499872999747
  10
50.2150063500127
  20
43.04499872999747
  0
LWPOLYLINE
  5
1397
  100
AcDbEntity
  8
Top Silkscreen Layer
  100
AcDbPolyline
  90
2
  70
0
  43
0.12000000000000002
  10
50.2150063500127
  20
43.04499872999747
  10
50.2150063500127
  20
44.51500127000254
  0
LWPOLYLINE
  5
1398
  100
AcDbEntity
  8
Top Silkscreen Layer
  100
AcDbPolyline
  90
2
  70
0
  43
0.12000000000000002
  10
53.185013970027946
  20
44.51500127000254
  10
50.2150063500127
  20
44.51500127000254
  0
LWPOLYLINE
  5
1399
  100
AcDbEntity
  8
Top Silkscreen Layer
  100
AcDbPolyline
  90
2
  70
0
  43
0.12000000000000002
  10
53.185013970027946
  20
43.04499872999747
  10
53.185013970027946
  20
44.51500127000254
  0
LWPOLYLINE
  5
1400
  100
AcDbEntity
  8
Top Silkscreen Layer
  100
AcDbPolyline
  90
2
  70
0
  43
0.11938023876047754
  10
48.76500889001779
  20
43.04508763017526
  10
48.76500889001779
  20
44.20009144018289
  0
LWPOLYLINE
  5
1401
  100
AcDbEntity
  8
Top Silkscreen Layer
  100
AcDbPolyline
  90
2
  70
0
  43
0.11938023876047754
  10
48.76500889001779
  20
43.04508763017526
  10
50.235011430022865
  20
43.04508763017526
  0
LWPOLYLINE
  5
1402
  100
AcDbEntity
  8
Top Silkscreen Layer
  100
AcDbPolyline
  90
2
  70
0
  43
0.11938023876047754
  10
50.235011430022865
  20
43.04508763017526
  10
50.235011430022865
  20
44.20009144018289
  0
LWPOLYLINE
  5
1403
  100
AcDbEntity
  8
Top Silkscreen Layer
  100
AcDbPolyline
  90
2
  70
0
  43
0.11938023876047754
  10
48.76500889001779
  20
46.015095250190505
  10
48.76500889001779
  20
44.86009144018288
  0
LWPOLYLINE
  5
1404
  100
AcDbEntity
  8
Top Silkscreen Layer
  100
AcDbPolyline
  90
2
  70
0
  43
0.11938023876047754
  10
50.235011430022865
  20
46.015095250190505
  10
50.235011430022865
  20
44.86009144018288
  0
LWPOLYLINE
  5
1405
  100
AcDbEntity
  8
Top Silkscreen Layer
  100
AcDbPolyline
  90
2
  70
0
  43
0.11938023876047754
  10
48.76500889001779
  20
46.015095250190505
  10
50.235011430022865
  20
46.015095250190505
  0
LWPOLYLINE
  5
1406
  100
AcDbEntity
  8
Top Silkscreen Layer
  100
AcDbPolyline
  90
2
  70
0
  43
0.12000000000000002
  10
53.185013970027946
  20
40.174996189992385
  10
50.2150063500127
  20
40.174996189992385
  0
LWPOLYLINE
  5
1407
  100
AcDbEntity
  8
Top Silkscreen Layer
  100
AcDbPolyline
  90
2
  70
0
  43
0.12000000000000002
  10
50.2150063500127
  20
40.174996189992385
  10
50.2150063500127
  20
41.64499872999746
  0
LWPOLYLINE
  5
1408
  100
AcDbEntity
  8
Top Silkscreen Layer
  100
AcDbPolyline
  90
2
  70
0
  43
0.12000000000000002
  10
53.185013970027946
  20
41.64499872999746
  10
50.2150063500127
  20
41.64499872999746
  0
LWPOLYLINE
  5
1409
  100
AcDbEntity
  8
Top Silkscreen Layer
  100
AcDbPolyline
  90
2
  70
0
  43
0.12000000000000002
  10
53.185013970027946
  20
40.174996189992385
  10
53.185013970027946
  20
41.64499872999746
  0
LWPOLYLINE
  5
1410
  100
AcDbEntity
  8
Top Silkscreen Layer
  100
AcDbPolyline
  90
2
  70
0
  43
0.12000000000000002
  10
53.185013970027946
  20
38.674996189992385
  10
50.2150063500127
  20
38.674996189992385
  0
LWPOLYLINE
  5
1411
  100
AcDbEntity
  8
Top Silkscreen Layer
  100
AcDbPolyline
  90
2
  70
0
  43
0.12000000000000002
  10
50.2150063500127
  20
38.674996189992385
  10
50.2150063500127
  20
40.14499872999747
  0
LWPOLYLINE
  5
1412
  100
AcDbEntity
  8
Top Silkscreen Layer
  100
AcDbPolyline
  90
2
  70
0
  43
0.12000000000000002
  10
53.185013970027946
  20
40.14499872999747
  10
50.2150063500127
  20
40.14499872999747
  0
LWPOLYLINE
  5
1413
  100
AcDbEntity
  8
Top Silkscreen Layer
  100
AcDbPolyline
  90
2
  70
0
  43
0.12000000000000002
  10
53.185013970027946
  20
38.674996189992385
  10
53.185013970027946
  20
40.14499872999747
  0
LWPOLYLINE
  5
1414
  100
AcDbEntity
  8
Top Silkscreen Layer
  100
AcDbPolyline
  90
2
  70
0
  43
0.11938023876047754
  10
48.76500889001779
  20
38.675077470154946
  10
48.76500889001779
  20
39.83008128016257
  0
LWPOLYLINE
  5
1415
  100
AcDbEntity
  8
Top Silkscreen Layer
  100
AcDbPolyline
  90
2
  70
0
  43
0.11938023876047754
  10
48.76500889001779
  20
38.675077470154946
  10
50.235011430022865
  20
38.675077470154946
  0
LWPOLYLINE
  5
1416
  100
AcDbEntity
  8
Top Silkscreen Layer
  100
AcDbPolyline
  90
2
  70
0
  43
0.11938023876047754
  10
50.235011430022865
  20
38.675077470154946
  10
50.235011430022865
  20
39.83008128016257
  0
LWPOLYLINE
  5
1417
  100
AcDbEntity
  8
Top Silkscreen Layer
  100
AcDbPolyline
  90
2
  70
0
  43
0.11938023876047754
  10
48.76500889001779
  20
41.64508509017019
  10
48.76500889001779
  20
40.49008128016256
  0
LWPOLYLINE
  5
1418
  100
AcDbEntity
  8
Top Silkscreen Layer
  100
AcDbPolyline
  90
2
  70
0
  43
0.11938023876047754
  10
50.235011430022865
  20
41.64508509017019
  10
50.235011430022865
  20
40.49008128016256
  0
LWPOLYLINE
  5
1419
  100
AcDbEntity
  8
Top Silkscreen Layer
  100
AcDbPolyline
  90
2
  70
0
  43
0.11938023876047754
  10
48.76500889001779
  20
41.64508509017019
  10
50.235011430022865
  20
41.64508509017019
  0
LWPOLYLINE
  5
1420
  100
AcDbEntity
  8
Top Silkscreen Layer
  100
AcDbPolyline
  90
2
  70
0
  43
0.12000000000000002
  10
53.185013970027946
  20
35.80499618999239
  10
50.2150063500127
  20
35.80499618999239
  0
LWPOLYLINE
  5
1421
  100
AcDbEntity
  8
Top Silkscreen Layer
  100
AcDbPolyline
  90
2
  70
0
  43
0.12000000000000002
  10
50.2150063500127
  20
35.80499618999239
  10
50.2150063500127
  20
37.27499872999746
  0
LWPOLYLINE
  5
1422
  100
AcDbEntity
  8
Top Silkscreen Layer
  100
AcDbPolyline
  90
2
  70
0
  43
0.12000000000000002
  10
53.185013970027946
  20
37.27499872999746
  10
50.2150063500127
  20
37.27499872999746
  0
LWPOLYLINE
  5
1423
  100
AcDbEntity
  8
Top Silkscreen Layer
  100
AcDbPolyline
  90
2
  70
0
  43
0.12000000000000002
  10
53.185013970027946
  20
35.80499618999239
  10
53.185013970027946
  20
37.27499872999746
  0
LWPOLYLINE
  5
1424
  100
AcDbEntity
  8
Top Silkscreen Layer
  100
AcDbPolyline
  90
2
  70
0
  43
0.12000000000000002
  10
53.185013970027946
  20
34.30499618999239
  10
50.2150063500127
  20
34.30499618999239
  0
LWPOLYLINE
  5
1425
  100
AcDbEntity
  8
Top Silkscreen Layer
  100
AcDbPolyline
  90
2
  70
0
  43
0.12000000000000002
  10
50.2150063500127
  20
34.30499618999239
  10
50.2150063500127
  20
35.77499872999746
  0
LWPOLYLINE
  5
1426
  100
AcDbEntity
  8
Top Silkscreen Layer
  100
AcDbPolyline
  90
2
  70
0
  43
0.12000000000000002
  10
53.185013970027946
  20
35.77499872999746
  10
50.2150063500127
  20
35.77499872999746
  0
LWPOLYLINE
  5
1427
  100
AcDbEntity
  8
Top Silkscreen Layer
  100
AcDbPolyline
  90
2
  70
0
  43
0.12000000000000002
  10
53.185013970027946
  20
34.30499618999239
  10
53.185013970027946
  20
35.77499872999746
  0
LWPOLYLINE
  5
1428
  100
AcDbEntity
  8
Top Silkscreen Layer
  100
AcDbPolyline
  90
2
  70
0
  43
0.11938023876047754
  10
48.76500889001779
  20
34.3050698501397
  10
48.76500889001779
  20
35.46007366014733
  0
LWPOLYLINE
  5
1429
  100
AcDbEntity
  8
Top Silkscreen Layer
  100
AcDbPolyline
  90
2
  70
0
  43
0.11938023876047754
  10
48.76500889001779
  20
34.3050698501397
  10
50.235011430022865
  20
34.3050698501397
  0
LWPOLYLINE
  5
1430
  100
AcDbEntity
  8
Top Silkscreen Layer
  100
AcDbPolyline
  90
2
  70
0
  43
0.11938023876047754
  10
50.235011430022865
  20
34.3050698501397
  10
50.235011430022865
  20
35.46007366014733
  0
LWPOLYLINE
  5
1431
  100
AcDbEntity
  8
Top Silkscreen Layer
  100
AcDbPolyline
  90
2
  70
0
  43
0.11938023876047754
  10
48.76500889001779
  20
37.27507747015495
  10
48.76500889001779
  20
36.12007366014732
  0
LWPOLYLINE
  5
1432
  100
AcDbEntity
  8
Top Silkscreen Layer
  100
AcDbPolyline
  90
2
  70
0
  43
0.11938023876047754
  10
50.235011430022865
  20
37.27507747015495
  10
50.235011430022865
  20
36.12007366014732
  0
LWPOLYLINE
  5
1433
  100
AcDbEntity
  8
Top Silkscreen Layer
  100
AcDbPolyline
  90
2
  70
0
  43
0.11938023876047754
  10
48.76500889001779
  20
37.27507747015495
  10
50.235011430022865
  20
37.27507747015495
  0
LWPOLYLINE
  5
1434
  100
AcDbEntity
  8
Top Silkscreen Layer
  100
AcDbPolyline
  90
2
  70
0
  43
0.12000000000000002
  10
53.185013970027946
  20
31.4349936499873
  10
50.2150063500127
  20
31.4349936499873
  0
LWPOLYLINE
  5
1435
  100
AcDbEntity
  8
Top Silkscreen Layer
  100
AcDbPolyline
  90
2
  70
0
  43
0.12000000000000002
  10
50.2150063500127
  20
31.4349936499873
  10
50.2150063500127
  20
32.90499618999238
  0
LWPOLYLINE
  5
1436
  100
AcDbEntity
  8
Top Silkscreen Layer
  100
AcDbPolyline
  90
2
  70
0
  43
0.12000000000000002
  10
53.185013970027946
  20
32.90499618999238
  10
50.2150063500127
  20
32.90499618999238
  0
LWPOLYLINE
  5
1437
  100
AcDbEntity
  8
Top Silkscreen Layer
  100
AcDbPolyline
  90
2
  70
0
  43
0.12000000000000002
  10
53.185013970027946
  20
31.4349936499873
  10
53.185013970027946
  20
32.90499618999238
  0
LWPOLYLINE
  5
1438
  100
AcDbEntity
  8
Top Silkscreen Layer
  100
AcDbPolyline
  90
2
  70
0
  43
0.12000000000000002
  10
53.185013970027946
  20
29.9349936499873
  10
50.2150063500127
  20
29.9349936499873
  0
LWPOLYLINE
  5
1439
  100
AcDbEntity
  8
Top Silkscreen Layer
  100
AcDbPolyline
  90
2
  70
0
  43
0.12000000000000002
  10
50.2150063500127
  20
29.9349936499873
  10
50.2150063500127
  20
31.40499618999238
  0
LWPOLYLINE
  5
1440
  100
AcDbEntity
  8
Top Silkscreen Layer
  100
AcDbPolyline
  90
2
  70
0
  43
0.12000000000000002
  10
53.185013970027946
  20
31.40499618999238
  10
50.2150063500127
  20
31.40499618999238
  0
LWPOLYLINE
  5
1441
  100
AcDbEntity
  8
Top Silkscreen Layer
  100
AcDbPolyline
  90
2
  70
0
  43
0.12000000000000002
  10
53.185013970027946
  20
29.9349936499873
  10
53.185013970027946
  20
31.40499618999238
  0
LWPOLYLINE
  5
1442
  100
AcDbEntity
  8
Top Silkscreen Layer
  100
AcDbPolyline
  90
2
  70
0
  43
0.11938023876047754
  10
48.76500889001779
  20
29.935059690119388
  10
48.76500889001779
  20
31.090063500127005
  0
LWPOLYLINE
  5
1443
  100
AcDbEntity
  8
Top Silkscreen Layer
  100
AcDbPolyline
  90
2
  70
0
  43
0.11938023876047754
  10
48.76500889001779
  20
29.935059690119388
  10
50.235011430022865
  20
29.935059690119388
  0
LWPOLYLINE
  5
1444
  100
AcDbEntity
  8
Top Silkscreen Layer
  100
AcDbPolyline
  90
2
  70
0
  43
0.11938023876047754
  10
50.235011430022865
  20
29.935059690119388
  10
50.235011430022865
  20
31.090063500127005
  0
LWPOLYLINE
  5
1445
  100
AcDbEntity
  8
Top Silkscreen Layer
  100
AcDbPolyline
  90
2
  70
0
  43
0.11938023876047754
  10
48.76500889001779
  20
32.905067310134626
  10
48.76500889001779
  20
31.75006350012701
  0
LWPOLYLINE
  5
1446
  100
AcDbEntity
  8
Top Silkscreen Layer
  100
AcDbPolyline
  90
2
  70
0
  43
0.11938023876047754
  10
50.235011430022865
  20
32.905067310134626
  10
50.235011430022865
  20
31.75006350012701
  0
LWPOLYLINE
  5
1447
  100
AcDbEntity
  8
Top Silkscreen Layer
  100
AcDbPolyline
  90
2
  70
0
  43
0.11938023876047754
  10
48.76500889001779
  20
32.905067310134626
  10
50.235011430022865
  20
32.905067310134626
  0
LWPOLYLINE
  5
1448
  100
AcDbEntity
  8
Top Silkscreen Layer
  100
AcDbPolyline
  90
2
  70
0
  43
0.12000000000000002
  10
53.185013970027946
  20
27.064993649987304
  10
50.2150063500127
  20
27.064993649987304
  0
LWPOLYLINE
  5
1449
  100
AcDbEntity
  8
Top Silkscreen Layer
  100
AcDbPolyline
  90
2
  70
0
  43
0.12000000000000002
  10
50.2150063500127
  20
27.064993649987304
  10
50.2150063500127
  20
28.53499618999238
  0
LWPOLYLINE
  5
1450
  100
AcDbEntity
  8
Top Silkscreen Layer
  100
AcDbPolyline
  90
2
  70
0
  43
0.12000000000000002
  10
53.185013970027946
  20
28.53499618999238
  10
50.2150063500127
  20
28.53499618999238
  0
LWPOLYLINE
  5
1451
  100
AcDbEntity
  8
Top Silkscreen Layer
  100
AcDbPolyline
  90
2
  70
0
  43
0.12000000000000002
  10
53.185013970027946
  20
27.064993649987304
  10
53.185013970027946
  20
28.53499618999238
  0
LWPOLYLINE
  5
1452
  100
AcDbEntity
  8
Top Silkscreen Layer
  100
AcDbPolyline
  90
2
  70
0
  43
0.12000000000000002
  10
53.185013970027946
  20
25.564993649987304
  10
50.2150063500127
  20
25.564993649987304
  0
LWPOLYLINE
  5
1453
  100
AcDbEntity
  8
Top Silkscreen Layer
  100
AcDbPolyline
  90
2
  70
0
  43
0.12000000000000002
  10
50.2150063500127
  20
25.564993649987304
  10
50.2150063500127
  20
27.034996189992384
  0
LWPOLYLINE
  5
1454
  100
AcDbEntity
  8
Top Silkscreen Layer
  100
AcDbPolyline
  90
2
  70
0
  43
0.12000000000000002
  10
53.185013970027946
  20
27.034996189992384
  10
50.2150063500127
  20
27.034996189992384
  0
LWPOLYLINE
  5
1455
  100
AcDbEntity
  8
Top Silkscreen Layer
  100
AcDbPolyline
  90
2
  70
0
  43
0.12000000000000002
  10
53.185013970027946
  20
25.564993649987304
  10
53.185013970027946
  20
27.034996189992384
  0
LWPOLYLINE
  5
1456
  100
AcDbEntity
  8
Top Silkscreen Layer
  100
AcDbPolyline
  90
2
  70
0
  43
0.11938023876047754
  10
48.76500889001779
  20
25.565054610109225
  10
48.76500889001779
  20
26.720058420116846
  0
LWPOLYLINE
  5
1457
  100
AcDbEntity
  8
Top Silkscreen Layer
  100
AcDbPolyline
  90
2
  70
0
  43
0.11938023876047754
  10
48.76500889001779
  20
25.565054610109225
  10
50.235011430022865
  20
25.565054610109225
  0
LWPOLYLINE
  5
1458
  100
AcDbEntity
  8
Top Silkscreen Layer
  100
AcDbPolyline
  90
2
  70
0
  43
0.11938023876047754
  10
50.235011430022865
  20
25.565054610109225
  10
50.235011430022865
  20
26.720058420116846
  0
LWPOLYLINE
  5
1459
  100
AcDbEntity
  8
Top Silkscreen Layer
  100
AcDbPolyline
  90
2
  70
0
  43
0.11938023876047754
  10
48.76500889001779
  20
28.535062230124463
  10
48.76500889001779
  20
27.380058420116846
  0
LWPOLYLINE
  5
1460
  100
AcDbEntity
  8
Top Silkscreen Layer
  100
AcDbPolyline
  90
2
  70
0
  43
0.11938023876047754
  10
50.235011430022865
  20
28.535062230124463
  10
50.235011430022865
  20
27.380058420116846
  0
LWPOLYLINE
  5
1461
  100
AcDbEntity
  8
Top Silkscreen Layer
  100
AcDbPolyline
  90
2
  70
0
  43
0.11938023876047754
  10
48.76500889001779
  20
28.535062230124463
  10
50.235011430022865
  20
28.535062230124463
  0
LWPOLYLINE
  5
1462
  100
AcDbEntity
  8
Top Silkscreen Layer
  100
AcDbPolyline
  90
2
  70
0
  43
0.12000000000000002
  10
53.185013970027946
  20
22.694991109982226
  10
50.2150063500127
  20
22.694991109982226
  0
LWPOLYLINE
  5
1463
  100
AcDbEntity
  8
Top Silkscreen Layer
  100
AcDbPolyline
  90
2
  70
0
  43
0.12000000000000002
  10
50.2150063500127
  20
22.694991109982226
  10
50.2150063500127
  20
24.164993649987302
  0
LWPOLYLINE
  5
1464
  100
AcDbEntity
  8
Top Silkscreen Layer
  100
AcDbPolyline
  90
2
  70
0
  43
0.12000000000000002
  10
53.185013970027946
  20
24.164993649987302
  10
50.2150063500127
  20
24.164993649987302
  0
LWPOLYLINE
  5
1465
  100
AcDbEntity
  8
Top Silkscreen Layer
  100
AcDbPolyline
  90
2
  70
0
  43
0.12000000000000002
  10
53.185013970027946
  20
22.694991109982226
  10
53.185013970027946
  20
24.164993649987302
  0
LWPOLYLINE
  5
1466
  100
AcDbEntity
  8
Top Silkscreen Layer
  100
AcDbPolyline
  90
2
  70
0
  43
0.12000000000000002
  10
53.185013970027946
  20
21.194991109982222
  10
50.2150063500127
  20
21.194991109982222
  0
LWPOLYLINE
  5
1467
  100
AcDbEntity
  8
Top Silkscreen Layer
  100
AcDbPolyline
  90
2
  70
0
  43
0.12000000000000002
  10
50.2150063500127
  20
21.194991109982222
  10
50.2150063500127
  20
22.664993649987302
  0
LWPOLYLINE
  5
1468
  100
AcDbEntity
  8
Top Silkscreen Layer
  100
AcDbPolyline
  90
2
  70
0
  43
0.12000000000000002
  10
53.185013970027946
  20
22.664993649987302
  10
50.2150063500127
  20
22.664993649987302
  0
LWPOLYLINE
  5
1469
  100
AcDbEntity
  8
Top Silkscreen Layer
  100
AcDbPolyline
  90
2
  70
0
  43
0.12000000000000002
  10
53.185013970027946
  20
21.194991109982222
  10
53.185013970027946
  20
22.664993649987302
  0
LWPOLYLINE
  5
1470
  100
AcDbEntity
  8
Top Silkscreen Layer
  100
AcDbPolyline
  90
2
  70
0
  43
0.11938023876047754
  10
48.76500889001779
  20
21.19498856997714
  10
48.76500889001779
  20
22.349992379984762
  0
LWPOLYLINE
  5
1471
  100
AcDbEntity
  8
Top Silkscreen Layer
  100
AcDbPolyline
  90
2
  70
0
  43
0.11938023876047754
  10
48.76500889001779
  20
21.19498856997714
  10
50.235011430022865
  20
21.19498856997714
  0
LWPOLYLINE
  5
1472
  100
AcDbEntity
  8
Top Silkscreen Layer
  100
AcDbPolyline
  90
2
  70
0
  43
0.11938023876047754
  10
50.235011430022865
  20
21.19498856997714
  10
50.235011430022865
  20
22.349992379984762
  0
LWPOLYLINE
  5
1473
  100
AcDbEntity
  8
Top Silkscreen Layer
  100
AcDbPolyline
  90
2
  70
0
  43
0.11938023876047754
  10
48.76500889001779
  20
24.16499618999238
  10
48.76500889001779
  20
23.009992379984762
  0
LWPOLYLINE
  5
1474
  100
AcDbEntity
  8
Top Silkscreen Layer
  100
AcDbPolyline
  90
2
  70
0
  43
0.11938023876047754
  10
50.235011430022865
  20
24.16499618999238
  10
50.235011430022865
  20
23.009992379984762
  0
LWPOLYLINE
  5
1475
  100
AcDbEntity
  8
Top Silkscreen Layer
  100
AcDbPolyline
  90
2
  70
0
  43
0.11938023876047754
  10
48.76500889001779
  20
24.16499618999238
  10
50.235011430022865
  20
24.16499618999238
  0
LWPOLYLINE
  5
1476
  100
AcDbEntity
  8
Top Silkscreen Layer
  100
AcDbPolyline
  90
2
  70
0
  43
0.12000000000000002
  10
53.185013970027946
  20
18.324988569977144
  10
50.2150063500127
  20
18.324988569977144
  0
LWPOLYLINE
  5
1477
  100
AcDbEntity
  8
Top Silkscreen Layer
  100
AcDbPolyline
  90
2
  70
0
  43
0.12000000000000002
  10
50.2150063500127
  20
18.324988569977144
  10
50.2150063500127
  20
19.79499110998222
  0
LWPOLYLINE
  5
1478
  100
AcDbEntity
  8
Top Silkscreen Layer
  100
AcDbPolyline
  90
2
  70
0
  43
0.12000000000000002
  10
53.185013970027946
  20
19.79499110998222
  10
50.2150063500127
  20
19.79499110998222
  0
LWPOLYLINE
  5
1479
  100
AcDbEntity
  8
Top Silkscreen Layer
  100
AcDbPolyline
  90
2
  70
0
  43
0.12000000000000002
  10
53.185013970027946
  20
18.324988569977144
  10
53.185013970027946
  20
19.79499110998222
  0
LWPOLYLINE
  5
1480
  100
AcDbEntity
  8
Top Silkscreen Layer
  100
AcDbPolyline
  90
2
  70
0
  43
0.12000000000000002
  10
53.185013970027946
  20
16.824988569977144
  10
50.2150063500127
  20
16.824988569977144
  0
LWPOLYLINE
  5
1481
  100
AcDbEntity
  8
Top Silkscreen Layer
  100
AcDbPolyline
  90
2
  70
0
  43
0.12000000000000002
  10
50.2150063500127
  20
16.824988569977144
  10
50.2150063500127
  20
18.29499110998222
  0
LWPOLYLINE
  5
1482
  100
AcDbEntity
  8
Top Silkscreen Layer
  100
AcDbPolyline
  90
2
  70
0
  43
0.12000000000000002
  10
53.185013970027946
  20
18.29499110998222
  10
50.2150063500127
  20
18.29499110998222
  0
LWPOLYLINE
  5
1483
  100
AcDbEntity
  8
Top Silkscreen Layer
  100
AcDbPolyline
  90
2
  70
0
  43
0.12000000000000002
  10
53.185013970027946
  20
16.824988569977144
  10
53.185013970027946
  20
18.29499110998222
  0
LWPOLYLINE
  5
1484
  100
AcDbEntity
  8
Top Silkscreen Layer
  100
AcDbPolyline
  90
2
  70
0
  43
0.11938023876047754
  10
48.76500889001779
  20
16.824986029972063
  10
48.76500889001779
  20
17.97998983997968
  0
LWPOLYLINE
  5
1485
  100
AcDbEntity
  8
Top Silkscreen Layer
  100
AcDbPolyline
  90
2
  70
0
  43
0.11938023876047754
  10
48.76500889001779
  20
16.824986029972063
  10
50.235011430022865
  20
16.824986029972063
  0
LWPOLYLINE
  5
1486
  100
AcDbEntity
  8
Top Silkscreen Layer
  100
AcDbPolyline
  90
2
  70
0
  43
0.11938023876047754
  10
50.235011430022865
  20
16.824986029972063
  10
50.235011430022865
  20
17.97998983997968
  0
LWPOLYLINE
  5
1487
  100
AcDbEntity
  8
Top Silkscreen Layer
  100
AcDbPolyline
  90
2
  70
0
  43
0.11938023876047754
  10
48.76500889001779
  20
19.794993649987298
  10
48.76500889001779
  20
18.63998983997968
  0
LWPOLYLINE
  5
1488
  100
AcDbEntity
  8
Top Silkscreen Layer
  100
AcDbPolyline
  90
2
  70
0
  43
0.11938023876047754
  10
50.235011430022865
  20
19.794993649987298
  10
50.235011430022865
  20
18.63998983997968
  0
LWPOLYLINE
  5
1489
  100
AcDbEntity
  8
Top Silkscreen Layer
  100
AcDbPolyline
  90
2
  70
0
  43
0.11938023876047754
  10
48.76500889001779
  20
19.794993649987298
  10
50.235011430022865
  20
19.794993649987298
  0
LWPOLYLINE
  5
1490
  100
AcDbEntity
  8
Top Silkscreen Layer
  100
AcDbPolyline
  90
2
  70
0
  43
0.12000000000000002
  10
53.185013970027946
  20
13.954988569977141
  10
50.2150063500127
  20
13.954988569977143
  0
LWPOLYLINE
  5
1491
  100
AcDbEntity
  8
Top Silkscreen Layer
  100
AcDbPolyline
  90
2
  70
0
  43
0.12000000000000002
  10
50.2150063500127
  20
13.954988569977143
  10
50.2150063500127
  20
15.424991109982223
  0
LWPOLYLINE
  5
1492
  100
AcDbEntity
  8
Top Silkscreen Layer
  100
AcDbPolyline
  90
2
  70
0
  43
0.12000000000000002
  10
53.185013970027946
  20
15.424991109982221
  10
50.2150063500127
  20
15.424991109982223
  0
LWPOLYLINE
  5
1493
  100
AcDbEntity
  8
Top Silkscreen Layer
  100
AcDbPolyline
  90
2
  70
0
  43
0.12000000000000002
  10
53.185013970027946
  20
13.954988569977141
  10
53.185013970027946
  20
15.424991109982221
  0
LWPOLYLINE
  5
1494
  100
AcDbEntity
  8
Top Silkscreen Layer
  100
AcDbPolyline
  90
2
  70
0
  43
0.12000000000000002
  10
53.185013970027946
  20
12.454988569977141
  10
50.2150063500127
  20
12.454988569977143
  0
LWPOLYLINE
  5
1495
  100
AcDbEntity
  8
Top Silkscreen Layer
  100
AcDbPolyline
  90
2
  70
0
  43
0.12000000000000002
  10
50.2150063500127
  20
12.454988569977143
  10
50.2150063500127
  20
13.924991109982223
  0
LWPOLYLINE
  5
1496
  100
AcDbEntity
  8
Top Silkscreen Layer
  100
AcDbPolyline
  90
2
  70
0
  43
0.12000000000000002
  10
53.185013970027946
  20
13.924991109982221
  10
50.2150063500127
  20
13.924991109982223
  0
LWPOLYLINE
  5
1497
  100
AcDbEntity
  8
Top Silkscreen Layer
  100
AcDbPolyline
  90
2
  70
0
  43
0.12000000000000002
  10
53.185013970027946
  20
12.454988569977141
  10
53.185013970027946
  20
13.924991109982221
  0
LWPOLYLINE
  5
1498
  100
AcDbEntity
  8
Top Silkscreen Layer
  100
AcDbPolyline
  90
2
  70
0
  43
0.11938023876047754
  10
48.76500889001779
  20
12.454986029972062
  10
48.76500889001779
  20
13.609989839979681
  0
LWPOLYLINE
  5
1499
  100
AcDbEntity
  8
Top Silkscreen Layer
  100
AcDbPolyline
  90
2
  70
0
  43
0.11938023876047754
  10
48.76500889001779
  20
12.454986029972062
  10
50.235011430022865
  20
12.454986029972062
  0
LWPOLYLINE
  5
1500
  100
AcDbEntity
  8
Top Silkscreen Layer
  100
AcDbPolyline
  90
2
  70
0
  43
0.11938023876047754
  10
50.235011430022865
  20
12.454986029972062
  10
50.235011430022865
  20
13.609989839979681
  0
LWPOLYLINE
  5
1501
  100
AcDbEntity
  8
Top Silkscreen Layer
  100
AcDbPolyline
  90
2
  70
0
  43
0.11938023876047754
  10
48.76500889001779
  20
15.424993649987302
  10
48.76500889001779
  20
14.269989839979683
  0
LWPOLYLINE
  5
1502
  100
AcDbEntity
  8
Top Silkscreen Layer
  100
AcDbPolyline
  90
2
  70
0
  43
0.11938023876047754
  10
50.235011430022865
  20
15.424993649987302
  10
50.235011430022865
  20
14.269989839979683
  0
LWPOLYLINE
  5
1503
  100
AcDbEntity
  8
Top Silkscreen Layer
  100
AcDbPolyline
  90
2
  70
0
  43
0.11938023876047754
  10
48.76500889001779
  20
15.424993649987302
  10
50.235011430022865
  20
15.424993649987302
  0
LWPOLYLINE
  5
1504
  100
AcDbEntity
  8
Top Silkscreen Layer
  100
AcDbPolyline
  90
2
  70
0
  43
0.11938023876047754
  10
43.314996189992385
  20
59.13500127000255
  10
44.470000000000006
  20
59.13500127000255
  0
LWPOLYLINE
  5
1505
  100
AcDbEntity
  8
Top Silkscreen Layer
  100
AcDbPolyline
  90
2
  70
0
  43
0.11938023876047754
  10
43.314996189992385
  20
59.13500127000255
  10
43.314996189992385
  20
57.66499872999747
  0
LWPOLYLINE
  5
1506
  100
AcDbEntity
  8
Top Silkscreen Layer
  100
AcDbPolyline
  90
2
  70
0
  43
0.11938023876047754
  10
43.314996189992385
  20
57.66499872999747
  10
44.470000000000006
  20
57.66499872999747
  0
LWPOLYLINE
  5
1507
  100
AcDbEntity
  8
Top Silkscreen Layer
  100
AcDbPolyline
  90
2
  70
0
  43
0.11938023876047754
  10
46.28500381000763
  20
59.13500127000255
  10
45.13
  20
59.13500127000255
  0
LWPOLYLINE
  5
1508
  100
AcDbEntity
  8
Top Silkscreen Layer
  100
AcDbPolyline
  90
2
  70
0
  43
0.11938023876047754
  10
46.28500381000763
  20
57.66499872999747
  10
45.13
  20
57.66499872999747
  0
LWPOLYLINE
  5
1509
  100
AcDbEntity
  8
Top Silkscreen Layer
  100
AcDbPolyline
  90
2
  70
0
  43
0.11938023876047754
  10
46.28500381000763
  20
59.13500127000255
  10
46.28500381000763
  20
57.66499872999747
  0
LWPOLYLINE
  5
1510
  100
AcDbEntity
  8
Top Silkscreen Layer
  100
AcDbPolyline
  90
2
  70
0
  43
0.11938023876047754
  10
46.33500381000763
  20
52.31499872999747
  10
45.18000000000001
  20
52.31499872999747
  0
LWPOLYLINE
  5
1511
  100
AcDbEntity
  8
Top Silkscreen Layer
  100
AcDbPolyline
  90
2
  70
0
  43
0.11938023876047754
  10
46.33500381000763
  20
52.31499872999747
  10
46.33500381000763
  20
53.785001270002546
  0
LWPOLYLINE
  5
1512
  100
AcDbEntity
  8
Top Silkscreen Layer
  100
AcDbPolyline
  90
2
  70
0
  43
0.11938023876047754
  10
46.33500381000763
  20
53.785001270002546
  10
45.18000000000001
  20
53.785001270002546
  0
LWPOLYLINE
  5
1513
  100
AcDbEntity
  8
Top Silkscreen Layer
  100
AcDbPolyline
  90
2
  70
0
  43
0.11938023876047754
  10
43.36499618999239
  20
52.31499872999747
  10
44.52000000000001
  20
52.31499872999747
  0
LWPOLYLINE
  5
1514
  100
AcDbEntity
  8
Top Silkscreen Layer
  100
AcDbPolyline
  90
2
  70
0
  43
0.11938023876047754
  10
43.36499618999239
  20
53.785001270002546
  10
44.52000000000001
  20
53.785001270002546
  0
LWPOLYLINE
  5
1515
  100
AcDbEntity
  8
Top Silkscreen Layer
  100
AcDbPolyline
  90
2
  70
0
  43
0.11938023876047754
  10
43.36499618999239
  20
52.31499872999747
  10
43.36499618999239
  20
53.785001270002546
  0
LWPOLYLINE
  5
1516
  100
AcDbEntity
  8
Top Silkscreen Layer
  100
AcDbPolyline
  90
2
  70
0
  43
0.11938023876047754
  10
39.11499618999238
  20
59.13500127000255
  10
40.27
  20
59.13500127000255
  0
LWPOLYLINE
  5
1517
  100
AcDbEntity
  8
Top Silkscreen Layer
  100
AcDbPolyline
  90
2
  70
0
  43
0.11938023876047754
  10
39.11499618999238
  20
59.13500127000255
  10
39.11499618999238
  20
57.66499872999747
  0
LWPOLYLINE
  5
1518
  100
AcDbEntity
  8
Top Silkscreen Layer
  100
AcDbPolyline
  90
2
  70
0
  43
0.11938023876047754
  10
39.11499618999238
  20
57.66499872999747
  10
40.27
  20
57.66499872999747
  0
LWPOLYLINE
  5
1519
  100
AcDbEntity
  8
Top Silkscreen Layer
  100
AcDbPolyline
  90
2
  70
0
  43
0.11938023876047754
  10
42.08500381000763
  20
59.13500127000255
  10
40.93
  20
59.13500127000255
  0
LWPOLYLINE
  5
1520
  100
AcDbEntity
  8
Top Silkscreen Layer
  100
AcDbPolyline
  90
2
  70
0
  43
0.11938023876047754
  10
42.08500381000763
  20
57.66499872999747
  10
40.93
  20
57.66499872999747
  0
LWPOLYLINE
  5
1521
  100
AcDbEntity
  8
Top Silkscreen Layer
  100
AcDbPolyline
  90
2
  70
0
  43
0.11938023876047754
  10
42.08500381000763
  20
59.13500127000255
  10
42.08500381000763
  20
57.66499872999747
  0
LWPOLYLINE
  5
1522
  100
AcDbEntity
  8
Top Silkscreen Layer
  100
AcDbPolyline
  90
2
  70
0
  43
0.11938023876047754
  10
42.18500381000762
  20
52.31499872999747
  10
41.03
  20
52.31499872999747
  0
LWPOLYLINE
  5
1523
  100
AcDbEntity
  8
Top Silkscreen Layer
  100
AcDbPolyline
  90
2
  70
0
  43
0.11938023876047754
  10
42.18500381000762
  20
52.31499872999747
  10
42.18500381000762
  20
53.785001270002546
  0
LWPOLYLINE
  5
1524
  100
AcDbEntity
  8
Top Silkscreen Layer
  100
AcDbPolyline
  90
2
  70
0
  43
0.11938023876047754
  10
42.18500381000762
  20
53.785001270002546
  10
41.03
  20
53.785001270002546
  0
LWPOLYLINE
  5
1525
  100
AcDbEntity
  8
Top Silkscreen Layer
  100
AcDbPolyline
  90
2
  70
0
  43
0.11938023876047754
  10
39.21499618999238
  20
52.31499872999747
  10
40.370000000000005
  20
52.31499872999747
  0
LWPOLYLINE
  5
1526
  100
AcDbEntity
  8
Top Silkscreen Layer
  100
AcDbPolyline
  90
2
  70
0
  43
0.11938023876047754
  10
39.21499618999238
  20
53.785001270002546
  10
40.370000000000005
  20
53.785001270002546
  0
LWPOLYLINE
  5
1527
  100
AcDbEntity
  8
Top Silkscreen Layer
  100
AcDbPolyline
  90
2
  70
0
  43
0.11938023876047754
  10
39.21499618999238
  20
52.31499872999747
  10
39.21499618999238
  20
53.785001270002546
  0
LWPOLYLINE
  5
1528
  100
AcDbEntity
  8
Top Silkscreen Layer
  100
AcDbPolyline
  90
2
  70
0
  43
0.25400050800101603
  10
46.3239776479553
  20
55.001498602997216
  10
46.3240284480569
  20
56.39847599695201
  0
LWPOLYLINE
  5
1529
  100
AcDbEntity
  8
Top Silkscreen Layer
  100
AcDbPolyline
  90
2
  70
0
  43
0.25400050800101603
  10
43.40302260604522
  20
55.277546355092724
  10
43.40302260604522
  20
56.1223266446533
  0
LWPOLYLINE
  5
1530
  100
AcDbEntity
  8
Top Silkscreen Layer
  100
AcDbPolyline
  90
2
  70
0
  43
0.25400050800101603
  10
45.18097536195073
  20
54.810972821945654
  10
44.41902463804928
  20
54.810972821945654
  0
LWPOLYLINE
  5
1531
  100
AcDbEntity
  8
Top Silkscreen Layer
  100
AcDbPolyline
  90
2
  70
0
  43
0.11938023876047754
  10
46.33500381000763
  20
50.81499872999747
  10
45.18000000000001
  20
50.81499872999747
  0
LWPOLYLINE
  5
1532
  100
AcDbEntity
  8
Top Silkscreen Layer
  100
AcDbPolyline
  90
2
  70
0
  43
0.11938023876047754
  10
46.33500381000763
  20
50.81499872999747
  10
46.33500381000763
  20
52.285001270002546
  0
LWPOLYLINE
  5
1533
  100
AcDbEntity
  8
Top Silkscreen Layer
  100
AcDbPolyline
  90
2
  70
0
  43
0.11938023876047754
  10
46.33500381000763
  20
52.285001270002546
  10
45.18000000000001
  20
52.285001270002546
  0
LWPOLYLINE
  5
1534
  100
AcDbEntity
  8
Top Silkscreen Layer
  100
AcDbPolyline
  90
2
  70
0
  43
0.11938023876047754
  10
43.36499618999239
  20
50.81499872999747
  10
44.52000000000001
  20
50.81499872999747
  0
LWPOLYLINE
  5
1535
  100
AcDbEntity
  8
Top Silkscreen Layer
  100
AcDbPolyline
  90
2
  70
0
  43
0.11938023876047754
  10
43.36499618999239
  20
52.285001270002546
  10
44.52000000000001
  20
52.285001270002546
  0
LWPOLYLINE
  5
1536
  100
AcDbEntity
  8
Top Silkscreen Layer
  100
AcDbPolyline
  90
2
  70
0
  43
0.11938023876047754
  10
43.36499618999239
  20
50.81499872999747
  10
43.36499618999239
  20
52.285001270002546
  0
LWPOLYLINE
  5
1537
  100
AcDbEntity
  8
Top Silkscreen Layer
  100
AcDbPolyline
  90
2
  70
0
  43
0.11938023876047754
  10
42.18500381000762
  20
50.81499872999747
  10
41.03
  20
50.81499872999747
  0
LWPOLYLINE
  5
1538
  100
AcDbEntity
  8
Top Silkscreen Layer
  100
AcDbPolyline
  90
2
  70
0
  43
0.11938023876047754
  10
42.18500381000762
  20
50.81499872999747
  10
42.18500381000762
  20
52.285001270002546
  0
LWPOLYLINE
  5
1539
  100
AcDbEntity
  8
Top Silkscreen Layer
  100
AcDbPolyline
  90
2
  70
0
  43
0.11938023876047754
  10
42.18500381000762
  20
52.285001270002546
  10
41.03
  20
52.285001270002546
  0
LWPOLYLINE
  5
1540
  100
AcDbEntity
  8
Top Silkscreen Layer
  100
AcDbPolyline
  90
2
  70
0
  43
0.11938023876047754
  10
39.21499618999238
  20
50.81499872999747
  10
40.370000000000005
  20
50.81499872999747
  0
LWPOLYLINE
  5
1541
  100
AcDbEntity
  8
Top Silkscreen Layer
  100
AcDbPolyline
  90
2
  70
0
  43
0.11938023876047754
  10
39.21499618999238
  20
52.285001270002546
  10
40.370000000000005
  20
52.285001270002546
  0
LWPOLYLINE
  5
1542
  100
AcDbEntity
  8
Top Silkscreen Layer
  100
AcDbPolyline
  90
2
  70
0
  43
0.11938023876047754
  10
39.21499618999238
  20
50.81499872999747
  10
39.21499618999238
  20
52.285001270002546
  0
LWPOLYLINE
  5
1543
  100
AcDbEntity
  8
Top Silkscreen Layer
  100
AcDbPolyline
  90
2
  70
0
  43
0.15240030480060962
  10
33.67621285242571
  20
58.00120650241301
  10
33.67621285242571
  20
56.298793497587
  0
LWPOLYLINE
  5
1544
  100
AcDbEntity
  8
Top Silkscreen Layer
  100
AcDbPolyline
  90
2
  70
0
  43
0.15240030480060962
  10
30.623787147574298
  20
58.00120650241301
  10
30.623787147574298
  20
56.298793497587
  0
LWPOLYLINE
  5
1545
  100
AcDbEntity
  8
Top Silkscreen Layer
  100
AcDbPolyline
  90
2
  70
0
  43
0.15240030480060962
  10
31.673596647193296
  20
56.298793497587
  10
32.62640335280671
  20
56.298793497587
  0
LWPOLYLINE
  5
1546
  100
AcDbEntity
  8
Top Silkscreen Layer
  100
AcDbPolyline
  90
2
  70
0
  43
0.25400050800101603
  10
36.770802641605286
  20
57.59460248920498
  10
36.770802641605286
  20
55.09457708915418
  0
LWPOLYLINE
  5
1547
  100
AcDbEntity
  8
Top Silkscreen Layer
  100
AcDbPolyline
  90
2
  70
0
  43
0.25400050800101603
  10
34.15459740919483
  20
57.59460248920498
  10
34.15459740919483
  20
55.09457708915418
  0
LWPOLYLINE
  5
1548
  100
AcDbEntity
  8
Top Silkscreen Layer
  100
AcDbPolyline
  90
2
  70
0
  43
0.15240030480060962
  10
35.7261366522733
  20
58.72382524765051
  10
35.483108966217934
  20
58.72382524765051
  0
LWPOLYLINE
  5
1549
  100
AcDbEntity
  8
Top Silkscreen Layer
  100
AcDbPolyline
  90
2
  70
0
  43
0.15240030480060962
  10
33.8737109474219
  20
61.476276352552716
  10
33.87371094742189
  20
58.72382524765051
  0
LWPOLYLINE
  5
1550
  100
AcDbEntity
  8
Top Silkscreen Layer
  100
AcDbPolyline
  90
2
  70
0
  43
0.15240030480060962
  10
33.87371094742189
  20
58.72382524765051
  10
34.11673863347726
  20
58.72382524765051
  0
LWPOLYLINE
  5
1551
  100
AcDbEntity
  8
Top Silkscreen Layer
  100
AcDbPolyline
  90
2
  70
0
  43
0.15240030480060962
  10
35.726136652273304
  20
61.066878333756684
  10
33.8737109474219
  20
61.066878333756684
  0
LWPOLYLINE
  5
1552
  100
AcDbEntity
  8
Top Silkscreen Layer
  100
AcDbPolyline
  90
2
  70
0
  43
0.15240030480060962
  10
35.726136652273304
  20
61.476276352552716
  10
35.7261366522733
  20
58.72382524765051
  0
LWPOLYLINE
  5
1553
  100
AcDbEntity
  8
Top Silkscreen Layer
  100
AcDbPolyline
  90
4
  70
1
  43
0.005080010160020321
  10
35.802336804673615
  20
61.40007620015242
  10
35.43233426466853
  20
61.40007620015242
  10
35.43233426466853
  20
61.704876809753635
  10
35.802336804673615
  20
61.704876809753635
  0
HATCH
  5
1554
  100
AcDbEntity
  8
Top Silkscreen Layer
  100
AcDbHatch
  10
0
  20
0
  30
0
  210
0
  220
0
  230
1
  2
SOLID
  70
1
  71
0
  91
1
  92
7
  72
0
  73
1
  93
4
  10
35.802336804673615
  20
61.40007620015242
  10
35.43233426466853
  20
61.40007620015242
  10
35.43233426466853
  20
61.704876809753635
  10
35.802336804673615
  20
61.704876809753635
  97
1
  330
1553
  75
0
  76
1
  47
0.4128176842155181
  98
1
  10
34.90568961886538
  20
22.81183545379326
  450
0
  451
0
  460
0
  461
0
  452
1
  462
1
  453
2
  463
0
  63
5
  421
255
  463
1
  63
7
  421
16777215
  470
LINEAR
  1001
ACAD
  1010
0
  1020
0
  1030
0
  0
LWPOLYLINE
  5
1555
  100
AcDbEntity
  8
Top Silkscreen Layer
  100
AcDbPolyline
  90
4
  70
1
  43
0.005080010160020321
  10
33.797510795021594
  20
61.40007620015242
  10
34.16751333502667
  20
61.40007620015242
  10
34.16751333502667
  20
61.704876809753635
  10
33.797510795021594
  20
61.704876809753635
  0
HATCH
  5
1556
  100
AcDbEntity
  8
Top Silkscreen Layer
  100
AcDbHatch
  10
0
  20
0
  30
0
  210
0
  220
0
  230
1
  2
SOLID
  70
1
  71
0
  91
1
  92
7
  72
0
  73
1
  93
4
  10
33.797510795021594
  20
61.40007620015242
  10
34.16751333502667
  20
61.40007620015242
  10
34.16751333502667
  20
61.704876809753635
  10
33.797510795021594
  20
61.704876809753635
  97
1
  330
1555
  75
0
  76
1
  47
0.4128176842155181
  98
1
  10
34.90568961886538
  20
22.81183545379326
  450
0
  451
0
  460
0
  461
0
  452
1
  462
1
  453
2
  463
0
  63
5
  421
255
  463
1
  63
7
  421
16777215
  470
LINEAR
  1001
ACAD
  1010
0
  1020
0
  1030
0
  0
LWPOLYLINE
  5
1557
  100
AcDbEntity
  8
Top Silkscreen Layer
  100
AcDbPolyline
  90
2
  70
0
  43
0.12000000000000002
  10
30.364998729997463
  20
59.214996189992384
  10
30.364998729997463
  20
62.18500381000763
  0
LWPOLYLINE
  5
1558
  100
AcDbEntity
  8
Top Silkscreen Layer
  100
AcDbPolyline
  90
2
  70
0
  43
0.12000000000000002
  10
30.364998729997463
  20
62.18500381000763
  10
31.83500127000254
  20
62.18500381000763
  0
LWPOLYLINE
  5
1559
  100
AcDbEntity
  8
Top Silkscreen Layer
  100
AcDbPolyline
  90
2
  70
0
  43
0.12000000000000002
  10
31.83500127000254
  20
59.214996189992384
  10
31.83500127000254
  20
62.18500381000763
  0
LWPOLYLINE
  5
1560
  100
AcDbEntity
  8
Top Silkscreen Layer
  100
AcDbPolyline
  90
2
  70
0
  43
0.12000000000000002
  10
30.364998729997463
  20
59.214996189992384
  10
31.83500127000254
  20
59.214996189992384
  0
LWPOLYLINE
  5
1561
  100
AcDbEntity
  8
Top Silkscreen Layer
  100
AcDbPolyline
  90
2
  70
0
  43
0.12000000000000002
  10
30.335001270002543
  20
62.18500381000763
  10
30.335001270002543
  20
59.214996189992384
  0
LWPOLYLINE
  5
1562
  100
AcDbEntity
  8
Top Silkscreen Layer
  100
AcDbPolyline
  90
2
  70
0
  43
0.12000000000000002
  10
30.335001270002543
  20
59.214996189992384
  10
28.864998729997467
  20
59.214996189992384
  0
LWPOLYLINE
  5
1563
  100
AcDbEntity
  8
Top Silkscreen Layer
  100
AcDbPolyline
  90
2
  70
0
  43
0.12000000000000002
  10
28.864998729997467
  20
62.18500381000763
  10
28.864998729997467
  20
59.214996189992384
  0
LWPOLYLINE
  5
1564
  100
AcDbEntity
  8
Top Silkscreen Layer
  100
AcDbPolyline
  90
2
  70
0
  43
0.12000000000000002
  10
30.335001270002543
  20
62.18500381000763
  10
28.864998729997467
  20
62.18500381000763
  0
LWPOLYLINE
  5
1565
  100
AcDbEntity
  8
Top Silkscreen Layer
  100
AcDbPolyline
  90
2
  70
0
  43
0.11938023876047754
  10
39.13500127000255
  20
62.13500381000763
  10
39.13500127000255
  20
60.98000000000001
  0
LWPOLYLINE
  5
1566
  100
AcDbEntity
  8
Top Silkscreen Layer
  100
AcDbPolyline
  90
2
  70
0
  43
0.11938023876047754
  10
39.13500127000255
  20
62.13500381000763
  10
37.664998729997464
  20
62.13500381000763
  0
LWPOLYLINE
  5
1567
  100
AcDbEntity
  8
Top Silkscreen Layer
  100
AcDbPolyline
  90
2
  70
0
  43
0.11938023876047754
  10
37.664998729997464
  20
62.13500381000763
  10
37.664998729997464
  20
60.98000000000001
  0
LWPOLYLINE
  5
1568
  100
AcDbEntity
  8
Top Silkscreen Layer
  100
AcDbPolyline
  90
2
  70
0
  43
0.11938023876047754
  10
39.13500127000255
  20
59.16499618999239
  10
39.13500127000255
  20
60.320000000000014
  0
LWPOLYLINE
  5
1569
  100
AcDbEntity
  8
Top Silkscreen Layer
  100
AcDbPolyline
  90
2
  70
0
  43
0.11938023876047754
  10
37.664998729997464
  20
59.16499618999239
  10
37.664998729997464
  20
60.320000000000014
  0
LWPOLYLINE
  5
1570
  100
AcDbEntity
  8
Top Silkscreen Layer
  100
AcDbPolyline
  90
2
  70
0
  43
0.11938023876047754
  10
39.13500127000255
  20
59.16499618999239
  10
37.664998729997464
  20
59.16499618999239
  0
LWPOLYLINE
  5
1571
  100
AcDbEntity
  8
Top Silkscreen Layer
  100
AcDbPolyline
  90
2
  70
0
  43
0.11938023876047754
  10
37.63500127000254
  20
62.13500381000763
  10
37.63500127000254
  20
60.98000000000001
  0
LWPOLYLINE
  5
1572
  100
AcDbEntity
  8
Top Silkscreen Layer
  100
AcDbPolyline
  90
2
  70
0
  43
0.11938023876047754
  10
37.63500127000254
  20
62.13500381000763
  10
36.164998729997464
  20
62.13500381000763
  0
LWPOLYLINE
  5
1573
  100
AcDbEntity
  8
Top Silkscreen Layer
  100
AcDbPolyline
  90
2
  70
0
  43
0.11938023876047754
  10
36.164998729997464
  20
62.13500381000763
  10
36.164998729997464
  20
60.98000000000001
  0
LWPOLYLINE
  5
1574
  100
AcDbEntity
  8
Top Silkscreen Layer
  100
AcDbPolyline
  90
2
  70
0
  43
0.11938023876047754
  10
37.63500127000254
  20
59.16499618999239
  10
37.63500127000254
  20
60.320000000000014
  0
LWPOLYLINE
  5
1575
  100
AcDbEntity
  8
Top Silkscreen Layer
  100
AcDbPolyline
  90
2
  70
0
  43
0.11938023876047754
  10
36.164998729997464
  20
59.16499618999239
  10
36.164998729997464
  20
60.320000000000014
  0
LWPOLYLINE
  5
1576
  100
AcDbEntity
  8
Top Silkscreen Layer
  100
AcDbPolyline
  90
2
  70
0
  43
0.11938023876047754
  10
37.63500127000254
  20
59.16499618999239
  10
36.164998729997464
  20
59.16499618999239
  0
LWPOLYLINE
  5
1577
  100
AcDbEntity
  8
Top Silkscreen Layer
  100
AcDbPolyline
  90
2
  70
0
  43
0.11938023876047754
  10
31.864998729997467
  20
59.214996189992384
  10
31.864998729997467
  20
60.37000000000001
  0
LWPOLYLINE
  5
1578
  100
AcDbEntity
  8
Top Silkscreen Layer
  100
AcDbPolyline
  90
2
  70
0
  43
0.11938023876047754
  10
31.864998729997467
  20
59.214996189992384
  10
33.33500127000254
  20
59.214996189992384
  0
LWPOLYLINE
  5
1579
  100
AcDbEntity
  8
Top Silkscreen Layer
  100
AcDbPolyline
  90
2
  70
0
  43
0.11938023876047754
  10
33.33500127000254
  20
59.214996189992384
  10
33.33500127000254
  20
60.37000000000001
  0
LWPOLYLINE
  5
1580
  100
AcDbEntity
  8
Top Silkscreen Layer
  100
AcDbPolyline
  90
2
  70
0
  43
0.11938023876047754
  10
31.864998729997467
  20
62.18500381000763
  10
31.864998729997467
  20
61.03
  0
LWPOLYLINE
  5
1581
  100
AcDbEntity
  8
Top Silkscreen Layer
  100
AcDbPolyline
  90
2
  70
0
  43
0.11938023876047754
  10
33.33500127000254
  20
62.18500381000763
  10
33.33500127000254
  20
61.03
  0
LWPOLYLINE
  5
1582
  100
AcDbEntity
  8
Top Silkscreen Layer
  100
AcDbPolyline
  90
2
  70
0
  43
0.11938023876047754
  10
31.864998729997467
  20
62.18500381000763
  10
33.33500127000254
  20
62.18500381000763
  0
LWPOLYLINE
  5
1583
  100
AcDbEntity
  8
Top Silkscreen Layer
  100
AcDbPolyline
  90
2
  70
0
  43
0.11938023876047754
  10
28.814998729997463
  20
55.41499618999238
  10
28.814998729997463
  20
56.57
  0
LWPOLYLINE
  5
1584
  100
AcDbEntity
  8
Top Silkscreen Layer
  100
AcDbPolyline
  90
2
  70
0
  43
0.11938023876047754
  10
28.814998729997463
  20
55.41499618999238
  10
30.28500127000254
  20
55.41499618999238
  0
LWPOLYLINE
  5
1585
  100
AcDbEntity
  8
Top Silkscreen Layer
  100
AcDbPolyline
  90
2
  70
0
  43
0.11938023876047754
  10
30.28500127000254
  20
55.41499618999238
  10
30.28500127000254
  20
56.57
  0
LWPOLYLINE
  5
1586
  100
AcDbEntity
  8
Top Silkscreen Layer
  100
AcDbPolyline
  90
2
  70
0
  43
0.11938023876047754
  10
28.814998729997463
  20
58.385003810007625
  10
28.814998729997463
  20
57.23
  0
LWPOLYLINE
  5
1587
  100
AcDbEntity
  8
Top Silkscreen Layer
  100
AcDbPolyline
  90
2
  70
0
  43
0.11938023876047754
  10
30.28500127000254
  20
58.385003810007625
  10
30.28500127000254
  20
57.23
  0
LWPOLYLINE
  5
1588
  100
AcDbEntity
  8
Top Silkscreen Layer
  100
AcDbPolyline
  90
2
  70
0
  43
0.11938023876047754
  10
28.814998729997463
  20
58.385003810007625
  10
30.28500127000254
  20
58.385003810007625
  0
LWPOLYLINE
  5
1589
  100
AcDbEntity
  8
Top Silkscreen Layer
  100
AcDbPolyline
  90
2
  70
0
  43
0.25400050800101603
  10
42.14581153162307
  20
55.00161290322582
  10
42.145862331724665
  20
56.398590297180604
  0
LWPOLYLINE
  5
1590
  100
AcDbEntity
  8
Top Silkscreen Layer
  100
AcDbPolyline
  90
2
  70
0
  43
0.25400050800101603
  10
39.224856489712984
  20
55.27766065532133
  10
39.224856489712984
  20
56.1224409448819
  0
LWPOLYLINE
  5
1591
  100
AcDbEntity
  8
Top Silkscreen Layer
  100
AcDbPolyline
  90
2
  70
0
  43
0.25400050800101603
  10
41.002809245618494
  20
54.81108712217426
  10
40.240858521717044
  20
54.81108712217426
  0
LWPOLYLINE
  5
1592
  100
AcDbEntity
  8
Top Silkscreen Layer
  100
AcDbPolyline
  90
2
  70
0
  43
0.2
  10
46.65001270002541
  20
0.28
  10
39.029997459994924
  20
0.2799974599949199
  0
LWPOLYLINE
  5
1593
  100
AcDbEntity
  8
Top Silkscreen Layer
  100
AcDbPolyline
  90
2
  70
0
  43
0.2
  10
46.65001270002541
  20
2.82
  10
46.65001270002541
  20
0.28
  0
LWPOLYLINE
  5
1594
  100
AcDbEntity
  8
Top Silkscreen Layer
  100
AcDbPolyline
  90
2
  70
0
  43
0.2
  10
46.65001270002541
  20
2.82
  10
39.029997459994924
  20
2.8200025400050803
  0
LWPOLYLINE
  5
1595
  100
AcDbEntity
  8
Top Silkscreen Layer
  100
AcDbPolyline
  90
2
  70
0
  43
0.2
  10
39.029997459994924
  20
2.8200025400050803
  10
39.029997459994924
  20
0.2799974599949199
  0
LWPOLYLINE
  5
1596
  100
AcDbEntity
  8
Top Silkscreen Layer
  100
AcDbPolyline
  90
2
  70
0
  43
0.25400050800101603
  10
26.0999872999746
  20
0.32999745999492003
  10
26.0999872999746
  20
2.87000254000508
  0
LWPOLYLINE
  5
1597
  100
AcDbEntity
  8
Top Silkscreen Layer
  100
AcDbPolyline
  90
2
  70
0
  43
0.25400050800101603
  10
28.663992887985774
  20
2.87000254000508
  10
28.663992887985774
  20
0.32999745999492003
  0
LWPOLYLINE
  5
1598
  100
AcDbEntity
  8
Top Silkscreen Layer
  100
AcDbPolyline
  90
2
  70
0
  43
0.25400050800101603
  10
26.0999872999746
  20
2.87000254000508
  10
38.800012700025405
  20
2.87000254000508
  0
LWPOLYLINE
  5
1599
  100
AcDbEntity
  8
Top Silkscreen Layer
  100
AcDbPolyline
  90
2
  70
0
  43
0.25400050800101603
  10
26.0999872999746
  20
0.32999745999492003
  10
38.800012700025405
  20
0.32999745999492003
  0
LWPOLYLINE
  5
1600
  100
AcDbEntity
  8
Top Silkscreen Layer
  100
AcDbPolyline
  90
2
  70
0
  43
0.25400050800101603
  10
38.800012700025405
  20
2.87000254000508
  10
38.800012700025405
  20
0.32999745999492003
  0
LWPOLYLINE
  5
1601
  100
AcDbEntity
  8
Top Silkscreen Layer
  100
AcDbPolyline
  90
2
  70
0
  43
0.12000000000000002
  10
27.564996189992385
  20
11.235001270002542
  10
30.535003810007623
  20
11.235001270002542
  0
LWPOLYLINE
  5
1602
  100
AcDbEntity
  8
Top Silkscreen Layer
  100
AcDbPolyline
  90
2
  70
0
  43
0.12000000000000002
  10
30.535003810007623
  20
11.235001270002542
  10
30.535003810007623
  20
9.76499872999746
  0
LWPOLYLINE
  5
1603
  100
AcDbEntity
  8
Top Silkscreen Layer
  100
AcDbPolyline
  90
2
  70
0
  43
0.12000000000000002
  10
27.564996189992385
  20
9.76499872999746
  10
30.535003810007623
  20
9.76499872999746
  0
LWPOLYLINE
  5
1604
  100
AcDbEntity
  8
Top Silkscreen Layer
  100
AcDbPolyline
  90
2
  70
0
  43
0.12000000000000002
  10
27.564996189992385
  20
11.235001270002542
  10
27.564996189992385
  20
9.76499872999746
  0
LWPOLYLINE
  5
1605
  100
AcDbEntity
  8
Top Silkscreen Layer
  100
AcDbPolyline
  90
2
  70
0
  43
0.11938023876047754
  10
25.314996189992385
  20
40.285001270002546
  10
26.470000000000002
  20
40.285001270002546
  0
LWPOLYLINE
  5
1606
  100
AcDbEntity
  8
Top Silkscreen Layer
  100
AcDbPolyline
  90
2
  70
0
  43
0.11938023876047754
  10
25.314996189992385
  20
40.285001270002546
  10
25.314996189992385
  20
38.81499872999746
  0
LWPOLYLINE
  5
1607
  100
AcDbEntity
  8
Top Silkscreen Layer
  100
AcDbPolyline
  90
2
  70
0
  43
0.11938023876047754
  10
25.314996189992385
  20
38.81499872999746
  10
26.470000000000002
  20
38.81499872999746
  0
LWPOLYLINE
  5
1608
  100
AcDbEntity
  8
Top Silkscreen Layer
  100
AcDbPolyline
  90
2
  70
0
  43
0.11938023876047754
  10
28.285003810007623
  20
40.285001270002546
  10
27.130000000000006
  20
40.285001270002546
  0
LWPOLYLINE
  5
1609
  100
AcDbEntity
  8
Top Silkscreen Layer
  100
AcDbPolyline
  90
2
  70
0
  43
0.11938023876047754
  10
28.285003810007623
  20
38.81499872999746
  10
27.130000000000006
  20
38.81499872999746
  0
LWPOLYLINE
  5
1610
  100
AcDbEntity
  8
Top Silkscreen Layer
  100
AcDbPolyline
  90
2
  70
0
  43
0.11938023876047754
  10
28.285003810007623
  20
40.285001270002546
  10
28.285003810007623
  20
38.81499872999746
  0
LWPOLYLINE
  5
1611
  100
AcDbEntity
  8
Top Silkscreen Layer
  100
AcDbPolyline
  90
2
  70
0
  43
0.11938023876047754
  10
25.314996189992385
  20
37.48500127000255
  10
26.470000000000002
  20
37.48500127000255
  0
LWPOLYLINE
  5
1612
  100
AcDbEntity
  8
Top Silkscreen Layer
  100
AcDbPolyline
  90
2
  70
0
  43
0.11938023876047754
  10
25.314996189992385
  20
37.48500127000255
  10
25.314996189992385
  20
36.014998729997465
  0
LWPOLYLINE
  5
1613
  100
AcDbEntity
  8
Top Silkscreen Layer
  100
AcDbPolyline
  90
2
  70
0
  43
0.11938023876047754
  10
25.314996189992385
  20
36.014998729997465
  10
26.470000000000002
  20
36.014998729997465
  0
LWPOLYLINE
  5
1614
  100
AcDbEntity
  8
Top Silkscreen Layer
  100
AcDbPolyline
  90
2
  70
0
  43
0.11938023876047754
  10
28.285003810007623
  20
37.48500127000255
  10
27.130000000000006
  20
37.48500127000255
  0
LWPOLYLINE
  5
1615
  100
AcDbEntity
  8
Top Silkscreen Layer
  100
AcDbPolyline
  90
2
  70
0
  43
0.11938023876047754
  10
28.285003810007623
  20
36.014998729997465
  10
27.130000000000006
  20
36.014998729997465
  0
LWPOLYLINE
  5
1616
  100
AcDbEntity
  8
Top Silkscreen Layer
  100
AcDbPolyline
  90
2
  70
0
  43
0.11938023876047754
  10
28.285003810007623
  20
37.48500127000255
  10
28.285003810007623
  20
36.014998729997465
  0
TEXT
  5
1908
  100
AcDbEntity
  8
Top Silkscreen Layer
  7
得意黑
  461
2.1336042672085345
  100
AcDbText
  10
55.950114300228606
  20
62.33512573025147
  11
55.950114300228606
  21
62.33512573025147
  40
2.5603251206502424
  1
V8-
  50
0
  71
1
  72
0
  41
1.1
  100
AcDbText
  73
2
  0
TEXT
  5
1909
  100
AcDbEntity
  8
Top Silkscreen Layer
  7
得意黑
  461
2.1336042672085345
  100
AcDbText
  10
55.950114300228606
  20
58.52511811023623
  11
55.950114300228606
  21
58.52511811023623
  40
2.5603251206502424
  1
V8+
  50
0
  71
1
  72
0
  41
1.1
  100
AcDbText
  73
2
  0
TEXT
  5
1910
  100
AcDbEntity
  8
Top Silkscreen Layer
  7
得意黑
  461
2.1336042672085345
  100
AcDbText
  10
55.950114300228606
  20
54.71511049022099
  11
55.950114300228606
  21
54.71511049022099
  40
2.5603251206502424
  1
V7-
  50
0
  71
1
  72
0
  41
1.1
  100
AcDbText
  73
2
  0
TEXT
  5
1911
  100
AcDbEntity
  8
Top Silkscreen Layer
  7
得意黑
  461
2.1336042672085345
  100
AcDbText
  10
55.950114300228606
  20
50.905102870205745
  11
55.950114300228606
  21
50.905102870205745
  40
2.5603251206502424
  1
V7+
  50
0
  71
1
  72
0
  41
1.1
  100
AcDbText
  73
2
  0
TEXT
  5
1912
  100
AcDbEntity
  8
Top Silkscreen Layer
  7
得意黑
  461
2.1336042672085345
  100
AcDbText
  10
55.950114300228606
  20
47.095095250190504
  11
55.950114300228606
  21
47.095095250190504
  40
2.5603251206502424
  1
V6-
  50
0
  71
1
  72
0
  41
1.1
  100
AcDbText
  73
2
  0
TEXT
  5
1913
  100
AcDbEntity
  8
Top Silkscreen Layer
  7
得意黑
  461
2.1336042672085345
  100
AcDbText
  10
55.950114300228606
  20
43.28508763017526
  11
55.950114300228606
  21
43.28508763017526
  40
2.5603251206502424
  1
V6+
  50
0
  71
1
  72
0
  41
1.1
  100
AcDbText
  73
2
  0
TEXT
  5
1914
  100
AcDbEntity
  8
Top Silkscreen Layer
  7
得意黑
  461
2.1336042672085345
  100
AcDbText
  10
55.950114300228606
  20
39.47508001016002
  11
55.950114300228606
  21
39.47508001016002
  40
2.5603251206502424
  1
V5-
  50
0
  71
1
  72
0
  41
1.1
  100
AcDbText
  73
2
  0
TEXT
  5
1915
  100
AcDbEntity
  8
Top Silkscreen Layer
  7
得意黑
  461
2.1336042672085345
  100
AcDbText
  10
55.950114300228606
  20
35.665072390144786
  11
55.950114300228606
  21
35.665072390144786
  40
2.5603251206502424
  1
V5+
  50
0
  71
1
  72
0
  41
1.1
  100
AcDbText
  73
2
  0
TEXT
  5
1916
  100
AcDbEntity
  8
Top Silkscreen Layer
  7
得意黑
  461
2.1336042672085345
  100
AcDbText
  10
55.950231140462286
  20
21.715143510287024
  11
55.950231140462286
  21
21.715143510287024
  40
2.5603251206502424
  1
V3-
  50
0
  71
1
  72
0
  41
1.1
  100
AcDbText
  73
2
  0
TEXT
  5
1917
  100
AcDbEntity
  8
Top Silkscreen Layer
  7
得意黑
  461
2.1336042672085345
  100
AcDbText
  10
55.950231140462286
  20
17.905135890271783
  11
55.950231140462286
  21
17.905135890271783
  40
2.5603251206502424
  1
V3+
  50
0
  71
1
  72
0
  41
1.1
  100
AcDbText
  73
2
  0
TEXT
  5
1918
  100
AcDbEntity
  8
Top Silkscreen Layer
  7
得意黑
  461
2.1336042672085345
  100
AcDbText
  10
55.950231140462286
  20
14.095128270256541
  11
55.950231140462286
  21
14.095128270256541
  40
2.560325120650241
  1
V2-
  50
0
  71
1
  72
0
  41
1.1
  100
AcDbText
  73
2
  0
TEXT
  5
1919
  100
AcDbEntity
  8
Top Silkscreen Layer
  7
得意黑
  461
2.1336042672085345
  100
AcDbText
  10
55.950231140462286
  20
6.475113030226061
  11
55.950231140462286
  21
6.475113030226061
  40
2.5603251206502415
  1
V1-
  50
0
  71
1
  72
0
  41
1.1
  100
AcDbText
  73
2
  0
TEXT
  5
1920
  100
AcDbEntity
  8
Top Silkscreen Layer
  7
得意黑
  461
2.1336042672085345
  100
AcDbText
  10
55.950231140462286
  20
29.3351587503175
  11
55.950231140462286
  21
29.3351587503175
  40
2.5603251206502424
  1
V4-
  50
0
  71
1
  72
0
  41
1.1
  100
AcDbText
  73
2
  0
TEXT
  5
1921
  100
AcDbEntity
  8
Top Silkscreen Layer
  7
得意黑
  461
2.1336042672085345
  100
AcDbText
  10
55.950231140462286
  20
25.525151130302262
  11
55.950231140462286
  21
25.525151130302262
  40
2.5603251206502424
  1
V4+
  50
0
  71
1
  72
0
  41
1.1
  100
AcDbText
  73
2
  0
TEXT
  5
1922
  100
AcDbEntity
  8
Top Silkscreen Layer
  7
得意黑
  461
2.1336042672085345
  100
AcDbText
  10
55.950231140462286
  20
10.285120650241302
  11
55.950231140462286
  21
10.285120650241302
  40
2.560325120650241
  1
V2+
  50
0
  71
1
  72
0
  41
1.1
  100
AcDbText
  73
2
  0
TEXT
  5
1923
  100
AcDbEntity
  8
Top Silkscreen Layer
  7
得意黑
  461
2.1336042672085345
  100
AcDbText
  10
55.950231140462286
  20
2.665105410210821
  11
55.950231140462286
  21
2.665105410210821
  40
2.5603251206502415
  1
V1+
  50
0
  71
1
  72
0
  41
1.1
  100
AcDbText
  73
2
  0
TEXT
  5
1924
  100
AcDbEntity
  8
Top Silkscreen Layer
  7
得意黑
  461
1.400003556007112
  100
AcDbText
  10
0.59999745999492
  20
51.05013716027433
  11
0.59999745999492
  21
51.05013716027433
  40
1.680004267208535
  1
+5V
  50
0
  71
1
  72
0
  41
1.1
  100
AcDbText
  73
2
  0
TEXT
  5
1925
  100
AcDbEntity
  8
Top Silkscreen Layer
  7
得意黑
  461
1.400003556007112
  100
AcDbText
  10
0.59999745999492
  20
48.51013208026417
  11
0.59999745999492
  21
48.51013208026417
  40
1.680004267208535
  1
GND
  50
0
  71
1
  72
0
  41
1.1
  100
AcDbText
  73
2
  0
TEXT
  5
1926
  100
AcDbEntity
  8
Top Silkscreen Layer
  7
得意黑
  461
1.400003556007112
  100
AcDbText
  10
0.59999745999492
  20
45.97012700025401
  11
0.59999745999492
  21
45.97012700025401
  40
1.680004267208535
  1
OSI1
  50
0
  71
1
  72
0
  41
1.1
  100
AcDbText
  73
2
  0
TEXT
  5
1927
  100
AcDbEntity
  8
Top Silkscreen Layer
  7
得意黑
  461
1.400003556007112
  100
AcDbText
  10
0.59999745999492
  20
43.43012192024385
  11
0.59999745999492
  21
43.43012192024385
  40
1.680004267208535
  1
SER
  50
0
  71
1
  72
0
  41
1.1
  100
AcDbText
  73
2
  0
TEXT
  5
1928
  100
AcDbEntity
  8
Top Silkscreen Layer
  7
得意黑
  461
1.400003556007112
  100
AcDbText
  10
0.59999745999492
  20
35.81010668021337
  11
0.59999745999492
  21
35.81010668021337
  40
1.6884891372449407
  1
CS_N
  50
0
  71
1
  72
0
  41
1.1
  100
AcDbText
  73
2
  0
TEXT
  5
1929
  100
AcDbEntity
  8
Top Silkscreen Layer
  7
得意黑
  461
1.400003556007112
  100
AcDbText
  10
0.59999745999492
  20
33.27010160020321
  11
0.59999745999492
  21
33.27010160020321
  40
1.680004267208535
  1
FR-D
  50
0
  71
1
  72
0
  41
1.1
  100
AcDbText
  73
2
  0
TEXT
  5
1930
  100
AcDbEntity
  8
Top Silkscreen Layer
  7
得意黑
  461
1.400003556007112
  100
AcDbText
  10
0.59999745999492
  20
40.89011684023369
  11
0.59999745999492
  21
40.89011684023369
  40
1.680004267208535
  1
CONV
  50
0
  71
1
  72
0
  41
1.1
  100
AcDbText
  73
2
  0
TEXT
  5
1931
  100
AcDbEntity
  8
Top Silkscreen Layer
  7
得意黑
  461
1.400003556007112
  100
AcDbText
  10
0.59999745999492
  20
38.35011176022353
  11
0.59999745999492
  21
38.35011176022353
  40
1.680004267208535
  1
REST
  50
0
  71
1
  72
0
  41
1.1
  100
AcDbText
  73
2
  0
TEXT
  5
1932
  100
AcDbEntity
  8
Top Silkscreen Layer
  7
得意黑
  461
1.400003556007112
  100
AcDbText
  10
0.59999745999492
  20
15.490066040132081
  11
0.59999745999492
  21
15.490066040132081
  40
1.6800042672085336
  1
DB13
  50
0
  71
1
  72
0
  41
1.1
  100
AcDbText
  73
2
  0
TEXT
  5
1933
  100
AcDbEntity
  8
Top Silkscreen Layer
  7
得意黑
  461
1.400003556007112
  100
AcDbText
  10
0.59999745999492
  20
12.950060960121924
  11
0.59999745999492
  21
12.950060960121924
  40
1.680004267208535
  1
DB15
  50
0
  71
1
  72
0
  41
1.1
  100
AcDbText
  73
2
  0
TEXT
  5
1934
  100
AcDbEntity
  8
Top Silkscreen Layer
  7
得意黑
  461
1.400003556007112
  100
AcDbText
  10
0.59999745999492
  20
20.5700762001524
  11
0.59999745999492
  21
20.5700762001524
  40
1.680004267208535
  1
DB9
  50
0
  71
1
  72
0
  41
1.1
  100
AcDbText
  73
2
  0
TEXT
  5
1935
  100
AcDbEntity
  8
Top Silkscreen Layer
  7
得意黑
  461
1.400003556007112
  100
AcDbText
  10
0.59999745999492
  20
18.03007112014224
  11
0.59999745999492
  21
18.03007112014224
  40
1.680004267208535
  1
DB11
  50
0
  71
1
  72
0
  41
1.1
  100
AcDbText
  73
2
  0
TEXT
  5
1936
  100
AcDbEntity
  8
Top Silkscreen Layer
  7
得意黑
  461
1.400003556007112
  100
AcDbText
  10
0.59999745999492
  20
23.11008128016256
  11
0.59999745999492
  21
23.11008128016256
  40
1.680004267208535
  1
DB7
  50
0
  71
1
  72
0
  41
1.1
  100
AcDbText
  73
2
  0
TEXT
  5
1937
  100
AcDbEntity
  8
Top Silkscreen Layer
  7
得意黑
  461
1.400003556007112
  100
AcDbText
  10
0.59999745999492
  20
25.650086360172722
  11
0.59999745999492
  21
25.650086360172722
  40
1.680004267208535
  1
DB5
  50
0
  71
1
  72
0
  41
1.1
  100
AcDbText
  73
2
  0
TEXT
  5
1938
  100
AcDbEntity
  8
Top Silkscreen Layer
  7
得意黑
  461
1.400003556007112
  100
AcDbText
  10
0.59999745999492
  20
28.190091440182886
  11
0.59999745999492
  21
28.190091440182886
  40
1.680004267208535
  1
DB3
  50
0
  71
1
  72
0
  41
1.1
  100
AcDbText
  73
2
  0
TEXT
  5
1939
  100
AcDbEntity
  8
Top Silkscreen Layer
  7
得意黑
  461
1.400003556007112
  100
AcDbText
  10
0.59999745999492
  20
30.730096520193044
  11
0.59999745999492
  21
30.730096520193044
  40
1.680004267208535
  1
DB1
  50
0
  71
1
  72
0
  41
1.1
  100
AcDbText
  73
2
  0
TEXT
  5
1940
  100
AcDbEntity
  8
Top Silkscreen Layer
  7
得意黑
  461
1.400003556007112
  100
AcDbText
  10
11.299977139954281
  20
51.05013716027433
  11
11.299977139954281
  21
51.05013716027433
  40
1.680004267208535
  1
+5V
  50
0
  71
1
  72
0
  41
1.1
  100
AcDbText
  73
2
  0
TEXT
  5
1941
  100
AcDbEntity
  8
Top Silkscreen Layer
  7
得意黑
  461
1.400003556007112
  100
AcDbText
  10
11.299977139954281
  20
48.51013208026417
  11
11.299977139954281
  21
48.51013208026417
  40
1.680004267208535
  1
GND
  50
0
  71
1
  72
0
  41
1.1
  100
AcDbText
  73
2
  0
TEXT
  5
1942
  100
AcDbEntity
  8
Top Silkscreen Layer
  7
得意黑
  461
1.400003556007112
  100
AcDbText
  10
11.299977139954281
  20
45.97012700025401
  11
11.299977139954281
  21
45.97012700025401
  40
1.680004267208535
  1
OSI0
  50
0
  71
1
  72
0
  41
1.1
  100
AcDbText
  73
2
  0
TEXT
  5
1943
  100
AcDbEntity
  8
Top Silkscreen Layer
  7
得意黑
  461
1.400003556007112
  100
AcDbText
  10
11.299977139954281
  20
43.43012192024385
  11
11.299977139954281
  21
43.43012192024385
  40
1.680004267208535
  1
OSI2
  50
0
  71
1
  72
0
  41
1.1
  100
AcDbText
  73
2
  0
TEXT
  5
1944
  100
AcDbEntity
  8
Top Silkscreen Layer
  7
得意黑
  461
1.400003556007112
  100
AcDbText
  10
11.299977139954281
  20
40.89011684023369
  11
11.299977139954281
  21
40.89011684023369
  40
1.680004267208535
  1
STBY
  50
0
  71
1
  72
0
  41
1.1
  100
AcDbText
  73
2
  0
TEXT
  5
1945
  100
AcDbEntity
  8
Top Silkscreen Layer
  7
得意黑
  461
1.400003556007112
  100
AcDbText
  10
11.299977139954281
  20
38.35011176022353
  11
11.299977139954281
  21
38.35011176022353
  40
1.680004267208535
  1
WR
  50
0
  71
1
  72
0
  41
1.1
  100
AcDbText
  73
2
  0
TEXT
  5
1946
  100
AcDbEntity
  8
Top Silkscreen Layer
  7
得意黑
  461
1.400003556007112
  100
AcDbText
  10
11.299977139954281
  20
35.81010668021337
  11
11.299977139954281
  21
35.81010668021337
  40
1.680004267208535
  1
RD/CK
  50
0
  71
1
  72
0
  41
1.1
  100
AcDbText
  73
2
  0
TEXT
  5
1947
  100
AcDbEntity
  8
Top Silkscreen Layer
  7
得意黑
  461
1.400003556007112
  100
AcDbText
  10
11.299977139954281
  20
33.27010160020321
  11
11.299977139954281
  21
33.27010160020321
  40
1.680004267208535
  1
BUSY
  50
0
  71
1
  72
0
  41
1.1
  100
AcDbText
  73
2
  0
TEXT
  5
1948
  100
AcDbEntity
  8
Top Silkscreen Layer
  7
得意黑
  461
1.400003556007112
  100
AcDbText
  10
11.299977139954281
  20
30.730096520193044
  11
11.299977139954281
  21
30.730096520193044
  40
1.680004267208535
  1
DB0
  50
0
  71
1
  72
0
  41
1.1
  100
AcDbText
  73
2
  0
TEXT
  5
1949
  100
AcDbEntity
  8
Top Silkscreen Layer
  7
得意黑
  461
1.400003556007112
  100
AcDbText
  10
11.299977139954281
  20
28.190091440182886
  11
11.299977139954281
  21
28.190091440182886
  40
1.680004267208535
  1
DB2
  50
0
  71
1
  72
0
  41
1.1
  100
AcDbText
  73
2
  0
TEXT
  5
1950
  100
AcDbEntity
  8
Top Silkscreen Layer
  7
得意黑
  461
1.400003556007112
  100
AcDbText
  10
11.299977139954281
  20
25.650086360172722
  11
11.299977139954281
  21
25.650086360172722
  40
1.680004267208535
  1
DB4
  50
0
  71
1
  72
0
  41
1.1
  100
AcDbText
  73
2
  0
TEXT
  5
1951
  100
AcDbEntity
  8
Top Silkscreen Layer
  7
得意黑
  461
1.400003556007112
  100
AcDbText
  10
11.299977139954281
  20
23.11008128016256
  11
11.299977139954281
  21
23.11008128016256
  40
1.680004267208535
  1
DB6
  50
0
  71
1
  72
0
  41
1.1
  100
AcDbText
  73
2
  0
TEXT
  5
1952
  100
AcDbEntity
  8
Top Silkscreen Layer
  7
得意黑
  461
1.400003556007112
  100
AcDbText
  10
11.299977139954281
  20
20.5700762001524
  11
11.299977139954281
  21
20.5700762001524
  40
1.680004267208535
  1
DB8
  50
0
  71
1
  72
0
  41
1.1
  100
AcDbText
  73
2
  0
TEXT
  5
1953
  100
AcDbEntity
  8
Top Silkscreen Layer
  7
得意黑
  461
1.400003556007112
  100
AcDbText
  10
11.299977139954281
  20
18.03007112014224
  11
11.299977139954281
  21
18.03007112014224
  40
1.680004267208535
  1
DB10
  50
0
  71
1
  72
0
  41
1.1
  100
AcDbText
  73
2
  0
TEXT
  5
1954
  100
AcDbEntity
  8
Top Silkscreen Layer
  7
得意黑
  461
1.400003556007112
  100
AcDbText
  10
11.299977139954281
  20
15.490066040132081
  11
11.299977139954281
  21
15.490066040132081
  40
1.6800042672085336
  1
DB12
  50
0
  71
1
  72
0
  41
1.1
  100
AcDbText
  73
2
  0
TEXT
  5
1955
  100
AcDbEntity
  8
Top Silkscreen Layer
  7
得意黑
  461
1.400003556007112
  100
AcDbText
  10
11.299977139954281
  20
12.950060960121924
  11
11.299977139954281
  21
12.950060960121924
  40
1.680004267208535
  1
DB14
  50
0
  71
1
  72
0
  41
1.1
  100
AcDbText
  73
2
  0
TEXT
  5
1956
  100
AcDbEntity
  8
Top Silkscreen Layer
  7
得意黑
  461
1.400003556007112
  100
AcDbText
  10
28.950000000000006
  20
41.95
  11
28.950000000000006
  21
41.95
  40
1.680004267208535
  1
±10V
  50
0
  71
1
  72
0
  41
1.1
  100
AcDbText
  73
1
  0
TEXT
  5
1957
  100
AcDbEntity
  8
Top Silkscreen Layer
  7
得意黑
  461
1.400003556007112
  100
AcDbText
  10
38.077264414528834
  20
41.95
  11
38.077264414528834
  21
41.95
  40
1.680004267208535
  1
±5V
  50
0
  71
1
  72
0
  41
1.1
  100
AcDbText
  73
1
  0
TEXT
  5
1958
  100
AcDbEntity
  8
Top Silkscreen Layer
  7
得意黑
  461
2.1000035560071124
  100
AcDbText
  10
15.500000000000002
  20
50.05000000000001
  11
15.500000000000002
  21
50.05000000000001
  40
2.532731561487364
  1
AD7606C_ADC V1.3
  50
0
  71
1
  72
0
  41
1.1
  100
AcDbText
  73
1
  0
TEXT
  5
1959
  100
AcDbEntity
  8
Top Silkscreen Layer
  7
得意黑
  461
1.750003556007112
  100
AcDbText
  10
24.400000000000006
  20
47.400000000000006
  11
24.400000000000006
  21
47.400000000000006
  40
2.1106103493661545
  1
16Bit@1MSPS
  50
0
  71
1
  72
0
  41
1.1
  100
AcDbText
  73
1
  0
TEXT
  5
1960
  100
AcDbEntity
  8
Top Silkscreen Layer
  7
得意黑
  461
1.750003556007112
  100
AcDbText
  10
11.860025400050802
  20
56.70000000000001
  11
11.860025400050802
  21
56.70000000000001
  40
2.100004267208535
  1
+5V
  50
360
  71
1
  72
1
  41
1.1
  100
AcDbText
  73
3
  0
TEXT
  5
1961
  100
AcDbEntity
  8
Top Silkscreen Layer
  7
得意黑
  461
1.750003556007112
  100
AcDbText
  10
16.949997459994922
  20
56.700114300228606
  11
16.949997459994922
  21
56.700114300228606
  40
2.100004267208535
  1
GND
  50
360
  71
1
  72
1
  41
1.1
  100
AcDbText
  73
3
  0
TEXT
  5
1962
  100
AcDbEntity
  8
Top Silkscreen Layer
  7
得意黑
  461
1.750003556007112
  100
AcDbText
  10
42.800000000000004
  20
5.95
  11
42.800000000000004
  21
5.95
  40
2.100004267208534
  1
GND
  50
720
  71
1
  72
1
  41
1.1
  100
AcDbText
  73
3
  0
TEXT
  5
1963
  100
AcDbEntity
  8
Top Silkscreen Layer
  7
得意黑
  461
1.400003556007112
  100
AcDbText
  10
27.370043180086366
  20
4.050007620015241
  11
27.370043180086366
  21
4.050007620015241
  40
1.6800042672085342
  1
1
  50
360
  71
1
  72
1
  41
1.1
  100
AcDbText
  73
2
  0
TEXT
  5
1964
  100
AcDbEntity
  8
Top Silkscreen Layer
  7
得意黑
  461
1.400003556007112
  100
AcDbText
  10
29.910048260096527
  20
4.050007620015241
  11
29.910048260096527
  21
4.050007620015241
  40
1.6800042672085342
  1
2
  50
360
  71
1
  72
1
  41
1.1
  100
AcDbText
  73
2
  0
TEXT
  5
1965
  100
AcDbEntity
  8
Top Silkscreen Layer
  7
得意黑
  461
1.400003556007112
  100
AcDbText
  10
32.450053340106685
  20
4.050007620015241
  11
32.450053340106685
  21
4.050007620015241
  40
1.6800042672085342
  1
3
  50
360
  71
1
  72
1
  41
1.1
  100
AcDbText
  73
2
  0
TEXT
  5
1966
  100
AcDbEntity
  8
Top Silkscreen Layer
  7
得意黑
  461
1.400003556007112
  100
AcDbText
  10
34.990058420116846
  20
4.050007620015241
  11
34.990058420116846
  21
4.050007620015241
  40
1.6800042672085347
  1
4
  50
360
  71
1
  72
1
  41
1.1
  100
AcDbText
  73
2
  0
TEXT
  5
1967
  100
AcDbEntity
  8
Top Silkscreen Layer
  7
得意黑
  461
1.400003556007112
  100
AcDbText
  10
37.53006350012701
  20
4.050007620015241
  11
37.53006350012701
  21
4.050007620015241
  40
1.6800042672085342
  1
5
  50
360
  71
1
  72
1
  41
1.1
  100
AcDbText
  73
2
  0
TEXT
  5
1968
  100
AcDbEntity
  8
Top Silkscreen Layer
  7
得意黑
  461
1.610003556007112
  100
AcDbText
  10
12.75
  20
8.55
  11
12.75
  21
8.55
  40
2.30000508001016
  1
1-2:内部基准
  50
0
  71
1
  72
0
  41
1.1
  100
AcDbText
  73
2
  0
TEXT
  5
1969
  100
AcDbEntity
  8
Top Silkscreen Layer
  7
得意黑
  461
1.610003556007112
  100
AcDbText
  10
12.75
  20
5.789993903987809
  11
12.75
  21
5.789993903987809
  40
2.30000508001016
  1
2-3:外部基准
  50
0
  71
1
  72
0
  41
1.1
  100
AcDbText
  73
2
  0
TEXT
  5
1970
  100
AcDbEntity
  8
Top Silkscreen Layer
  7
得意黑
  461
1.610003556007112
  100
AcDbText
  10
12.75
  20
2.900000000000001
  11
12.75
  21
2.900000000000001
  40
2.30000508001016
  1
4:外部基准输入
  50
0
  71
1
  72
0
  41
1.1
  100
AcDbText
  73
2
  0
TEXT
  5
1971
  100
AcDbEntity
  8
Top Silkscreen Layer
  7
得意黑
  461
1.610003556007112
  100
AcDbText
  10
12.75
  20
0.13999390398780862
  11
12.75
  21
0.13999390398780862
  40
2.30000508001016
  1
5:GND
  50
0
  71
1
  72
0
  41
1.1
  100
AcDbText
  73
2
  0
TEXT
  5
1972
  100
AcDbEntity
  8
Top Silkscreen Layer
  7
default
  461
1.4224028448056898
  100
AcDbText
  10
22.8
  20
54.45000000000001
  11
22.8
  21
54.45000000000001
  40
1.4224028448056898
  1
+
  50
0
  71
1
  72
0
  41
1.1
  100
AcDbText
  73
2
  0
TEXT
  5
1973
  100
AcDbEntity
  8
Top Silkscreen Layer
  7
得意黑
  461
1.0500017780035562
  100
AcDbText
  10
27.200000000000003
  20
62.60000000000001
  11
27.200000000000003
  21
62.60000000000001
  40
1.2822748985922219
  1
Q1
  50
360
  71
1
  72
0
  41
1.1
  100
AcDbText
  73
2
  0
TEXT
  5
1974
  100
AcDbEntity
  8
Top Silkscreen Layer
  7
得意黑
  461
1.0500017780035562
  100
AcDbText
  10
8
  20
63.050000000000004
  11
8
  21
63.050000000000004
  40
1.2600021336042677
  1
P1
  50
360
  71
1
  72
0
  41
1.1
  100
AcDbText
  73
1
  0
TEXT
  5
1975
  100
AcDbEntity
  8
Top Silkscreen Layer
  7
得意黑
  461
1.0500017780035562
  100
AcDbText
  10
20.750000000000004
  20
58.050000000000004
  11
20.750000000000004
  21
58.050000000000004
  40
1.2600021336042677
  1
C1
  50
360
  71
1
  72
1
  41
1.1
  100
AcDbText
  73
2
  0
TEXT
  5
1976
  100
AcDbEntity
  8
Top Silkscreen Layer
  7
得意黑
  461
1.0500017780035562
  100
AcDbText
  10
27.150000000000006
  20
57.60000000000001
  11
27.150000000000006
  21
57.60000000000001
  40
1.2600021336042677
  1
R1
  50
360
  71
1
  72
0
  41
1.1
  100
AcDbText
  73
2
  0
TEXT
  5
1977
  100
AcDbEntity
  8
Top Silkscreen Layer
  7
得意黑
  461
1.0500017780035562
  100
AcDbText
  10
27.150000000000006
  20
59.1
  11
27.150000000000006
  21
59.1
  40
1.2600021336042677
  1
R2
  50
0
  71
1
  72
0
  41
1.1
  100
AcDbText
  73
2
  0
TEXT
  5
1978
  100
AcDbEntity
  8
Top Silkscreen Layer
  7
得意黑
  461
1.0500017780035562
  100
AcDbText
  10
27.150000000000006
  20
56.10000000000001
  11
27.150000000000006
  21
56.10000000000001
  40
1.2600021336042677
  1
R3
  50
2520
  71
1
  72
0
  41
1.1
  100
AcDbText
  73
2
  0
TEXT
  5
1979
  100
AcDbEntity
  8
Top Silkscreen Layer
  7
得意黑
  461
1.0500017780035562
  100
AcDbText
  10
27.200000000000003
  20
54.45000000000001
  11
27.200000000000003
  21
54.45000000000001
  40
1.2600021336042677
  1
D1
  50
1080
  71
1
  72
0
  41
1.1
  100
AcDbText
  73
2
  0
TEXT
  5
1980
  100
AcDbEntity
  8
Top Silkscreen Layer
  7
得意黑
  461
1.0500017780035562
  100
AcDbText
  10
40.650000000000006
  20
20.800000000000004
  11
40.650000000000006
  21
20.800000000000004
  40
1.2600021336042677
  1
U1
  50
360
  71
1
  72
0
  41
1.1
  100
AcDbText
  73
1
  0
TEXT
  5
1981
  100
AcDbEntity
  8
Top Silkscreen Layer
  7
得意黑
  461
1.0500017780035562
  100
AcDbText
  10
27.600000000000005
  20
14.400000000000002
  11
27.600000000000005
  21
14.400000000000002
  40
1.2600021336042677
  1
R6
  50
809.9999999999999
  71
1
  72
2
  41
1.1
  100
AcDbText
  73
2
  0
TEXT
  5
1982
  100
AcDbEntity
  8
Top Silkscreen Layer
  7
得意黑
  461
1.0500017780035562
  100
AcDbText
  10
29.1
  20
14.400000000000002
  11
29.1
  21
14.400000000000002
  40
1.2600021336042677
  1
C9
  50
450
  71
1
  72
2
  41
1.1
  100
AcDbText
  73
2
  0
TEXT
  5
1983
  100
AcDbEntity
  8
Top Silkscreen Layer
  7
得意黑
  461
1.0500017780035562
  100
AcDbText
  10
33.60000000000001
  20
14.400000000000002
  11
33.60000000000001
  21
14.400000000000002
  40
1.2600021336042677
  1
C8
  50
450
  71
1
  72
2
  41
1.1
  100
AcDbText
  73
2
  0
TEXT
  5
1984
  100
AcDbEntity
  8
Top Silkscreen Layer
  7
得意黑
  461
1.0500017780035562
  100
AcDbText
  10
38.400000000000006
  20
12.150000000000002
  11
38.400000000000006
  21
12.150000000000002
  40
1.2600021336042677
  1
C6
  50
720
  71
1
  72
2
  41
1.1
  100
AcDbText
  73
2
  0
TEXT
  5
1985
  100
AcDbEntity
  8
Top Silkscreen Layer
  7
得意黑
  461
1.0500017780035562
  100
AcDbText
  10
36.35
  20
12.150000000000002
  11
36.35
  21
12.150000000000002
  40
1.2600021336042677
  1
C7
  50
720
  71
1
  72
2
  41
1.1
  100
AcDbText
  73
2
  0
TEXT
  5
1986
  100
AcDbEntity
  8
Top Silkscreen Layer
  7
得意黑
  461
1.0500017780035562
  100
AcDbText
  10
60.60001016002033
  20
31.600000000000005
  11
60.60001016002033
  21
31.600000000000005
  40
1.2600021336042677
  1
P2
  50
360
  71
1
  72
0
  41
1.1
  100
AcDbText
  73
1
  0
TEXT
  5
1987
  100
AcDbEntity
  8
Top Silkscreen Layer
  7
得意黑
  461
1.0500017780035562
  100
AcDbText
  10
68.30001016002032
  20
31.60000000000001
  11
68.30001016002032
  21
31.60000000000001
  40
1.260002133604265
  1
P3
  50
360
  71
1
  72
0
  41
1.1
  100
AcDbText
  73
1
  0
TEXT
  5
1988
  100
AcDbEntity
  8
Top Silkscreen Layer
  7
得意黑
  461
1.0500017780035562
  100
AcDbText
  10
30.250000000000007
  20
45.300000000000004
  11
30.250000000000007
  21
45.300000000000004
  40
1.2822748985922219
  1
J1
  50
0
  71
1
  72
0
  41
1.1
  100
AcDbText
  73
1
  0
TEXT
  5
1989
  100
AcDbEntity
  8
Top Silkscreen Layer
  7
得意黑
  461
1.0500017780035562
  100
AcDbText
  10
5.200000000000001
  20
52.60000000000001
  11
5.200000000000001
  21
52.60000000000001
  40
1.2822748985922219
  1
J2
  50
0
  71
1
  72
0
  41
1.1
  100
AcDbText
  73
1
  0
TEXT
  5
1990
  100
AcDbEntity
  8
Top Silkscreen Layer
  7
得意黑
  461
1.0500017780035562
  100
AcDbText
  10
0.20000000000000046
  20
56.35
  11
0.20000000000000046
  21
56.35
  40
1.2600021336042677
  1
P4
  50
0
  71
1
  72
0
  41
1.1
  100
AcDbText
  73
1
  0
TEXT
  5
1991
  100
AcDbEntity
  8
Top Silkscreen Layer
  7
得意黑
  461
1.0500017780035562
  100
AcDbText
  10
7.15
  20
0.4
  11
7.15
  21
0.4
  40
1.2600021336042673
  1
P5
  50
0
  71
1
  72
0
  41
1.1
  100
AcDbText
  73
1
  0
TEXT
  5
1992
  100
AcDbEntity
  8
Top Silkscreen Layer
  7
得意黑
  461
1.0500017780035562
  100
AcDbText
  10
54.4499998999998
  20
0.25
  11
54.4499998999998
  21
0.25
  40
1.260002133604267
  1
P6
  50
0
  71
1
  72
0
  41
1.1
  100
AcDbText
  73
1
  0
TEXT
  5
1993
  100
AcDbEntity
  8
Top Silkscreen Layer
  7
得意黑
  461
1.0500017780035562
  100
AcDbText
  10
47.100010060020125
  20
63.050000000000004
  11
47.100010060020125
  21
63.050000000000004
  40
1.2600021336042677
  1
P7
  50
0
  71
1
  72
0
  41
1.1
  100
AcDbText
  73
1
  0
TEXT
  5
1994
  100
AcDbEntity
  8
Top Silkscreen Layer
  7
得意黑
  461
1.0500017780035562
  100
AcDbText
  10
22.200045720091442
  20
48.100093980187964
  11
22.200045720091442
  21
48.100093980187964
  40
1.2600021336042677
  1
PR11
  50
720
  71
1
  72
1
  41
1.1
  100
AcDbText
  73
2
  0
TEXT
  5
1995
  100
AcDbEntity
  8
Top Silkscreen Layer
  7
得意黑
  461
1.0500017780035562
  100
AcDbText
  10
18.150035560071125
  20
48.100093980187964
  11
18.150035560071125
  21
48.100093980187964
  40
1.2600021336042677
  1
PR4
  50
720
  71
1
  72
1
  41
1.1
  100
AcDbText
  73
2
  0
TEXT
  5
1996
  100
AcDbEntity
  8
Top Silkscreen Layer
  7
得意黑
  461
1.0500017780035562
  100
AcDbText
  10
22.200045720091442
  20
42.75008128016257
  11
22.200045720091442
  21
42.75008128016257
  40
1.2600021336042677
  1
PR8
  50
360
  71
1
  72
1
  41
1.1
  100
AcDbText
  73
2
  0
TEXT
  5
1997
  100
AcDbEntity
  8
Top Silkscreen Layer
  7
得意黑
  461
1.0500017780035562
  100
AcDbText
  10
18.150000000000006
  20
42.75008128016257
  11
18.150000000000006
  21
42.75008128016257
  40
1.2600021336042677
  1
PR1
  50
720
  71
1
  72
1
  41
1.1
  100
AcDbText
  73
2
  0
TEXT
  5
1998
  100
AcDbEntity
  8
Top Silkscreen Layer
  7
得意黑
  461
1.0500017780035562
  100
AcDbText
  10
22.200000000000003
  20
37.40007112014224
  11
22.200000000000003
  21
37.40007112014224
  40
1.2600021336042677
  1
PR12
  50
360
  71
1
  72
1
  41
1.1
  100
AcDbText
  73
2
  0
TEXT
  5
1999
  100
AcDbEntity
  8
Top Silkscreen Layer
  7
得意黑
  461
1.0500017780035562
  100
AcDbText
  10
18.150000000000006
  20
37.40007112014224
  11
18.150000000000006
  21
37.40007112014224
  40
1.2600021336042677
  1
PR5
  50
360
  71
1
  72
1
  41
1.1
  100
AcDbText
  73
2
  0
TEXT
  5
2000
  100
AcDbEntity
  8
Top Silkscreen Layer
  7
得意黑
  461
1.0500017780035562
  100
AcDbText
  10
22.200000000000003
  20
32.050060960121925
  11
22.200000000000003
  21
32.050060960121925
  40
1.260002133604265
  1
PR9
  50
360
  71
1
  72
1
  41
1.1
  100
AcDbText
  73
2
  0
TEXT
  5
2001
  100
AcDbEntity
  8
Top Silkscreen Layer
  7
得意黑
  461
1.0500017780035562
  100
AcDbText
  10
18.150000000000006
  20
32.050060960121925
  11
18.150000000000006
  21
32.050060960121925
  40
1.260002133604265
  1
PR2
  50
360
  71
1
  72
1
  41
1.1
  100
AcDbText
  73
2
  0
TEXT
  5
2002
  100
AcDbEntity
  8
Top Silkscreen Layer
  7
得意黑
  461
1.0500017780035562
  100
AcDbText
  10
18.150000000000006
  20
26.700050800101604
  11
18.150000000000006
  21
26.700050800101604
  40
1.2600021336042677
  1
PR6
  50
720
  71
1
  72
1
  41
1.1
  100
AcDbText
  73
2
  0
TEXT
  5
2003
  100
AcDbEntity
  8
Top Silkscreen Layer
  7
得意黑
  461
1.0500017780035562
  100
AcDbText
  10
22.200045720091442
  20
26.700050800101604
  11
22.200045720091442
  21
26.700050800101604
  40
1.2600021336042677
  1
PR13
  50
360
  71
1
  72
1
  41
1.1
  100
AcDbText
  73
2
  0
TEXT
  5
2004
  100
AcDbEntity
  8
Top Silkscreen Layer
  7
得意黑
  461
1.0500017780035562
  100
AcDbText
  10
18.150000000000006
  20
21.35
  11
18.150000000000006
  21
21.35
  40
1.2600021336042677
  1
PR3
  50
360
  71
1
  72
1
  41
1.1
  100
AcDbText
  73
2
  0
TEXT
  5
2005
  100
AcDbEntity
  8
Top Silkscreen Layer
  7
得意黑
  461
1.0500017780035562
  100
AcDbText
  10
22.200000000000003
  20
21.400000000000002
  11
22.200000000000003
  21
21.400000000000002
  40
1.2600021336042677
  1
PR10
  50
360
  71
1
  72
1
  41
1.1
  100
AcDbText
  73
2
  0
TEXT
  5
2006
  100
AcDbEntity
  8
Top Silkscreen Layer
  7
得意黑
  461
1.0500017780035562
  100
AcDbText
  10
22.200000000000003
  20
16.1
  11
22.200000000000003
  21
16.1
  40
1.2600021336042677
  1
PR14
  50
360
  71
1
  72
1
  41
1.1
  100
AcDbText
  73
2
  0
TEXT
  5
2007
  100
AcDbEntity
  8
Top Silkscreen Layer
  7
得意黑
  461
1.0500017780035562
  100
AcDbText
  10
18.150000000000006
  20
16.1
  11
18.150000000000006
  21
16.1
  40
1.2600021336042677
  1
PR7
  50
720
  71
1
  72
1
  41
1.1
  100
AcDbText
  73
2
  0
TEXT
  5
2008
  100
AcDbEntity
  8
Top Silkscreen Layer
  7
得意黑
  461
1.0500017780035562
  100
AcDbText
  10
37.75
  20
37.900000000000006
  11
37.75
  21
37.900000000000006
  40
1.2600021336042677
  1
C25
  50
0
  71
1
  72
2
  41
1.1
  100
AcDbText
  73
2
  0
TEXT
  5
2009
  100
AcDbEntity
  8
Top Silkscreen Layer
  7
得意黑
  461
1.0500017780035562
  100
AcDbText
  10
37.75
  20
36.400000000000006
  11
37.75
  21
36.400000000000006
  40
1.2600021336042677
  1
C26
  50
0
  71
1
  72
2
  41
1.1
  100
AcDbText
  73
2
  0
TEXT
  5
2010
  100
AcDbEntity
  8
Top Silkscreen Layer
  7
得意黑
  461
1.0500017780035562
  100
AcDbText
  10
30.600000000000005
  20
14.400000000000002
  11
30.600000000000005
  21
14.400000000000002
  40
1.2600021336042677
  1
C27
  50
809.9999999999999
  71
1
  72
2
  41
1.1
  100
AcDbText
  73
2
  0
TEXT
  5
2011
  100
AcDbEntity
  8
Top Silkscreen Layer
  7
得意黑
  461
1.0500017780035562
  100
AcDbText
  10
32.10000000000001
  20
14.400000000000002
  11
32.10000000000001
  21
14.400000000000002
  40
1.2600021336042677
  1
C28
  50
809.9999999999999
  71
1
  72
2
  41
1.1
  100
AcDbText
  73
2
  0
TEXT
  5
2012
  100
AcDbEntity
  8
Top Silkscreen Layer
  7
得意黑
  461
1.0500017780035562
  100
AcDbText
  10
41.50000000000001
  20
14.400000000000002
  11
41.50000000000001
  21
14.400000000000002
  40
1.2600021336042677
  1
C30
  50
809.9999999999999
  71
1
  72
2
  41
1.1
  100
AcDbText
  73
2
  0
TEXT
  5
2013
  100
AcDbEntity
  8
Top Silkscreen Layer
  7
得意黑
  461
1.0500017780035562
  100
AcDbText
  10
42.95
  20
14.400000000000002
  11
42.95
  21
14.400000000000002
  40
1.2600021336042677
  1
C31
  50
450
  71
1
  72
2
  41
1.1
  100
AcDbText
  73
2
  0
TEXT
  5
2014
  100
AcDbEntity
  8
Top Silkscreen Layer
  7
得意黑
  461
1.0500017780035562
  100
AcDbText
  10
26.400000000000002
  20
28.700000000000006
  11
26.400000000000002
  21
28.700000000000006
  40
1.2600021336042677
  1
C29
  50
360
  71
1
  72
1
  41
1.1
  100
AcDbText
  73
1
  0
TEXT
  5
2015
  100
AcDbEntity
  8
Top Silkscreen Layer
  7
得意黑
  461
1.0500017780035562
  100
AcDbText
  10
40
  20
14.400000000000002
  11
40
  21
14.400000000000002
  40
1.2600021336042677
  1
C10
  50
450
  71
1
  72
2
  41
1.1
  100
AcDbText
  73
2
  0
TEXT
  5
2016
  100
AcDbEntity
  8
Top Silkscreen Layer
  7
得意黑
  461
1.0500017780035562
  100
AcDbText
  10
53.40001016002032
  20
45.28000000000001
  11
53.40001016002032
  21
45.28000000000001
  40
1.2600021336042677
  1
R7
  50
360
  71
1
  72
0
  41
1.1
  100
AcDbText
  73
2
  0
TEXT
  5
2017
  100
AcDbEntity
  8
Top Silkscreen Layer
  7
得意黑
  461
1.0500017780035562
  100
AcDbText
  10
53.40001016002032
  20
43.78000000000001
  11
53.40001016002032
  21
43.78000000000001
  40
1.2600021336042677
  1
R8
  50
360
  71
1
  72
0
  41
1.1
  100
AcDbText
  73
2
  0
TEXT
  5
2018
  100
AcDbEntity
  8
Top Silkscreen Layer
  7
得意黑
  461
1.0500017780035562
  100
AcDbText
  10
48.80000000000001
  20
44.53
  11
48.80000000000001
  21
44.53
  40
1.2600021336042677
  1
C13
  50
450
  71
1
  72
1
  41
1.1
  100
AcDbText
  73
1
  0
TEXT
  5
2019
  100
AcDbEntity
  8
Top Silkscreen Layer
  7
得意黑
  461
1.0500017780035562
  100
AcDbText
  10
53.40001016002032
  20
40.909997459994926
  11
53.40001016002032
  21
40.909997459994926
  40
1.2600021336042677
  1
R9
  50
360
  71
1
  72
0
  41
1.1
  100
AcDbText
  73
2
  0
TEXT
  5
2020
  100
AcDbEntity
  8
Top Silkscreen Layer
  7
得意黑
  461
1.0500017780035562
  100
AcDbText
  10
53.40001016002032
  20
39.409997459994926
  11
53.40001016002032
  21
39.409997459994926
  40
1.2600021336042677
  1
R10
  50
360
  71
1
  72
0
  41
1.1
  100
AcDbText
  73
2
  0
TEXT
  5
2021
  100
AcDbEntity
  8
Top Silkscreen Layer
  7
得意黑
  461
1.0500017780035562
  100
AcDbText
  10
48.80001016002033
  20
40.160081280162565
  11
48.80001016002033
  21
40.160081280162565
  40
1.2600021336042677
  1
C14
  50
450
  71
1
  72
1
  41
1.1
  100
AcDbText
  73
1
  0
TEXT
  5
2022
  100
AcDbEntity
  8
Top Silkscreen Layer
  7
得意黑
  461
1.0500017780035562
  100
AcDbText
  10
53.40001016002032
  20
36.53999745999492
  11
53.40001016002032
  21
36.53999745999492
  40
1.2600021336042677
  1
R11
  50
360
  71
1
  72
0
  41
1.1
  100
AcDbText
  73
2
  0
TEXT
  5
2023
  100
AcDbEntity
  8
Top Silkscreen Layer
  7
得意黑
  461
1.0500017780035562
  100
AcDbText
  10
53.40001016002032
  20
35.03999745999493
  11
53.40001016002032
  21
35.03999745999493
  40
1.2600021336042677
  1
R12
  50
360
  71
1
  72
0
  41
1.1
  100
AcDbText
  73
2
  0
TEXT
  5
2024
  100
AcDbEntity
  8
Top Silkscreen Layer
  7
得意黑
  461
1.0500017780035562
  100
AcDbText
  10
48.80001016002033
  20
35.79007366014732
  11
48.80001016002033
  21
35.79007366014732
  40
1.2600021336042677
  1
C15
  50
450
  71
1
  72
1
  41
1.1
  100
AcDbText
  73
1
  0
TEXT
  5
2025
  100
AcDbEntity
  8
Top Silkscreen Layer
  7
得意黑
  461
1.0500017780035562
  100
AcDbText
  10
53.40001016002032
  20
32.16999491998984
  11
53.40001016002032
  21
32.16999491998984
  40
1.2600021336042677
  1
R13
  50
360
  71
1
  72
0
  41
1.1
  100
AcDbText
  73
2
  0
TEXT
  5
2026
  100
AcDbEntity
  8
Top Silkscreen Layer
  7
得意黑
  461
1.0500017780035562
  100
AcDbText
  10
53.40001016002032
  20
30.66999491998984
  11
53.40001016002032
  21
30.66999491998984
  40
1.2600021336042677
  1
R14
  50
360
  71
1
  72
0
  41
1.1
  100
AcDbText
  73
2
  0
TEXT
  5
2027
  100
AcDbEntity
  8
Top Silkscreen Layer
  7
得意黑
  461
1.0500017780035562
  100
AcDbText
  10
48.80001016002033
  20
31.420063500127007
  11
48.80001016002033
  21
31.420063500127007
  40
1.2600021336042677
  1
C16
  50
90
  71
1
  72
1
  41
1.1
  100
AcDbText
  73
1
  0
TEXT
  5
2028
  100
AcDbEntity
  8
Top Silkscreen Layer
  7
得意黑
  461
1.0500017780035562
  100
AcDbText
  10
53.40001016002032
  20
27.799994919989842
  11
53.40001016002032
  21
27.799994919989842
  40
1.2600021336042677
  1
R15
  50
360
  71
1
  72
0
  41
1.1
  100
AcDbText
  73
2
  0
TEXT
  5
2029
  100
AcDbEntity
  8
Top Silkscreen Layer
  7
得意黑
  461
1.0500017780035562
  100
AcDbText
  10
53.40001016002032
  20
26.299994919989842
  11
53.40001016002032
  21
26.299994919989842
  40
1.2600021336042677
  1
R16
  50
360
  71
1
  72
0
  41
1.1
  100
AcDbText
  73
2
  0
TEXT
  5
2030
  100
AcDbEntity
  8
Top Silkscreen Layer
  7
得意黑
  461
1.0500017780035562
  100
AcDbText
  10
48.80001016002033
  20
27.050058420116844
  11
48.80001016002033
  21
27.050058420116844
  40
1.2600021336042677
  1
C17
  50
90
  71
1
  72
1
  41
1.1
  100
AcDbText
  73
1
  0
TEXT
  5
2031
  100
AcDbEntity
  8
Top Silkscreen Layer
  7
得意黑
  461
1.0500017780035562
  100
AcDbText
  10
53.40001016002032
  20
23.429992379984764
  11
53.40001016002032
  21
23.429992379984764
  40
1.2600021336042677
  1
R17
  50
360
  71
1
  72
0
  41
1.1
  100
AcDbText
  73
2
  0
TEXT
  5
2032
  100
AcDbEntity
  8
Top Silkscreen Layer
  7
得意黑
  461
1.0500017780035562
  100
AcDbText
  10
53.40001016002032
  20
21.929992379984764
  11
53.40001016002032
  21
21.929992379984764
  40
1.2600021336042677
  1
R18
  50
720
  71
1
  72
0
  41
1.1
  100
AcDbText
  73
2
  0
TEXT
  5
2033
  100
AcDbEntity
  8
Top Silkscreen Layer
  7
得意黑
  461
1.0500017780035562
  100
AcDbText
  10
48.80001016002033
  20
22.67999237998476
  11
48.80001016002033
  21
22.67999237998476
  40
1.2600021336042677
  1
C18
  50
90
  71
1
  72
1
  41
1.1
  100
AcDbText
  73
1
  0
TEXT
  5
2034
  100
AcDbEntity
  8
Top Silkscreen Layer
  7
得意黑
  461
1.0500017780035562
  100
AcDbText
  10
53.40001016002032
  20
19.059989839979682
  11
53.40001016002032
  21
19.059989839979682
  40
1.2600021336042677
  1
R19
  50
360
  71
1
  72
0
  41
1.1
  100
AcDbText
  73
2
  0
TEXT
  5
2035
  100
AcDbEntity
  8
Top Silkscreen Layer
  7
得意黑
  461
1.0500017780035562
  100
AcDbText
  10
53.40001016002032
  20
17.559989839979682
  11
53.40001016002032
  21
17.559989839979682
  40
1.2600021336042677
  1
R20
  50
360
  71
1
  72
0
  41
1.1
  100
AcDbText
  73
2
  0
TEXT
  5
2036
  100
AcDbEntity
  8
Top Silkscreen Layer
  7
得意黑
  461
1.0500017780035562
  100
AcDbText
  10
48.80001016002033
  20
18.309989839979682
  11
48.80001016002033
  21
18.309989839979682
  40
1.2600021336042677
  1
C19
  50
90
  71
1
  72
1
  41
1.1
  100
AcDbText
  73
1
  0
TEXT
  5
2037
  100
AcDbEntity
  8
Top Silkscreen Layer
  7
得意黑
  461
1.0500017780035562
  100
AcDbText
  10
53.40001016002032
  20
14.689989839979683
  11
53.40001016002032
  21
14.689989839979683
  40
1.2600021336042677
  1
R21
  50
360
  71
1
  72
0
  41
1.1
  100
AcDbText
  73
2
  0
TEXT
  5
2038
  100
AcDbEntity
  8
Top Silkscreen Layer
  7
得意黑
  461
1.0500017780035562
  100
AcDbText
  10
53.40001016002032
  20
13.189989839979681
  11
53.40001016002032
  21
13.189989839979681
  40
1.2600021336042677
  1
R22
  50
360
  71
1
  72
0
  41
1.1
  100
AcDbText
  73
2
  0
TEXT
  5
2039
  100
AcDbEntity
  8
Top Silkscreen Layer
  7
得意黑
  461
1.0500017780035562
  100
AcDbText
  10
48.80001016002033
  20
13.939989839979681
  11
48.80001016002033
  21
13.939989839979681
  40
1.2600021336042677
  1
C20
  50
90
  71
1
  72
1
  41
1.1
  100
AcDbText
  73
1
  0
TEXT
  5
2040
  100
AcDbEntity
  8
Top Silkscreen Layer
  7
得意黑
  461
1.0500017780035562
  100
AcDbText
  10
43.25000000000001
  20
60
  11
43.25000000000001
  21
60
  40
1.2600021336042677
  1
C11
  50
0
  71
1
  72
0
  41
1.1
  100
AcDbText
  73
2
  0
TEXT
  5
2041
  100
AcDbEntity
  8
Top Silkscreen Layer
  7
得意黑
  461
1.0500017780035562
  100
AcDbText
  10
46.650000000000006
  20
53.05000000000001
  11
46.650000000000006
  21
53.05000000000001
  40
1.2600021336042677
  1
C12
  50
360
  71
1
  72
0
  41
1.1
  100
AcDbText
  73
2
  0
TEXT
  5
2042
  100
AcDbEntity
  8
Top Silkscreen Layer
  7
得意黑
  461
1.0500017780035562
  100
AcDbText
  10
42.20000000000001
  20
60
  11
42.20000000000001
  21
60
  40
1.2600021336042677
  1
C22
  50
1080
  71
1
  72
2
  41
1.1
  100
AcDbText
  73
2
  0
TEXT
  5
2043
  100
AcDbEntity
  8
Top Silkscreen Layer
  7
得意黑
  461
1.0500017780035562
  100
AcDbText
  10
39.07816611633224
  20
53.07816865633732
  11
39.07816611633224
  21
53.07816865633732
  40
1.2600021336042677
  1
C23
  50
1080
  71
1
  72
2
  41
1.1
  100
AcDbText
  73
2
  0
TEXT
  5
2044
  100
AcDbEntity
  8
Top Silkscreen Layer
  7
得意黑
  461
1.0500017780035562
  100
AcDbText
  10
46.650000000000006
  20
55.70000000000001
  11
46.650000000000006
  21
55.70000000000001
  40
1.2600021336042677
  1
U3
  50
720
  71
1
  72
0
  41
1.1
  100
AcDbText
  73
2
  0
TEXT
  5
2045
  100
AcDbEntity
  8
Top Silkscreen Layer
  7
得意黑
  461
1.0500017780035562
  100
AcDbText
  10
46.650000000000006
  20
51.550000000000004
  11
46.650000000000006
  21
51.550000000000004
  40
1.2600021336042677
  1
C21
  50
360
  71
1
  72
0
  41
1.1
  100
AcDbText
  73
2
  0
TEXT
  5
2046
  100
AcDbEntity
  8
Top Silkscreen Layer
  7
得意黑
  461
1.0500017780035562
  100
AcDbText
  10
39.07816611633224
  20
51.57816865633731
  11
39.07816611633224
  21
51.57816865633731
  40
1.2600021336042677
  1
C24
  50
1080
  71
1
  72
2
  41
1.1
  100
AcDbText
  73
2
  0
TEXT
  5
2047
  100
AcDbEntity
  8
Top Silkscreen Layer
  7
得意黑
  461
1.0500017780035562
  100
AcDbText
  10
32.150000000000006
  20
55.400000000000006
  11
32.150000000000006
  21
55.400000000000006
  40
1.2600021336042677
  1
U2
  50
1440
  71
1
  72
1
  41
1.1
  100
AcDbText
  73
3
  0
TEXT
  5
2048
  100
AcDbEntity
  8
Top Silkscreen Layer
  7
得意黑
  461
1.0500017780035562
  100
AcDbText
  10
37.6
  20
58.550000000000004
  11
37.6
  21
58.550000000000004
  40
1.2600021336042677
  1
L1
  50
720
  71
1
  72
1
  41
1.1
  100
AcDbText
  73
3
  0
TEXT
  5
2049
  100
AcDbEntity
  8
Top Silkscreen Layer
  7
得意黑
  461
1.0500017780035562
  100
AcDbText
  10
34.800000000000004
  20
62.2
  11
34.800000000000004
  21
62.2
  40
1.2600021336042677
  1
D2
  50
2520
  71
1
  72
1
  41
1.1
  100
AcDbText
  73
1
  0
TEXT
  5
2050
  100
AcDbEntity
  8
Top Silkscreen Layer
  7
得意黑
  461
1.0500017780035562
  100
AcDbText
  10
31.1
  20
62.150000000000006
  11
31.1
  21
62.150000000000006
  40
1.2600021336042677
  1
R4
  50
1080
  71
1
  72
1
  41
1.1
  100
AcDbText
  73
1
  0
TEXT
  5
2051
  100
AcDbEntity
  8
Top Silkscreen Layer
  7
得意黑
  461
1.0500017780035562
  100
AcDbText
  10
29.600000000000005
  20
62.150000000000006
  11
29.600000000000005
  21
62.150000000000006
  40
1.2600021336042677
  1
R5
  50
720
  71
1
  72
1
  41
1.1
  100
AcDbText
  73
1
  0
TEXT
  5
2052
  100
AcDbEntity
  8
Top Silkscreen Layer
  7
得意黑
  461
1.0500017780035562
  100
AcDbText
  10
38.400000000000006
  20
62.10000000000001
  11
38.400000000000006
  21
62.10000000000001
  40
1.2600021336042677
  1
C2
  50
720
  71
1
  72
1
  41
1.1
  100
AcDbText
  73
1
  0
TEXT
  5
2053
  100
AcDbEntity
  8
Top Silkscreen Layer
  7
得意黑
  461
1.0500017780035562
  100
AcDbText
  10
36.9
  20
62.10000000000001
  11
36.9
  21
62.10000000000001
  40
1.2600021336042677
  1
C3
  50
360
  71
1
  72
1
  41
1.1
  100
AcDbText
  73
1
  0
TEXT
  5
2054
  100
AcDbEntity
  8
Top Silkscreen Layer
  7
得意黑
  461
1.0500017780035562
  100
AcDbText
  10
32.60000000000001
  20
62.150000000000006
  11
32.60000000000001
  21
62.150000000000006
  40
1.2600021336042677
  1
C4
  50
720
  71
1
  72
1
  41
1.1
  100
AcDbText
  73
1
  0
TEXT
  5
2055
  100
AcDbEntity
  8
Top Silkscreen Layer
  7
得意黑
  461
1.0500017780035562
  100
AcDbText
  10
29.55
  20
55.45
  11
29.55
  21
55.45
  40
1.2600021336042677
  1
C5
  50
1080
  71
1
  72
1
  41
1.1
  100
AcDbText
  73
3
  0
TEXT
  5
2056
  100
AcDbEntity
  8
Top Silkscreen Layer
  7
得意黑
  461
1.0500017780035562
  100
AcDbText
  10
38.9
  20
55.70000000000001
  11
38.9
  21
55.70000000000001
  40
1.2600021336042677
  1
U4
  50
2160
  71
1
  72
2
  41
1.1
  100
AcDbText
  73
2
  0
TEXT
  5
2057
  100
AcDbEntity
  8
Top Silkscreen Layer
  7
得意黑
  461
1.0500017780035562
  100
AcDbText
  10
46.85000000000001
  20
0.2500000000000001
  11
46.85000000000001
  21
0.2500000000000001
  40
1.2822748985922214
  1
JG1
  50
0
  71
1
  72
0
  41
1.1
  100
AcDbText
  73
1
  0
TEXT
  5
2058
  100
AcDbEntity
  8
Top Silkscreen Layer
  7
得意黑
  461
1.0500017780035562
  100
AcDbText
  10
24.500000000000004
  20
0.4500000000000001
  11
24.500000000000004
  21
0.4500000000000001
  40
1.2822748985922214
  1
J3
  50
360
  71
1
  72
0
  41
1.1
  100
AcDbText
  73
1
  0
TEXT
  5
2059
  100
AcDbEntity
  8
Top Silkscreen Layer
  7
得意黑
  461
1.0500017780035562
  100
AcDbText
  10
30.800000000000004
  20
10.5
  11
30.800000000000004
  21
10.5
  40
1.2600021336042677
  1
R23
  50
0
  71
1
  72
0
  41
1.1
  100
AcDbText
  73
2
  0
TEXT
  5
2060
  100
AcDbEntity
  8
Top Silkscreen Layer
  7
得意黑
  461
1.0500017780035562
  100
AcDbText
  10
44.70000000000001
  20
62.10000000000001
  11
44.70000000000001
  21
62.10000000000001
  40
1.2600021336042677
  1
5V8
  50
0
  71
1
  72
1
  41
1.1
  100
AcDbText
  73
2
  0
TEXT
  5
2061
  100
AcDbEntity
  8
Top Silkscreen Layer
  7
得意黑
  461
1.0500017780035562
  100
AcDbText
  10
47.35
  20
49.400000000000006
  11
47.35
  21
49.400000000000006
  40
1.2600021336042677
  1
5V
  50
0
  71
1
  72
1
  41
1.1
  100
AcDbText
  73
2
  0
TEXT
  5
2062
  100
AcDbEntity
  8
Top Silkscreen Layer
  7
得意黑
  461
1.0500017780035562
  100
AcDbText
  10
39.65000000000001
  20
49.400000000000006
  11
39.65000000000001
  21
49.400000000000006
  40
1.2600021336042677
  1
3V3
  50
0
  71
1
  72
1
  41
1.1
  100
AcDbText
  73
2
  0
TEXT
  5
2063
  100
AcDbEntity
  8
Top Silkscreen Layer
  7
得意黑
  461
1.0500017780035562
  100
AcDbText
  10
51.50000000000001
  20
51.75000000000001
  11
51.50000000000001
  21
51.75000000000001
  40
1.2600021336042677
  1
GND
  50
360
  71
1
  72
1
  41
1.1
  100
AcDbText
  73
2
  0
TEXT
  5
2064
  100
AcDbEntity
  8
Top Silkscreen Layer
  7
得意黑
  461
1.0500017780035562
  100
AcDbText
  10
29.450000000000003
  20
39.7
  11
29.450000000000003
  21
39.7
  40
1.2600021336042677
  1
C32
  50
720
  71
1
  72
1
  41
1.1
  100
AcDbText
  73
2
  0
TEXT
  5
2065
  100
AcDbEntity
  8
Top Silkscreen Layer
  7
得意黑
  461
1.0500017780035562
  100
AcDbText
  10
29.450000000000003
  20
36.75000000000001
  11
29.450000000000003
  21
36.75000000000001
  40
1.2600021336042677
  1
C33
  50
720
  71
1
  72
1
  41
1.1
  100
AcDbText
  73
2
  0
LWPOLYLINE
  5
2066
  100
AcDbEntity
  8
Top Silkscreen Layer
  100
AcDbPolyline
  90
2
  70
0
  43
0.15240030480060962
  10
27.026212852425708
  20
61.123787147574305
  10
27.026212852425708
  20
62.57621285242572
  0
LWPOLYLINE
  5
2067
  100
AcDbEntity
  8
Top Silkscreen Layer
  100
AcDbPolyline
  90
2
  70
0
  43
0.15240030480060962
  10
27.026212852425708
  20
62.57621285242572
  10
25.994589789179578
  20
62.57621285242572
  0
LWPOLYLINE
  5
2068
  100
AcDbEntity
  8
Top Silkscreen Layer
  100
AcDbPolyline
  90
2
  70
0
  43
0.15240030480060962
  10
23.973787147574296
  20
61.123787147574305
  10
23.973787147574296
  20
62.57621285242572
  0
LWPOLYLINE
  5
2069
  100
AcDbEntity
  8
Top Silkscreen Layer
  100
AcDbPolyline
  90
2
  70
0
  43
0.15240030480060962
  10
23.973787147574296
  20
62.57621285242572
  10
25.005410210820422
  20
62.57621285242572
  0
LWPOLYLINE
  5
2070
  100
AcDbEntity
  8
Top Silkscreen Layer
  100
AcDbPolyline
  90
2
  70
0
  43
0.15240030480060962
  10
25.955397510795024
  20
61.123787147574305
  10
25.044602489204976
  20
61.123787147574305
  0
LWPOLYLINE
  5
2071
  100
AcDbEntity
  8
Top Silkscreen Layer
  100
AcDbPolyline
  90
4
  70
0
  43
0.12000000000000002
  10
10.459989839979682
  20
60.70000000222481
  42
0.9999999999999999
  10
13.259994919989841
  20
60.699999999656626
  10
13.259994919989841
  20
60.6999999977752
  42
0.9999999999999999
  10
10.459989839979682
  20
60.70000000034339
  0
LWPOLYLINE
  5
2072
  100
AcDbEntity
  8
Top Silkscreen Layer
  100
AcDbPolyline
  90
4
  70
1
  43
0.12000000000000002
  10
19.540007620015245
  20
56.699992379984764
  10
19.540007620015245
  20
64.80000762001525
  10
9.2599872999746
  20
64.80000762001525
  10
9.2599872999746
  20
56.699992379984764
  0
LWPOLYLINE
  5
2073
  100
AcDbEntity
  8
Top Silkscreen Layer
  100
AcDbPolyline
  90
4
  70
1
  43
0.12000000000000002
  10
18.33350520701042
  20
63.5580060960122
  10
18.33350520701042
  20
64.80000762001525
  10
15.546499872999748
  20
64.80000762001525
  10
15.546499872999748
  20
63.5580060960122
  0
LWPOLYLINE
  5
2074
  100
AcDbEntity
  8
Top Silkscreen Layer
  100
AcDbPolyline
  90
4
  70
1
  43
0.12000000000000002
  10
13.252618745237493
  20
63.5580060960122
  10
13.252618745237493
  20
64.80000762001525
  10
10.465613411226824
  20
64.80000762001525
  10
10.465613411226824
  20
63.5580060960122
  0
LWPOLYLINE
  5
2075
  100
AcDbEntity
  8
Top Silkscreen Layer
  100
AcDbPolyline
  90
2
  70
0
  43
0.12000000000000002
  10
16.163421386842778
  20
59.53512827025654
  42
0.30277499443608114
  10
17.716583693167387
  20
59.53512827025654
  0
LWPOLYLINE
  5
2076
  100
AcDbEntity
  8
Top Silkscreen Layer
  100
AcDbPolyline
  90
2
  70
0
  43
0.12000000000000002
  10
15.775130810261622
  20
61.476581153162314
  42
0.30277499443608114
  10
15.775130810261622
  20
59.9234188468377
  0
LWPOLYLINE
  5
2077
  100
AcDbEntity
  8
Top Silkscreen Layer
  100
AcDbPolyline
  90
2
  70
0
  43
0.12000000000000002
  10
17.71658369316739
  20
61.86487172974346
  42
0.30277499443608114
  10
16.163421386842774
  20
61.86487172974346
  0
LWPOLYLINE
  5
2078
  100
AcDbEntity
  8
Top Silkscreen Layer
  100
AcDbPolyline
  90
2
  70
0
  43
0.12000000000000002
  10
18.104874269748542
  20
59.9234188468377
  42
0.30277499443608114
  10
18.104874269748542
  20
61.476581153162314
  0
LWPOLYLINE
  5
2079
  100
AcDbEntity
  8
Top Silkscreen Layer
  100
AcDbPolyline
  90
2
  70
0
  43
0.12000000000000002
  10
19.480007620015243
  20
58.39899415798833
  10
9.319987299974601
  20
58.39899415798833
  0
LWPOLYLINE
  5
2080
  100
AcDbEntity
  8
Top Silkscreen Layer
  100
AcDbPolyline
  90
2
  70
0
  43
0.12000000000000002
  10
19.480007620015243
  20
63.300005080010166
  10
9.319987299974601
  20
63.300005080010166
  0
LWPOLYLINE
  5
2081
  100
AcDbEntity
  8
Top Silkscreen Layer
  100
AcDbPolyline
  90
2
  70
0
  43
0.12000000000000002
  10
19.861008382016767
  20
65.08752603505208
  10
19.861008382016767
  20
63.91255778511558
  0
LWPOLYLINE
  5
2082
  100
AcDbEntity
  8
Top Silkscreen Layer
  100
AcDbPolyline
  90
2
  70
0
  43
0.12000000000000002
  10
19.22306832613666
  20
65.08752603505208
  10
19.861008382016767
  20
65.08752603505208
  0
LWPOLYLINE
  5
2083
  100
AcDbEntity
  8
Top Silkscreen Layer
  100
AcDbPolyline
  90
2
  70
0
  43
0.12000000000000002
  10
20.23999745999492
  20
63.560005080010164
  10
20.23999745999492
  20
61.90000254000508
  0
LWPOLYLINE
  5
2084
  100
AcDbEntity
  8
Top Silkscreen Layer
  100
AcDbPolyline
  90
2
  70
0
  43
0.12000000000000002
  10
23.460002540005085
  20
58.93999491998984
  10
23.460002540005085
  20
60.599997459994924
  0
LWPOLYLINE
  5
2085
  100
AcDbEntity
  8
Top Silkscreen Layer
  100
AcDbPolyline
  90
2
  70
0
  43
0.12000000000000002
  10
23.460002540005082
  20
63.560005080010164
  10
23.460002540005085
  20
61.90000254000508
  0
LWPOLYLINE
  5
2086
  100
AcDbEntity
  8
Top Silkscreen Layer
  100
AcDbPolyline
  90
2
  70
0
  43
0.12000000000000002
  10
23.460002540005082
  20
63.560005080010164
  10
20.23999745999492
  20
63.560005080010164
  0
LWPOLYLINE
  5
2087
  100
AcDbEntity
  8
Top Silkscreen Layer
  100
AcDbPolyline
  90
2
  70
0
  43
0.12000000000000002
  10
20.239997459994925
  20
58.93999491998984
  10
20.23999745999492
  20
60.599997459994924
  0
LWPOLYLINE
  5
2088
  100
AcDbEntity
  8
Top Silkscreen Layer
  100
AcDbPolyline
  90
2
  70
0
  43
0.11938023876047754
  10
23.460002540005085
  20
58.93999491998984
  10
20.239997459994925
  20
58.93999491998984
  0
LWPOLYLINE
  5
2089
  100
AcDbEntity
  8
Top Silkscreen Layer
  100
AcDbPolyline
  90
2
  70
0
  43
0.12000000000000002
  10
26.98500381000762
  20
56.86499872999747
  10
24.01499618999238
  20
56.86499872999747
  0
LWPOLYLINE
  5
2090
  100
AcDbEntity
  8
Top Silkscreen Layer
  100
AcDbPolyline
  90
2
  70
0
  43
0.12000000000000002
  10
24.01499618999238
  20
56.86499872999747
  10
24.01499618999238
  20
58.33500127000254
  0
LWPOLYLINE
  5
2091
  100
AcDbEntity
  8
Top Silkscreen Layer
  100
AcDbPolyline
  90
2
  70
0
  43
0.12000000000000002
  10
26.98500381000762
  20
58.33500127000254
  10
24.01499618999238
  20
58.33500127000254
  0
LWPOLYLINE
  5
2092
  100
AcDbEntity
  8
Top Silkscreen Layer
  100
AcDbPolyline
  90
2
  70
0
  43
0.12000000000000002
  10
26.98500381000762
  20
56.86499872999747
  10
26.98500381000762
  20
58.33500127000254
  0
LWPOLYLINE
  5
2093
  100
AcDbEntity
  8
Top Silkscreen Layer
  100
AcDbPolyline
  90
2
  70
0
  43
0.12000000000000002
  10
24.01499618999238
  20
59.83500127000254
  10
26.98500381000762
  20
59.83500127000254
  0
LWPOLYLINE
  5
2094
  100
AcDbEntity
  8
Top Silkscreen Layer
  100
AcDbPolyline
  90
2
  70
0
  43
0.12000000000000002
  10
26.98500381000762
  20
59.83500127000254
  10
26.98500381000762
  20
58.36499872999747
  0
LWPOLYLINE
  5
2095
  100
AcDbEntity
  8
Top Silkscreen Layer
  100
AcDbPolyline
  90
2
  70
0
  43
0.12000000000000002
  10
24.01499618999238
  20
58.36499872999747
  10
26.98500381000762
  20
58.36499872999747
  0
LWPOLYLINE
  5
2096
  100
AcDbEntity
  8
Top Silkscreen Layer
  100
AcDbPolyline
  90
2
  70
0
  43
0.12000000000000002
  10
24.01499618999238
  20
59.83500127000254
  10
24.01499618999238
  20
58.36499872999747
  0
LWPOLYLINE
  5
2097
  100
AcDbEntity
  8
Top Silkscreen Layer
  100
AcDbPolyline
  90
2
  70
0
  43
0.12000000000000002
  10
24.01499618999238
  20
56.83500127000255
  10
26.98500381000762
  20
56.83500127000255
  0
LWPOLYLINE
  5
2098
  100
AcDbEntity
  8
Top Silkscreen Layer
  100
AcDbPolyline
  90
2
  70
0
  43
0.12000000000000002
  10
26.98500381000762
  20
56.83500127000255
  10
26.98500381000762
  20
55.36499872999747
  0
LWPOLYLINE
  5
2099
  100
AcDbEntity
  8
Top Silkscreen Layer
  100
AcDbPolyline
  90
2
  70
0
  43
0.12000000000000002
  10
24.01499618999238
  20
55.36499872999747
  10
26.98500381000762
  20
55.36499872999747
  0
LWPOLYLINE
  5
2100
  100
AcDbEntity
  8
Top Silkscreen Layer
  100
AcDbPolyline
  90
2
  70
0
  43
0.12000000000000002
  10
24.01499618999238
  20
56.83500127000255
  10
24.01499618999238
  20
55.36499872999747
  0
LWPOLYLINE
  5
2101
  100
AcDbEntity
  8
Top Silkscreen Layer
  100
AcDbPolyline
  90
2
  70
0
  43
0.14986029972059947
  10
26.939243078486165
  20
54.10455930911862
  10
26.939243078486165
  20
54.803060706121414
  0
LWPOLYLINE
  5
2102
  100
AcDbEntity
  8
Top Silkscreen Layer
  100
AcDbPolyline
  90
2
  70
0
  43
0.14986029972059947
  10
26.939243078486165
  20
54.803060706121414
  10
26.939243078486165
  20
54.90466090932183
  0
LWPOLYLINE
  5
2103
  100
AcDbEntity
  8
Top Silkscreen Layer
  100
AcDbPolyline
  90
2
  70
0
  43
0.14986029972059947
  10
26.939243078486165
  20
54.10455930911862
  10
26.939243078486165
  20
54.00295910591822
  0
LWPOLYLINE
  5
2104
  100
AcDbEntity
  8
Top Silkscreen Layer
  100
AcDbPolyline
  90
2
  70
0
  43
0.14986029972059947
  10
26.939243078486165
  20
54.00295910591822
  10
26.639522479044963
  20
53.70323850647702
  0
LWPOLYLINE
  5
2105
  100
AcDbEntity
  8
Top Silkscreen Layer
  100
AcDbPolyline
  90
2
  70
0
  43
0.14986029972059947
  10
26.939243078486165
  20
54.90466090932183
  10
26.639522479044963
  20
55.20438150876303
  0
LWPOLYLINE
  5
2106
  100
AcDbEntity
  8
Top Silkscreen Layer
  100
AcDbPolyline
  90
2
  70
0
  43
0.14986029972059947
  10
25.590500381000766
  20
55.20438150876303
  10
26.639522479044963
  20
55.20438150876303
  0
LWPOLYLINE
  5
2107
  100
AcDbEntity
  8
Top Silkscreen Layer
  100
AcDbPolyline
  90
2
  70
0
  43
0.14986029972059947
  10
25.590500381000766
  20
53.70323850647702
  10
26.639522479044963
  20
53.70323850647702
  0
LWPOLYLINE
  5
2108
  100
AcDbEntity
  8
Top Silkscreen Layer
  100
AcDbPolyline
  90
2
  70
0
  43
0.14986029972059947
  10
25.209499618999242
  20
53.700698501397014
  10
24.06141732283465
  20
53.700698501397014
  0
LWPOLYLINE
  5
2109
  100
AcDbEntity
  8
Top Silkscreen Layer
  100
AcDbPolyline
  90
2
  70
0
  43
0.14986029972059947
  10
25.209499618999242
  20
55.20184150368302
  10
24.06141732283465
  20
55.20184150368302
  0
LWPOLYLINE
  5
2110
  100
AcDbEntity
  8
Top Silkscreen Layer
  100
AcDbPolyline
  90
2
  70
0
  43
0.14986029972059947
  10
25.239979679959365
  20
54.780200660401334
  10
25.570180340360686
  20
54.45000000000001
  0
LWPOLYLINE
  5
2111
  100
AcDbEntity
  8
Top Silkscreen Layer
  100
AcDbPolyline
  90
2
  70
0
  43
0.14986029972059947
  10
25.229819659639325
  20
54.45000000000001
  10
25.570180340360686
  20
54.45000000000001
  0
LWPOLYLINE
  5
2112
  100
AcDbEntity
  8
Top Silkscreen Layer
  100
AcDbPolyline
  90
2
  70
0
  43
0.14986029972059947
  10
25.229819659639325
  20
54.11217932435866
  10
25.570180340360686
  20
54.45000000000001
  0
LWPOLYLINE
  5
2113
  100
AcDbEntity
  8
Top Silkscreen Layer
  100
AcDbPolyline
  90
2
  70
0
  43
0.14986029972059947
  10
25.229819659639325
  20
54.780200660401334
  10
25.239979679959365
  20
54.780200660401334
  0
LWPOLYLINE
  5
2114
  100
AcDbEntity
  8
Top Silkscreen Layer
  100
AcDbPolyline
  90
2
  70
0
  43
0.14986029972059947
  10
25.229819659639325
  20
54.10201930403861
  10
25.229819659639325
  20
54.11217932435866
  0
LWPOLYLINE
  5
2115
  100
AcDbEntity
  8
Top Silkscreen Layer
  100
AcDbPolyline
  90
2
  70
0
  43
0.14986029972059947
  10
25.229819659639325
  20
54.10201930403861
  10
25.229819659639325
  20
54.780200660401334
  0
LWPOLYLINE
  5
2116
  100
AcDbEntity
  8
Top Silkscreen Layer
  100
AcDbPolyline
  90
2
  70
0
  43
0.14986029972059947
  10
24.06141732283465
  20
53.700698501397014
  10
24.06141732283465
  20
55.181521463042934
  0
LWPOLYLINE
  5
2117
  100
AcDbEntity
  8
Top Silkscreen Layer
  100
AcDbPolyline
  90
2
  70
0
  43
0.25400050800101603
  10
40.099999999999994
  20
31.68121666243333
  10
40.09997459994919
  20
31.68121666243333
  0
LWPOLYLINE
  5
2118
  100
AcDbEntity
  8
Top Silkscreen Layer
  100
AcDbPolyline
  90
2
  70
0
  43
0.25400050800101603
  10
40.09997459994919
  20
31.68121666243333
  10
39.23119126238252
  20
32.550000000000004
  0
LWPOLYLINE
  5
2119
  100
AcDbEntity
  8
Top Silkscreen Layer
  100
AcDbPolyline
  90
2
  70
0
  43
0.25400050800101603
  10
30.099999999999994
  20
22.55
  10
30.96878333756667
  20
22.55
  0
LWPOLYLINE
  5
2120
  100
AcDbEntity
  8
Top Silkscreen Layer
  100
AcDbPolyline
  90
2
  70
0
  43
0.25400050800101603
  10
30.099999999999994
  20
22.55
  10
30.099999999999994
  20
23.41880873761748
  0
LWPOLYLINE
  5
2121
  100
AcDbEntity
  8
Top Silkscreen Layer
  100
AcDbPolyline
  90
2
  70
0
  43
0.25400050800101603
  10
40.1
  20
23.41880873761748
  10
40.1
  20
22.55
  0
LWPOLYLINE
  5
2122
  100
AcDbEntity
  8
Top Silkscreen Layer
  100
AcDbPolyline
  90
2
  70
0
  43
0.25400050800101603
  10
40.1
  20
22.55
  10
39.231191262382524
  20
22.55
  0
LWPOLYLINE
  5
2123
  100
AcDbEntity
  8
Top Silkscreen Layer
  100
AcDbPolyline
  90
2
  70
0
  43
0.25400050800101603
  10
39.23119126238252
  20
32.550000000000004
  10
40.099999999999994
  20
32.550000000000004
  0
LWPOLYLINE
  5
2124
  100
AcDbEntity
  8
Top Silkscreen Layer
  100
AcDbPolyline
  90
2
  70
0
  43
0.25400050800101603
  10
40.099999999999994
  20
32.550000000000004
  10
40.099999999999994
  20
31.68121666243333
  0
LWPOLYLINE
  5
2125
  100
AcDbEntity
  8
Top Silkscreen Layer
  100
AcDbPolyline
  90
2
  70
0
  43
0.25400050800101603
  10
30.099999999999994
  20
31.68121666243333
  10
30.099999999999994
  20
32.55000000000001
  0
LWPOLYLINE
  5
2126
  100
AcDbEntity
  8
Top Silkscreen Layer
  100
AcDbPolyline
  90
2
  70
0
  43
0.25400050800101603
  10
30.099999999999994
  20
32.55000000000001
  10
30.968808737617472
  20
32.55000000000001
  0
LWPOLYLINE
  5
2127
  100
AcDbEntity
  8
Top Silkscreen Layer
  100
AcDbPolyline
  90
2
  70
0
  43
0.2
  10
39.3500127000254
  20
23.2999872999746
  10
39.350012700025395
  20
31.800012700025402
  0
LWPOLYLINE
  5
2128
  100
AcDbEntity
  8
Top Silkscreen Layer
  100
AcDbPolyline
  90
2
  70
0
  43
0.2
  10
39.350012700025395
  20
31.800012700025402
  10
30.849987299974597
  20
31.800012700025405
  0
LWPOLYLINE
  5
2129
  100
AcDbEntity
  8
Top Silkscreen Layer
  100
AcDbPolyline
  90
2
  70
0
  43
0.2
  10
30.849987299974597
  20
31.800012700025405
  10
30.849987299974593
  20
23.299987299974603
  0
LWPOLYLINE
  5
2130
  100
AcDbEntity
  8
Top Silkscreen Layer
  100
AcDbPolyline
  90
2
  70
0
  43
0.2
  10
30.849987299974593
  20
23.299987299974603
  10
39.3500127000254
  20
23.2999872999746
  0
LWPOLYLINE
  5
2131
  100
AcDbEntity
  8
Top Silkscreen Layer
  100
AcDbPolyline
  90
2
  70
0
  43
0.6000000000000001
  10
38.399466598933195
  20
30.5751460502921
  42
236.26984491454044
  10
38.39438658877317
  20
30.5751460502921
  0
LWPOLYLINE
  5
2132
  100
AcDbEntity
  8
Top Silkscreen Layer
  100
AcDbPolyline
  90
2
  70
0
  43
0.30000000000000004
  10
39.461264922529836
  20
33.03999237998477
  42
236.26984491454044
  10
39.45872491744983
  20
33.03999237998477
  0
LWPOLYLINE
  5
2133
  100
AcDbEntity
  8
Top Silkscreen Layer
  100
AcDbPolyline
  90
4
  70
1
  43
0.005080010160020321
  10
39.23119126238252
  20
32.550000000000004
  10
39.23121666243332
  20
32.550000000000004
  10
40.099999999999994
  20
31.68121666243333
  10
40.099999999999994
  20
32.550000000000004
  0
LWPOLYLINE
  5
2134
  100
AcDbEntity
  8
Top Silkscreen Layer
  100
AcDbPolyline
  90
2
  70
0
  43
0.12000000000000002
  10
26.864998729997467
  20
14.614996189992382
  10
26.864998729997467
  20
17.58500381000762
  0
LWPOLYLINE
  5
2135
  100
AcDbEntity
  8
Top Silkscreen Layer
  100
AcDbPolyline
  90
2
  70
0
  43
0.12000000000000002
  10
26.864998729997467
  20
17.58500381000762
  10
28.335001270002543
  20
17.58500381000762
  0
LWPOLYLINE
  5
2136
  100
AcDbEntity
  8
Top Silkscreen Layer
  100
AcDbPolyline
  90
2
  70
0
  43
0.12000000000000002
  10
28.335001270002543
  20
14.614996189992382
  10
28.335001270002543
  20
17.58500381000762
  0
LWPOLYLINE
  5
2137
  100
AcDbEntity
  8
Top Silkscreen Layer
  100
AcDbPolyline
  90
2
  70
0
  43
0.12000000000000002
  10
26.864998729997467
  20
14.614996189992382
  10
28.335001270002543
  20
14.614996189992382
  0
LWPOLYLINE
  5
2138
  100
AcDbEntity
  8
Top Silkscreen Layer
  100
AcDbPolyline
  90
2
  70
0
  43
0.11938023876047754
  10
29.835001270002543
  20
17.58500381000762
  10
29.835001270002543
  20
16.430000000000003
  0
LWPOLYLINE
  5
2139
  100
AcDbEntity
  8
Top Silkscreen Layer
  100
AcDbPolyline
  90
2
  70
0
  43
0.11938023876047754
  10
29.835001270002543
  20
17.58500381000762
  10
28.364998729997463
  20
17.58500381000762
  0
LWPOLYLINE
  5
2140
  100
AcDbEntity
  8
Top Silkscreen Layer
  100
AcDbPolyline
  90
2
  70
0
  43
0.11938023876047754
  10
28.364998729997463
  20
17.58500381000762
  10
28.364998729997463
  20
16.430000000000003
  0
LWPOLYLINE
  5
2141
  100
AcDbEntity
  8
Top Silkscreen Layer
  100
AcDbPolyline
  90
2
  70
0
  43
0.11938023876047754
  10
29.835001270002543
  20
14.614996189992382
  10
29.835001270002543
  20
15.770000000000001
  0
LWPOLYLINE
  5
2142
  100
AcDbEntity
  8
Top Silkscreen Layer
  100
AcDbPolyline
  90
2
  70
0
  43
0.11938023876047754
  10
28.364998729997463
  20
14.614996189992382
  10
28.364998729997463
  20
15.770000000000001
  0
LWPOLYLINE
  5
2143
  100
AcDbEntity
  8
Top Silkscreen Layer
  100
AcDbPolyline
  90
2
  70
0
  43
0.11938023876047754
  10
29.835001270002543
  20
14.614996189992382
  10
28.364998729997463
  20
14.614996189992382
  0
LWPOLYLINE
  5
2144
  100
AcDbEntity
  8
Top Silkscreen Layer
  100
AcDbPolyline
  90
2
  70
0
  43
0.11938023876047754
  10
34.33500127000255
  20
17.58500381000762
  10
34.33500127000255
  20
16.430000000000003
  0
LWPOLYLINE
  5
2145
  100
AcDbEntity
  8
Top Silkscreen Layer
  100
AcDbPolyline
  90
2
  70
0
  43
0.11938023876047754
  10
34.33500127000255
  20
17.58500381000762
  10
32.864998729997474
  20
17.58500381000762
  0
LWPOLYLINE
  5
2146
  100
AcDbEntity
  8
Top Silkscreen Layer
  100
AcDbPolyline
  90
2
  70
0
  43
0.11938023876047754
  10
32.864998729997474
  20
17.58500381000762
  10
32.864998729997474
  20
16.430000000000003
  0
LWPOLYLINE
  5
2147
  100
AcDbEntity
  8
Top Silkscreen Layer
  100
AcDbPolyline
  90
2
  70
0
  43
0.11938023876047754
  10
34.33500127000255
  20
14.614996189992382
  10
34.33500127000255
  20
15.770000000000001
  0
LWPOLYLINE
  5
2148
  100
AcDbEntity
  8
Top Silkscreen Layer
  100
AcDbPolyline
  90
2
  70
0
  43
0.11938023876047754
  10
32.864998729997474
  20
14.614996189992382
  10
32.864998729997474
  20
15.770000000000001
  0
LWPOLYLINE
  5
2149
  100
AcDbEntity
  8
Top Silkscreen Layer
  100
AcDbPolyline
  90
2
  70
0
  43
0.11938023876047754
  10
34.33500127000255
  20
14.614996189992382
  10
32.864998729997474
  20
14.614996189992382
  0
LWPOLYLINE
  5
2150
  100
AcDbEntity
  8
Top Silkscreen Layer
  100
AcDbPolyline
  90
2
  70
0
  43
0.12000000000000002
  10
39.22799847599696
  20
17.577998475996953
  10
36.95799593599188
  20
17.577998475996953
  0
LWPOLYLINE
  5
2151
  100
AcDbEntity
  8
Top Silkscreen Layer
  100
AcDbPolyline
  90
2
  70
0
  43
0.12000000000000002
  10
39.22799847599696
  20
13.007990855981713
  10
36.95799593599188
  20
13.007990855981713
  0
LWPOLYLINE
  5
2152
  100
AcDbEntity
  8
Top Silkscreen Layer
  100
AcDbPolyline
  90
2
  70
0
  43
0.12000000000000002
  10
39.22799847599696
  20
17.577998475996953
  10
39.22799847599696
  20
15.800000000000002
  0
LWPOLYLINE
  5
2153
  100
AcDbEntity
  8
Top Silkscreen Layer
  100
AcDbPolyline
  90
2
  70
0
  43
0.12000000000000002
  10
39.24300228600458
  20
14.791996443992891
  10
39.24300228600458
  20
13.013997967995937
  0
LWPOLYLINE
  5
2154
  100
AcDbEntity
  8
Top Silkscreen Layer
  100
AcDbPolyline
  90
2
  70
0
  43
0.12000000000000002
  10
36.956997713995435
  20
17.586002032004064
  10
36.956997713995435
  20
15.808003556007113
  0
LWPOLYLINE
  5
2155
  100
AcDbEntity
  8
Top Silkscreen Layer
  100
AcDbPolyline
  90
2
  70
0
  43
0.12000000000000002
  10
36.956997713995435
  20
14.79199644399289
  10
36.956997713995435
  20
13.013997967995937
  0
LWPOLYLINE
  5
2156
  100
AcDbEntity
  8
Top Silkscreen Layer
  100
AcDbPolyline
  90
2
  70
0
  43
0.12000000000000002
  10
36.77799847599696
  20
17.577998475996953
  10
34.50799593599188
  20
17.577998475996953
  0
LWPOLYLINE
  5
2157
  100
AcDbEntity
  8
Top Silkscreen Layer
  100
AcDbPolyline
  90
2
  70
0
  43
0.12000000000000002
  10
36.77799847599696
  20
13.007990855981713
  10
34.50799593599188
  20
13.007990855981713
  0
LWPOLYLINE
  5
2158
  100
AcDbEntity
  8
Top Silkscreen Layer
  100
AcDbPolyline
  90
2
  70
0
  43
0.12000000000000002
  10
36.77799847599696
  20
17.577998475996953
  10
36.77799847599696
  20
15.800000000000002
  0
LWPOLYLINE
  5
2159
  100
AcDbEntity
  8
Top Silkscreen Layer
  100
AcDbPolyline
  90
2
  70
0
  43
0.12000000000000002
  10
36.79300228600458
  20
14.791996443992891
  10
36.79300228600458
  20
13.013997967995937
  0
LWPOLYLINE
  5
2160
  100
AcDbEntity
  8
Top Silkscreen Layer
  100
AcDbPolyline
  90
2
  70
0
  43
0.12000000000000002
  10
34.50699771399543
  20
17.586002032004068
  10
34.50699771399543
  20
15.808003556007113
  0
LWPOLYLINE
  5
2161
  100
AcDbEntity
  8
Top Silkscreen Layer
  100
AcDbPolyline
  90
2
  70
0
  43
0.12000000000000002
  10
34.50699771399543
  20
14.79199644399289
  10
34.50699771399543
  20
13.013997967995937
  0
LWPOLYLINE
  5
2162
  100
AcDbEntity
  8
Top Silkscreen Layer
  100
AcDbPolyline
  90
2
  70
0
  43
0.25400050800101603
  10
60.580007620015245
  20
33.251968503937015
  10
69.72402590805183
  20
33.251968503937015
  0
LWPOLYLINE
  5
2163
  100
AcDbEntity
  8
Top Silkscreen Layer
  100
AcDbPolyline
  90
2
  70
0
  43
0.25400050800101603
  10
60.58000762001524
  20
64.748031496063
  10
69.72402590805183
  20
64.748031496063
  0
LWPOLYLINE
  5
2164
  100
AcDbEntity
  8
Top Silkscreen Layer
  100
AcDbPolyline
  90
2
  70
0
  43
0.25400050800101603
  10
60.58000762001524
  20
64.748031496063
  10
60.58000762001524
  20
62.72778765557532
  0
LWPOLYLINE
  5
2165
  100
AcDbEntity
  8
Top Silkscreen Layer
  100
AcDbPolyline
  90
2
  70
0
  43
0.25400050800101603
  10
60.58000762001524
  20
61.94226568453138
  10
60.580007620015245
  20
58.917780035560085
  0
LWPOLYLINE
  5
2166
  100
AcDbEntity
  8
Top Silkscreen Layer
  100
AcDbPolyline
  90
2
  70
0
  43
0.25400050800101603
  10
60.580007620015245
  20
58.13225806451614
  10
60.580007620015245
  20
55.107772415544844
  0
LWPOLYLINE
  5
2167
  100
AcDbEntity
  8
Top Silkscreen Layer
  100
AcDbPolyline
  90
2
  70
0
  43
0.25400050800101603
  10
60.580007620015245
  20
54.322250444500895
  10
60.580007620015245
  20
51.2977647955296
  0
LWPOLYLINE
  5
2168
  100
AcDbEntity
  8
Top Silkscreen Layer
  100
AcDbPolyline
  90
2
  70
0
  43
0.25400050800101603
  10
60.580007620015245
  20
50.51224282448566
  10
60.580007620015245
  20
47.48775717551436
  0
LWPOLYLINE
  5
2169
  100
AcDbEntity
  8
Top Silkscreen Layer
  100
AcDbPolyline
  90
2
  70
0
  43
0.25400050800101603
  10
60.580007620015245
  20
46.70223520447042
  10
60.580007620015245
  20
43.67774955549912
  0
LWPOLYLINE
  5
2170
  100
AcDbEntity
  8
Top Silkscreen Layer
  100
AcDbPolyline
  90
2
  70
0
  43
0.25400050800101603
  10
60.580007620015245
  20
42.89222758445518
  10
60.580007620015245
  20
39.86774193548388
  0
LWPOLYLINE
  5
2171
  100
AcDbEntity
  8
Top Silkscreen Layer
  100
AcDbPolyline
  90
2
  70
0
  43
0.25400050800101603
  10
60.580007620015245
  20
39.082219964439936
  10
60.580007620015245
  20
36.057734315468636
  0
LWPOLYLINE
  5
2172
  100
AcDbEntity
  8
Top Silkscreen Layer
  100
AcDbPolyline
  90
2
  70
0
  43
0.25400050800101603
  10
60.580007620015245
  20
35.272212344424695
  10
60.580007620015245
  20
33.251968503937015
  0
LWPOLYLINE
  5
2173
  100
AcDbEntity
  8
Top Silkscreen Layer
  100
AcDbPolyline
  90
2
  70
0
  43
0.25400050800101603
  10
69.72402590805183
  20
33.251968503937015
  10
69.72402590805183
  20
64.748031496063
  0
LWPOLYLINE
  5
2174
  100
AcDbEntity
  8
Top Silkscreen Layer
  100
AcDbPolyline
  90
2
  70
0
  43
0.25400050800101603
  10
66.96530099060199
  20
33.251968503937015
  10
66.96530099060199
  20
64.748031496063
  0
LWPOLYLINE
  5
2175
  100
AcDbEntity
  8
Top Silkscreen Layer
  100
AcDbPolyline
  90
2
  70
0
  43
0.25400050800101603
  10
60.580124460248925
  20
0.25200152400304704
  10
69.7241427482855
  20
0.25200152400304704
  0
LWPOLYLINE
  5
2176
  100
AcDbEntity
  8
Top Silkscreen Layer
  100
AcDbPolyline
  90
2
  70
0
  43
0.25400050800101603
  10
60.580124460248925
  20
31.748064516129038
  10
69.7241427482855
  20
31.748064516129038
  0
LWPOLYLINE
  5
2177
  100
AcDbEntity
  8
Top Silkscreen Layer
  100
AcDbPolyline
  90
2
  70
0
  43
0.25400050800101603
  10
60.580124460248925
  20
31.748064516129038
  10
60.580124460248925
  20
29.727820675641354
  0
LWPOLYLINE
  5
2178
  100
AcDbEntity
  8
Top Silkscreen Layer
  100
AcDbPolyline
  90
2
  70
0
  43
0.25400050800101603
  10
60.580124460248925
  20
28.942298704597412
  10
60.580124460248925
  20
25.917813055626116
  0
LWPOLYLINE
  5
2179
  100
AcDbEntity
  8
Top Silkscreen Layer
  100
AcDbPolyline
  90
2
  70
0
  43
0.25400050800101603
  10
60.580124460248925
  20
25.13229108458217
  10
60.580124460248925
  20
22.10780543561087
  0
LWPOLYLINE
  5
2180
  100
AcDbEntity
  8
Top Silkscreen Layer
  100
AcDbPolyline
  90
2
  70
0
  43
0.25400050800101603
  10
60.580124460248925
  20
21.322283464566933
  10
60.580124460248925
  20
18.297797815595633
  0
LWPOLYLINE
  5
2181
  100
AcDbEntity
  8
Top Silkscreen Layer
  100
AcDbPolyline
  90
2
  70
0
  43
0.25400050800101603
  10
60.580124460248925
  20
17.51227584455169
  10
60.580124460248925
  20
14.487790195580393
  0
LWPOLYLINE
  5
2182
  100
AcDbEntity
  8
Top Silkscreen Layer
  100
AcDbPolyline
  90
2
  70
0
  43
0.25400050800101603
  10
60.580124460248925
  20
13.702268224536452
  10
60.580124460248925
  20
10.67778257556515
  0
LWPOLYLINE
  5
2183
  100
AcDbEntity
  8
Top Silkscreen Layer
  100
AcDbPolyline
  90
2
  70
0
  43
0.25400050800101603
  10
60.580124460248925
  20
9.89226060452121
  10
60.580124460248925
  20
6.867774955549912
  0
LWPOLYLINE
  5
2184
  100
AcDbEntity
  8
Top Silkscreen Layer
  100
AcDbPolyline
  90
2
  70
0
  43
0.25400050800101603
  10
60.580124460248925
  20
6.082252984505968
  10
60.580124460248925
  20
3.057767335534671
  0
LWPOLYLINE
  5
2185
  100
AcDbEntity
  8
Top Silkscreen Layer
  100
AcDbPolyline
  90
2
  70
0
  43
0.25400050800101603
  10
60.580124460248925
  20
2.2722453644907294
  10
60.580124460248925
  20
0.25200152400304704
  0
LWPOLYLINE
  5
2186
  100
AcDbEntity
  8
Top Silkscreen Layer
  100
AcDbPolyline
  90
2
  70
0
  43
0.25400050800101603
  10
69.7241427482855
  20
0.25200152400304704
  10
69.7241427482855
  20
31.748064516129038
  0
LWPOLYLINE
  5
2187
  100
AcDbEntity
  8
Top Silkscreen Layer
  100
AcDbPolyline
  90
2
  70
0
  43
0.25400050800101603
  10
66.96541783083566
  20
0.25200152400304704
  10
66.96541783083566
  20
31.748064516129038
  0
LWPOLYLINE
  5
2188
  100
AcDbEntity
  8
Top Silkscreen Layer
  100
AcDbPolyline
  90
2
  70
0
  43
0.25400050800101603
  10
31.53999237998476
  20
44.92999745999492
  10
31.53999237998476
  20
47.47000254000508
  0
LWPOLYLINE
  5
2189
  100
AcDbEntity
  8
Top Silkscreen Layer
  100
AcDbPolyline
  90
2
  70
0
  43
0.25400050800101603
  10
34.10399796799594
  20
47.47000254000508
  10
34.10399796799594
  20
44.92999745999492
  0
LWPOLYLINE
  5
2190
  100
AcDbEntity
  8
Top Silkscreen Layer
  100
AcDbPolyline
  90
2
  70
0
  43
0.25400050800101603
  10
31.53999237998476
  20
44.92999745999492
  10
39.16000762001524
  20
44.92999745999492
  0
LWPOLYLINE
  5
2191
  100
AcDbEntity
  8
Top Silkscreen Layer
  100
AcDbPolyline
  90
2
  70
0
  43
0.25400050800101603
  10
31.53999237998476
  20
47.47000254000508
  10
39.16000762001524
  20
47.47000254000508
  0
LWPOLYLINE
  5
2192
  100
AcDbEntity
  8
Top Silkscreen Layer
  100
AcDbPolyline
  90
2
  70
0
  43
0.25400050800101603
  10
39.16000762001524
  20
47.47000254000508
  10
39.16000762001524
  20
44.92999745999492
  0
LWPOLYLINE
  5
2193
  100
AcDbEntity
  8
Top Silkscreen Layer
  100
AcDbPolyline
  90
2
  70
0
  43
0.12000000000000002
  10
5.049994919989841
  20
52.38004064008128
  10
5.049994919989841
  20
11.67995935991872
  0
LWPOLYLINE
  5
2194
  100
AcDbEntity
  8
Top Silkscreen Layer
  100
AcDbPolyline
  90
2
  70
0
  43
0.12000000000000002
  10
5.049994919989841
  20
47.24003048006096
  10
10.250005080010162
  20
47.24003048006096
  0
LWPOLYLINE
  5
2195
  100
AcDbEntity
  8
Top Silkscreen Layer
  100
AcDbPolyline
  90
2
  70
0
  43
0.12000000000000002
  10
5.049994919989841
  20
29.459994919989843
  10
10.250005080010162
  20
29.459994919989843
  0
LWPOLYLINE
  5
2196
  100
AcDbEntity
  8
Top Silkscreen Layer
  100
AcDbPolyline
  90
2
  70
0
  43
0.12000000000000002
  10
5.049994919989841
  20
49.78003556007112
  10
10.250005080010162
  20
49.78003556007112
  0
LWPOLYLINE
  5
2197
  100
AcDbEntity
  8
Top Silkscreen Layer
  100
AcDbPolyline
  90
2
  70
0
  43
0.12000000000000002
  10
5.049994919989841
  20
39.62001524003048
  10
10.250005080010162
  20
39.62001524003048
  0
LWPOLYLINE
  5
2198
  100
AcDbEntity
  8
Top Silkscreen Layer
  100
AcDbPolyline
  90
2
  70
0
  43
0.12000000000000002
  10
5.049994919989841
  20
37.08001016002032
  10
10.250005080010162
  20
37.08001016002032
  0
LWPOLYLINE
  5
2199
  100
AcDbEntity
  8
Top Silkscreen Layer
  100
AcDbPolyline
  90
2
  70
0
  43
0.12000000000000002
  10
5.049994919989841
  20
34.54000508001016
  10
10.250005080010162
  20
34.54000508001016
  0
LWPOLYLINE
  5
2200
  100
AcDbEntity
  8
Top Silkscreen Layer
  100
AcDbPolyline
  90
2
  70
0
  43
0.12000000000000002
  10
7.650000000000001
  20
52.38004064008128
  10
7.650000000000001
  20
11.67995935991872
  0
LWPOLYLINE
  5
2201
  100
AcDbEntity
  8
Top Silkscreen Layer
  100
AcDbPolyline
  90
2
  70
0
  43
0.12000000000000002
  10
5.049994919989841
  20
52.38004064008128
  10
10.250005080010162
  20
52.38004064008128
  0
LWPOLYLINE
  5
2202
  100
AcDbEntity
  8
Top Silkscreen Layer
  100
AcDbPolyline
  90
2
  70
0
  43
0.12000000000000002
  10
5.049994919989841
  20
44.7000254000508
  10
10.250005080010162
  20
44.7000254000508
  0
LWPOLYLINE
  5
2203
  100
AcDbEntity
  8
Top Silkscreen Layer
  100
AcDbPolyline
  90
2
  70
0
  43
0.12000000000000002
  10
5.049994919989841
  20
42.16002032004064
  10
10.250005080010162
  20
42.16002032004064
  0
LWPOLYLINE
  5
2204
  100
AcDbEntity
  8
Top Silkscreen Layer
  100
AcDbPolyline
  90
2
  70
0
  43
0.12000000000000002
  10
5.049994919989841
  20
11.67995935991872
  10
10.250005080010162
  20
11.67995935991872
  0
LWPOLYLINE
  5
2205
  100
AcDbEntity
  8
Top Silkscreen Layer
  100
AcDbPolyline
  90
2
  70
0
  43
0.12000000000000002
  10
5.049994919989841
  20
32
  10
10.250005080010162
  20
32
  0
LWPOLYLINE
  5
2206
  100
AcDbEntity
  8
Top Silkscreen Layer
  100
AcDbPolyline
  90
2
  70
0
  43
0.12000000000000002
  10
10.250005080010162
  20
52.38004064008128
  10
10.250005080010162
  20
11.67995935991872
  0
LWPOLYLINE
  5
2207
  100
AcDbEntity
  8
Top Silkscreen Layer
  100
AcDbPolyline
  90
2
  70
0
  43
0.12000000000000002
  10
5.049994919989841
  20
26.91998983997968
  10
10.250005080010162
  20
26.91998983997968
  0
LWPOLYLINE
  5
2208
  100
AcDbEntity
  8
Top Silkscreen Layer
  100
AcDbPolyline
  90
2
  70
0
  43
0.12000000000000002
  10
5.049994919989841
  20
24.37998475996952
  10
10.250005080010162
  20
24.37998475996952
  0
LWPOLYLINE
  5
2209
  100
AcDbEntity
  8
Top Silkscreen Layer
  100
AcDbPolyline
  90
2
  70
0
  43
0.12000000000000002
  10
5.049994919989841
  20
21.839979679959363
  10
10.250005080010162
  20
21.839979679959363
  0
LWPOLYLINE
  5
2210
  100
AcDbEntity
  8
Top Silkscreen Layer
  100
AcDbPolyline
  90
2
  70
0
  43
0.12000000000000002
  10
5.049994919989841
  20
19.299974599949202
  10
10.250005080010162
  20
19.299974599949202
  0
LWPOLYLINE
  5
2211
  100
AcDbEntity
  8
Top Silkscreen Layer
  100
AcDbPolyline
  90
2
  70
0
  43
0.12000000000000002
  10
5.049994919989841
  20
16.75996951993904
  10
10.250005080010162
  20
16.75996951993904
  0
LWPOLYLINE
  5
2212
  100
AcDbEntity
  8
Top Silkscreen Layer
  100
AcDbPolyline
  90
2
  70
0
  43
0.12000000000000002
  10
5.049994919989841
  20
14.21996443992888
  10
10.250005080010162
  20
14.21996443992888
  0
LWPOLYLINE
  5
2213
  100
AcDbEntity
  8
Top Silkscreen Layer
  100
AcDbPolyline
  90
3
  70
1
  43
0.005080010160020321
  10
5.049994919989841
  20
52.38004064008128
  10
5.049994919989841
  20
51.800040640081285
  10
5.629994919989841
  20
52.38004064008128
  0
LWPOLYLINE
  5
2214
  100
AcDbEntity
  8
Top Silkscreen Layer
  100
AcDbPolyline
  90
4
  70
0
  43
0.2
  10
0.6861722123444259
  20
60.60000001158212
  42
0.9999999999999999
  10
8.074005588011177
  20
60.59999999858807
  10
8.074005588011177
  20
60.5999999884179
  42
0.9999999999999999
  10
0.6861722123444264
  20
60.60000000141195
  0
LWPOLYLINE
  5
2215
  100
AcDbEntity
  8
Top Silkscreen Layer
  100
AcDbPolyline
  90
2
  70
0
  43
0.25400050800101603
  10
8.133807467614938
  20
60.60000000000001
  10
8.794208788417578
  20
60.60000000000001
  0
LWPOLYLINE
  5
2216
  100
AcDbEntity
  8
Top Silkscreen Layer
  100
AcDbPolyline
  90
2
  70
0
  43
0.25400050800101603
  10
4.4
  20
64.33380746761495
  10
4.4
  20
64.9942087884176
  0
LWPOLYLINE
  5
2217
  100
AcDbEntity
  8
Top Silkscreen Layer
  100
AcDbPolyline
  90
2
  70
0
  43
0.25400050800101603
  10
4.4
  20
56.20579121158243
  10
4.4
  20
56.86619253238508
  0
LWPOLYLINE
  5
2218
  100
AcDbEntity
  8
Top Silkscreen Layer
  100
AcDbPolyline
  90
2
  70
0
  43
0.25400050800101603
  10
-0.019608839217677858
  20
60.60000000000001
  10
0.6407924815849633
  20
60.60000000000001
  0
LWPOLYLINE
  5
2219
  100
AcDbEntity
  8
Top Silkscreen Layer
  100
AcDbPolyline
  90
4
  70
0
  43
0.2
  10
0.6861722123444259
  20
4.400000011582111
  42
0.9999999999999999
  10
8.074005588011177
  20
4.399999998588064
  10
8.074005588011177
  20
4.399999988417893
  42
0.9999999999999999
  10
0.6861722123444264
  20
4.400000001411938
  0
LWPOLYLINE
  5
2220
  100
AcDbEntity
  8
Top Silkscreen Layer
  100
AcDbPolyline
  90
2
  70
0
  43
0.25400050800101603
  10
8.133807467614938
  20
4.4
  10
8.794208788417578
  20
4.4
  0
LWPOLYLINE
  5
2221
  100
AcDbEntity
  8
Top Silkscreen Layer
  100
AcDbPolyline
  90
2
  70
0
  43
0.25400050800101603
  10
4.4
  20
8.133807467614938
  10
4.4
  20
8.794208788417578
  0
LWPOLYLINE
  5
2222
  100
AcDbEntity
  8
Top Silkscreen Layer
  100
AcDbPolyline
  90
2
  70
0
  43
0.25400050800101603
  10
4.4
  20
0.005791211582423204
  10
4.4
  20
0.6661925323850653
  0
LWPOLYLINE
  5
2223
  100
AcDbEntity
  8
Top Silkscreen Layer
  100
AcDbPolyline
  90
2
  70
0
  43
0.25400050800101603
  10
-0.019608839217677858
  20
4.4
  10
0.6407924815849633
  20
4.4
  0
LWPOLYLINE
  5
2224
  100
AcDbEntity
  8
Top Silkscreen Layer
  100
AcDbPolyline
  90
4
  70
0
  43
0.2
  10
47.6862762525525
  20
4.4000000015640355
  42
0.9999999999999999
  10
55.074109628219254
  20
4.400000001564039
  10
55.074109628219254
  20
4.3999999984359635
  42
0.9999999999999999
  10
47.6862762525525
  20
4.3999999984359635
  0
LWPOLYLINE
  5
2225
  100
AcDbEntity
  8
Top Silkscreen Layer
  100
AcDbPolyline
  90
2
  70
0
  43
0.25400050800101603
  10
55.133911507823015
  20
4.4
  10
55.794312828625664
  20
4.4
  0
LWPOLYLINE
  5
2226
  100
AcDbEntity
  8
Top Silkscreen Layer
  100
AcDbPolyline
  90
2
  70
0
  43
0.25400050800101603
  10
51.40010404020808
  20
8.133807467614938
  10
51.40010404020808
  20
8.794208788417578
  0
LWPOLYLINE
  5
2227
  100
AcDbEntity
  8
Top Silkscreen Layer
  100
AcDbPolyline
  90
2
  70
0
  43
0.25400050800101603
  10
51.40010404020808
  20
0.005791211582423204
  10
51.40010404020808
  20
0.6661925323850653
  0
LWPOLYLINE
  5
2228
  100
AcDbEntity
  8
Top Silkscreen Layer
  100
AcDbPolyline
  90
2
  70
0
  43
0.25400050800101603
  10
46.9804952009904
  20
4.4
  10
47.64089652179304
  20
4.4
  0
LWPOLYLINE
  5
2229
  100
AcDbEntity
  8
Top Silkscreen Layer
  100
AcDbPolyline
  90
4
  70
0
  43
0.2
  10
47.68618227236455
  20
60.60000000156404
  42
0.9999999999999999
  10
55.0740156480313
  20
60.60000000156405
  10
55.0740156480313
  20
60.59999999843597
  42
0.9999999999999999
  10
47.68618227236455
  20
60.599999998435976
  0
LWPOLYLINE
  5
2230
  100
AcDbEntity
  8
Top Silkscreen Layer
  100
AcDbPolyline
  90
2
  70
0
  43
0.25400050800101603
  10
55.13381752763506
  20
60.60000000000001
  10
55.79421884843771
  20
60.60000000000001
  0
LWPOLYLINE
  5
2231
  100
AcDbEntity
  8
Top Silkscreen Layer
  100
AcDbPolyline
  90
2
  70
0
  43
0.25400050800101603
  10
51.40001006002013
  20
64.33380746761495
  10
51.40001006002013
  20
64.9942087884176
  0
LWPOLYLINE
  5
2232
  100
AcDbEntity
  8
Top Silkscreen Layer
  100
AcDbPolyline
  90
2
  70
0
  43
0.25400050800101603
  10
51.40001006002013
  20
56.20579121158243
  10
51.40001006002013
  20
56.86619253238508
  0
LWPOLYLINE
  5
2233
  100
AcDbEntity
  8
Top Silkscreen Layer
  100
AcDbPolyline
  90
2
  70
0
  43
0.25400050800101603
  10
46.98040122080245
  20
60.60000000000001
  10
47.64080254160508
  20
60.60000000000001
  0
LWPOLYLINE
  5
2234
  100
AcDbEntity
  8
Top Silkscreen Layer
  100
AcDbPolyline
  90
2
  70
0
  43
0.12000000000000002
  10
23.660048260096524
  20
47.21009652019305
  10
20.74004318008636
  20
47.21009652019305
  0
LWPOLYLINE
  5
2235
  100
AcDbEntity
  8
Top Silkscreen Layer
  100
AcDbPolyline
  90
2
  70
0
  43
0.2
  10
22.200045720091442
  20
46.89009652019305
  10
22.200045720091442
  20
46.510096520193045
  0
LWPOLYLINE
  5
2236
  100
AcDbEntity
  8
Top Silkscreen Layer
  100
AcDbPolyline
  90
2
  70
0
  43
0.2
  10
22.200045720091442
  20
46.090093980187966
  10
22.200045720091442
  20
45.71009398018797
  0
LWPOLYLINE
  5
2237
  100
AcDbEntity
  8
Top Silkscreen Layer
  100
AcDbPolyline
  90
2
  70
0
  43
0.12000000000000002
  10
22.200045720091442
  20
47.21009652019305
  10
22.200045720091442
  20
43.790091440182884
  0
LWPOLYLINE
  5
2238
  100
AcDbEntity
  8
Top Silkscreen Layer
  100
AcDbPolyline
  90
2
  70
0
  43
0.12000000000000002
  10
23.660048260096524
  20
47.21009652019305
  10
23.660048260096524
  20
43.790091440182884
  0
LWPOLYLINE
  5
2239
  100
AcDbEntity
  8
Top Silkscreen Layer
  100
AcDbPolyline
  90
2
  70
0
  43
0.12000000000000002
  10
20.74004318008636
  20
47.21009652019305
  10
20.74004318008636
  20
43.790091440182884
  0
LWPOLYLINE
  5
2240
  100
AcDbEntity
  8
Top Silkscreen Layer
  100
AcDbPolyline
  90
2
  70
0
  43
0.2
  10
22.200045720091442
  20
45.29009398018796
  10
22.200045720091442
  20
44.910093980187966
  0
LWPOLYLINE
  5
2241
  100
AcDbEntity
  8
Top Silkscreen Layer
  100
AcDbPolyline
  90
2
  70
0
  43
0.2
  10
22.200045720091442
  20
44.490093980187964
  10
22.200045720091442
  20
44.11009398018797
  0
LWPOLYLINE
  5
2242
  100
AcDbEntity
  8
Top Silkscreen Layer
  100
AcDbPolyline
  90
2
  70
0
  43
0.12000000000000002
  10
23.660048260096524
  20
43.790091440182884
  10
20.74004318008636
  20
43.790091440182884
  0
LWPOLYLINE
  5
2243
  100
AcDbEntity
  8
Top Silkscreen Layer
  100
AcDbPolyline
  90
2
  70
0
  43
0.12000000000000002
  10
16.690033020066046
  20
43.790091440182884
  10
19.610038100076206
  20
43.790091440182884
  0
LWPOLYLINE
  5
2244
  100
AcDbEntity
  8
Top Silkscreen Layer
  100
AcDbPolyline
  90
2
  70
0
  43
0.2
  10
18.150035560071125
  20
44.110091440182885
  10
18.150035560071125
  20
44.49009144018289
  0
LWPOLYLINE
  5
2245
  100
AcDbEntity
  8
Top Silkscreen Layer
  100
AcDbPolyline
  90
2
  70
0
  43
0.2
  10
18.150035560071125
  20
44.910093980187966
  10
18.150035560071125
  20
45.29009398018796
  0
LWPOLYLINE
  5
2246
  100
AcDbEntity
  8
Top Silkscreen Layer
  100
AcDbPolyline
  90
2
  70
0
  43
0.12000000000000002
  10
18.150035560071125
  20
43.790091440182884
  10
18.150035560071125
  20
47.21009652019305
  0
LWPOLYLINE
  5
2247
  100
AcDbEntity
  8
Top Silkscreen Layer
  100
AcDbPolyline
  90
2
  70
0
  43
0.12000000000000002
  10
16.690033020066046
  20
43.790091440182884
  10
16.690033020066046
  20
47.21009652019305
  0
LWPOLYLINE
  5
2248
  100
AcDbEntity
  8
Top Silkscreen Layer
  100
AcDbPolyline
  90
2
  70
0
  43
0.12000000000000002
  10
19.610038100076206
  20
43.790091440182884
  10
19.610038100076206
  20
47.21009652019305
  0
LWPOLYLINE
  5
2249
  100
AcDbEntity
  8
Top Silkscreen Layer
  100
AcDbPolyline
  90
2
  70
0
  43
0.2
  10
18.150035560071125
  20
45.71009398018797
  10
18.150035560071125
  20
46.090093980187966
  0
LWPOLYLINE
  5
2250
  100
AcDbEntity
  8
Top Silkscreen Layer
  100
AcDbPolyline
  90
2
  70
0
  43
0.2
  10
18.150035560071125
  20
46.51009398018797
  10
18.150035560071125
  20
46.89009398018797
  0
LWPOLYLINE
  5
2251
  100
AcDbEntity
  8
Top Silkscreen Layer
  100
AcDbPolyline
  90
2
  70
0
  43
0.12000000000000002
  10
16.690033020066046
  20
47.21009652019305
  10
19.610038100076206
  20
47.21009652019305
  0
LWPOLYLINE
  5
2252
  100
AcDbEntity
  8
Top Silkscreen Layer
  100
AcDbPolyline
  90
2
  70
0
  43
0.12000000000000002
  10
23.660048260096524
  20
41.860083820167645
  10
20.74004318008636
  20
41.860083820167645
  0
LWPOLYLINE
  5
2253
  100
AcDbEntity
  8
Top Silkscreen Layer
  100
AcDbPolyline
  90
2
  70
0
  43
0.2
  10
22.200045720091442
  20
41.540083820167645
  10
22.200045720091442
  20
41.16008382016764
  0
LWPOLYLINE
  5
2254
  100
AcDbEntity
  8
Top Silkscreen Layer
  100
AcDbPolyline
  90
2
  70
0
  43
0.2
  10
22.200045720091442
  20
40.74008128016256
  10
22.200045720091442
  20
40.36008128016256
  0
LWPOLYLINE
  5
2255
  100
AcDbEntity
  8
Top Silkscreen Layer
  100
AcDbPolyline
  90
2
  70
0
  43
0.12000000000000002
  10
22.200045720091442
  20
41.860083820167645
  10
22.200045720091442
  20
38.44007874015748
  0
LWPOLYLINE
  5
2256
  100
AcDbEntity
  8
Top Silkscreen Layer
  100
AcDbPolyline
  90
2
  70
0
  43
0.12000000000000002
  10
23.660048260096524
  20
41.860083820167645
  10
23.660048260096524
  20
38.44007874015748
  0
LWPOLYLINE
  5
2257
  100
AcDbEntity
  8
Top Silkscreen Layer
  100
AcDbPolyline
  90
2
  70
0
  43
0.12000000000000002
  10
20.74004318008636
  20
41.860083820167645
  10
20.74004318008636
  20
38.44007874015748
  0
LWPOLYLINE
  5
2258
  100
AcDbEntity
  8
Top Silkscreen Layer
  100
AcDbPolyline
  90
2
  70
0
  43
0.2
  10
22.200045720091442
  20
39.94008128016256
  10
22.200045720091442
  20
39.56008128016256
  0
LWPOLYLINE
  5
2259
  100
AcDbEntity
  8
Top Silkscreen Layer
  100
AcDbPolyline
  90
2
  70
0
  43
0.2
  10
22.200045720091442
  20
39.14008128016256
  10
22.200045720091442
  20
38.76008128016256
  0
LWPOLYLINE
  5
2260
  100
AcDbEntity
  8
Top Silkscreen Layer
  100
AcDbPolyline
  90
2
  70
0
  43
0.12000000000000002
  10
23.660048260096524
  20
38.44007874015748
  10
20.74004318008636
  20
38.44007874015748
  0
LWPOLYLINE
  5
2261
  100
AcDbEntity
  8
Top Silkscreen Layer
  100
AcDbPolyline
  90
2
  70
0
  43
0.12000000000000002
  10
16.689997459994924
  20
38.44007874015748
  10
19.610002540005084
  20
38.44007874015748
  0
LWPOLYLINE
  5
2262
  100
AcDbEntity
  8
Top Silkscreen Layer
  100
AcDbPolyline
  90
2
  70
0
  43
0.2
  10
18.150000000000006
  20
38.76007874015748
  10
18.150000000000006
  20
39.14007874015748
  0
LWPOLYLINE
  5
2263
  100
AcDbEntity
  8
Top Silkscreen Layer
  100
AcDbPolyline
  90
2
  70
0
  43
0.2
  10
18.150000000000006
  20
39.56008128016256
  10
18.150000000000006
  20
39.94008128016256
  0
LWPOLYLINE
  5
2264
  100
AcDbEntity
  8
Top Silkscreen Layer
  100
AcDbPolyline
  90
2
  70
0
  43
0.12000000000000002
  10
18.150000000000006
  20
38.44007874015748
  10
18.150000000000006
  20
41.860083820167645
  0
LWPOLYLINE
  5
2265
  100
AcDbEntity
  8
Top Silkscreen Layer
  100
AcDbPolyline
  90
2
  70
0
  43
0.12000000000000002
  10
16.689997459994924
  20
38.44007874015748
  10
16.689997459994924
  20
41.860083820167645
  0
LWPOLYLINE
  5
2266
  100
AcDbEntity
  8
Top Silkscreen Layer
  100
AcDbPolyline
  90
2
  70
0
  43
0.12000000000000002
  10
19.610002540005084
  20
38.44007874015748
  10
19.610002540005084
  20
41.860083820167645
  0
LWPOLYLINE
  5
2267
  100
AcDbEntity
  8
Top Silkscreen Layer
  100
AcDbPolyline
  90
2
  70
0
  43
0.2
  10
18.150000000000006
  20
40.36008128016256
  10
18.150000000000006
  20
40.74008128016256
  0
LWPOLYLINE
  5
2268
  100
AcDbEntity
  8
Top Silkscreen Layer
  100
AcDbPolyline
  90
2
  70
0
  43
0.2
  10
18.150000000000006
  20
41.160081280162565
  10
18.150000000000006
  20
41.54008128016256
  0
LWPOLYLINE
  5
2269
  100
AcDbEntity
  8
Top Silkscreen Layer
  100
AcDbPolyline
  90
2
  70
0
  43
0.12000000000000002
  10
16.689997459994924
  20
41.860083820167645
  10
19.610002540005084
  20
41.860083820167645
  0
LWPOLYLINE
  5
2270
  100
AcDbEntity
  8
Top Silkscreen Layer
  100
AcDbPolyline
  90
2
  70
0
  43
0.12000000000000002
  10
23.66000254000508
  20
36.51007366014733
  10
20.73999745999492
  20
36.51007366014733
  0
LWPOLYLINE
  5
2271
  100
AcDbEntity
  8
Top Silkscreen Layer
  100
AcDbPolyline
  90
2
  70
0
  43
0.2
  10
22.200000000000003
  20
36.19007366014733
  10
22.200000000000003
  20
35.810073660147324
  0
LWPOLYLINE
  5
2272
  100
AcDbEntity
  8
Top Silkscreen Layer
  100
AcDbPolyline
  90
2
  70
0
  43
0.2
  10
22.200000000000003
  20
35.390071120142245
  10
22.200000000000003
  20
35.01007112014225
  0
LWPOLYLINE
  5
2273
  100
AcDbEntity
  8
Top Silkscreen Layer
  100
AcDbPolyline
  90
2
  70
0
  43
0.12000000000000002
  10
22.200000000000003
  20
36.51007366014733
  10
22.200000000000003
  20
33.090068580137164
  0
LWPOLYLINE
  5
2274
  100
AcDbEntity
  8
Top Silkscreen Layer
  100
AcDbPolyline
  90
2
  70
0
  43
0.12000000000000002
  10
23.66000254000508
  20
36.51007366014733
  10
23.66000254000508
  20
33.090068580137164
  0
LWPOLYLINE
  5
2275
  100
AcDbEntity
  8
Top Silkscreen Layer
  100
AcDbPolyline
  90
2
  70
0
  43
0.12000000000000002
  10
20.73999745999492
  20
36.51007366014733
  10
20.73999745999492
  20
33.090068580137164
  0
LWPOLYLINE
  5
2276
  100
AcDbEntity
  8
Top Silkscreen Layer
  100
AcDbPolyline
  90
2
  70
0
  43
0.2
  10
22.200000000000003
  20
34.59007112014224
  10
22.200000000000003
  20
34.21007112014224
  0
LWPOLYLINE
  5
2277
  100
AcDbEntity
  8
Top Silkscreen Layer
  100
AcDbPolyline
  90
2
  70
0
  43
0.2
  10
22.200000000000003
  20
33.790071120142244
  10
22.200000000000003
  20
33.41007112014224
  0
LWPOLYLINE
  5
2278
  100
AcDbEntity
  8
Top Silkscreen Layer
  100
AcDbPolyline
  90
2
  70
0
  43
0.12000000000000002
  10
23.66000254000508
  20
33.090068580137164
  10
20.73999745999492
  20
33.090068580137164
  0
LWPOLYLINE
  5
2279
  100
AcDbEntity
  8
Top Silkscreen Layer
  100
AcDbPolyline
  90
2
  70
0
  43
0.12000000000000002
  10
16.689997459994924
  20
33.090068580137164
  10
19.610002540005084
  20
33.090068580137164
  0
LWPOLYLINE
  5
2280
  100
AcDbEntity
  8
Top Silkscreen Layer
  100
AcDbPolyline
  90
2
  70
0
  43
0.2
  10
18.150000000000006
  20
33.410068580137164
  10
18.150000000000006
  20
33.79006858013717
  0
LWPOLYLINE
  5
2281
  100
AcDbEntity
  8
Top Silkscreen Layer
  100
AcDbPolyline
  90
2
  70
0
  43
0.2
  10
18.150000000000006
  20
34.21007112014224
  10
18.150000000000006
  20
34.59007112014224
  0
LWPOLYLINE
  5
2282
  100
AcDbEntity
  8
Top Silkscreen Layer
  100
AcDbPolyline
  90
2
  70
0
  43
0.12000000000000002
  10
18.150000000000006
  20
33.090068580137164
  10
18.150000000000006
  20
36.51007366014733
  0
LWPOLYLINE
  5
2283
  100
AcDbEntity
  8
Top Silkscreen Layer
  100
AcDbPolyline
  90
2
  70
0
  43
0.12000000000000002
  10
16.689997459994924
  20
33.090068580137164
  10
16.689997459994924
  20
36.51007366014733
  0
LWPOLYLINE
  5
2284
  100
AcDbEntity
  8
Top Silkscreen Layer
  100
AcDbPolyline
  90
2
  70
0
  43
0.12000000000000002
  10
19.610002540005084
  20
33.090068580137164
  10
19.610002540005084
  20
36.51007366014733
  0
LWPOLYLINE
  5
2285
  100
AcDbEntity
  8
Top Silkscreen Layer
  100
AcDbPolyline
  90
2
  70
0
  43
0.2
  10
18.150000000000006
  20
35.01007112014225
  10
18.150000000000006
  20
35.390071120142245
  0
LWPOLYLINE
  5
2286
  100
AcDbEntity
  8
Top Silkscreen Layer
  100
AcDbPolyline
  90
2
  70
0
  43
0.2
  10
18.150000000000006
  20
35.81007112014225
  10
18.150000000000006
  20
36.19007112014224
  0
LWPOLYLINE
  5
2287
  100
AcDbEntity
  8
Top Silkscreen Layer
  100
AcDbPolyline
  90
2
  70
0
  43
0.12000000000000002
  10
16.689997459994924
  20
36.51007366014733
  10
19.610002540005084
  20
36.51007366014733
  0
LWPOLYLINE
  5
2288
  100
AcDbEntity
  8
Top Silkscreen Layer
  100
AcDbPolyline
  90
2
  70
0
  43
0.12000000000000002
  10
23.66000254000508
  20
31.16006350012701
  10
20.73999745999492
  20
31.16006350012701
  0
LWPOLYLINE
  5
2289
  100
AcDbEntity
  8
Top Silkscreen Layer
  100
AcDbPolyline
  90
2
  70
0
  43
0.2
  10
22.200000000000003
  20
30.84006350012701
  10
22.200000000000003
  20
30.46006350012701
  0
LWPOLYLINE
  5
2290
  100
AcDbEntity
  8
Top Silkscreen Layer
  100
AcDbPolyline
  90
2
  70
0
  43
0.2
  10
22.200000000000003
  20
30.040060960121927
  10
22.200000000000003
  20
29.66006096012193
  0
LWPOLYLINE
  5
2291
  100
AcDbEntity
  8
Top Silkscreen Layer
  100
AcDbPolyline
  90
2
  70
0
  43
0.12000000000000002
  10
22.200000000000003
  20
31.16006350012701
  10
22.200000000000003
  20
27.740058420116846
  0
LWPOLYLINE
  5
2292
  100
AcDbEntity
  8
Top Silkscreen Layer
  100
AcDbPolyline
  90
2
  70
0
  43
0.12000000000000002
  10
23.66000254000508
  20
31.16006350012701
  10
23.66000254000508
  20
27.740058420116846
  0
LWPOLYLINE
  5
2293
  100
AcDbEntity
  8
Top Silkscreen Layer
  100
AcDbPolyline
  90
2
  70
0
  43
0.12000000000000002
  10
20.73999745999492
  20
31.16006350012701
  10
20.73999745999492
  20
27.740058420116846
  0
LWPOLYLINE
  5
2294
  100
AcDbEntity
  8
Top Silkscreen Layer
  100
AcDbPolyline
  90
2
  70
0
  43
0.2
  10
22.200000000000003
  20
29.24006096012193
  10
22.200000000000003
  20
28.860060960121928
  0
LWPOLYLINE
  5
2295
  100
AcDbEntity
  8
Top Silkscreen Layer
  100
AcDbPolyline
  90
2
  70
0
  43
0.2
  10
22.200000000000003
  20
28.440060960121926
  10
22.200000000000003
  20
28.060060960121927
  0
LWPOLYLINE
  5
2296
  100
AcDbEntity
  8
Top Silkscreen Layer
  100
AcDbPolyline
  90
2
  70
0
  43
0.12000000000000002
  10
23.66000254000508
  20
27.740058420116846
  10
20.73999745999492
  20
27.740058420116846
  0
LWPOLYLINE
  5
2297
  100
AcDbEntity
  8
Top Silkscreen Layer
  100
AcDbPolyline
  90
2
  70
0
  43
0.12000000000000002
  10
16.689997459994924
  20
27.740058420116846
  10
19.610002540005084
  20
27.740058420116846
  0
LWPOLYLINE
  5
2298
  100
AcDbEntity
  8
Top Silkscreen Layer
  100
AcDbPolyline
  90
2
  70
0
  43
0.2
  10
18.150000000000006
  20
28.060058420116846
  10
18.150000000000006
  20
28.440058420116845
  0
LWPOLYLINE
  5
2299
  100
AcDbEntity
  8
Top Silkscreen Layer
  100
AcDbPolyline
  90
2
  70
0
  43
0.2
  10
18.150000000000006
  20
28.860060960121928
  10
18.150000000000006
  20
29.24006096012193
  0
LWPOLYLINE
  5
2300
  100
AcDbEntity
  8
Top Silkscreen Layer
  100
AcDbPolyline
  90
2
  70
0
  43
0.12000000000000002
  10
18.150000000000006
  20
27.740058420116846
  10
18.150000000000006
  20
31.16006350012701
  0
LWPOLYLINE
  5
2301
  100
AcDbEntity
  8
Top Silkscreen Layer
  100
AcDbPolyline
  90
2
  70
0
  43
0.12000000000000002
  10
16.689997459994924
  20
27.740058420116846
  10
16.689997459994924
  20
31.16006350012701
  0
LWPOLYLINE
  5
2302
  100
AcDbEntity
  8
Top Silkscreen Layer
  100
AcDbPolyline
  90
2
  70
0
  43
0.12000000000000002
  10
19.610002540005084
  20
27.740058420116846
  10
19.610002540005084
  20
31.16006350012701
  0
LWPOLYLINE
  5
2303
  100
AcDbEntity
  8
Top Silkscreen Layer
  100
AcDbPolyline
  90
2
  70
0
  43
0.2
  10
18.150000000000006
  20
29.66006096012193
  10
18.150000000000006
  20
30.040060960121927
  0
LWPOLYLINE
  5
2304
  100
AcDbEntity
  8
Top Silkscreen Layer
  100
AcDbPolyline
  90
2
  70
0
  43
0.2
  10
18.150000000000006
  20
30.46006096012193
  10
18.150000000000006
  20
30.840060960121928
  0
LWPOLYLINE
  5
2305
  100
AcDbEntity
  8
Top Silkscreen Layer
  100
AcDbPolyline
  90
2
  70
0
  43
0.12000000000000002
  10
16.689997459994924
  20
31.16006350012701
  10
19.610002540005084
  20
31.16006350012701
  0
LWPOLYLINE
  5
2306
  100
AcDbEntity
  8
Top Silkscreen Layer
  100
AcDbPolyline
  90
2
  70
0
  43
0.12000000000000002
  10
16.689997459994924
  20
22.390048260096524
  10
19.610002540005084
  20
22.390048260096524
  0
LWPOLYLINE
  5
2307
  100
AcDbEntity
  8
Top Silkscreen Layer
  100
AcDbPolyline
  90
2
  70
0
  43
0.2
  10
18.150000000000006
  20
22.71004826009652
  10
18.150000000000006
  20
23.090048260096523
  0
LWPOLYLINE
  5
2308
  100
AcDbEntity
  8
Top Silkscreen Layer
  100
AcDbPolyline
  90
2
  70
0
  43
0.2
  10
18.150000000000006
  20
23.510050800101606
  10
18.150000000000006
  20
23.890050800101605
  0
LWPOLYLINE
  5
2309
  100
AcDbEntity
  8
Top Silkscreen Layer
  100
AcDbPolyline
  90
2
  70
0
  43
0.12000000000000002
  10
18.150000000000006
  20
22.390048260096524
  10
18.150000000000006
  20
25.810053340106684
  0
LWPOLYLINE
  5
2310
  100
AcDbEntity
  8
Top Silkscreen Layer
  100
AcDbPolyline
  90
2
  70
0
  43
0.12000000000000002
  10
16.689997459994924
  20
22.390048260096524
  10
16.689997459994924
  20
25.810053340106684
  0
LWPOLYLINE
  5
2311
  100
AcDbEntity
  8
Top Silkscreen Layer
  100
AcDbPolyline
  90
2
  70
0
  43
0.12000000000000002
  10
19.610002540005084
  20
22.390048260096524
  10
19.610002540005084
  20
25.810053340106684
  0
LWPOLYLINE
  5
2312
  100
AcDbEntity
  8
Top Silkscreen Layer
  100
AcDbPolyline
  90
2
  70
0
  43
0.2
  10
18.150000000000006
  20
24.310050800101603
  10
18.150000000000006
  20
24.690050800101602
  0
LWPOLYLINE
  5
2313
  100
AcDbEntity
  8
Top Silkscreen Layer
  100
AcDbPolyline
  90
2
  70
0
  43
0.2
  10
18.150000000000006
  20
25.110050800101604
  10
18.150000000000006
  20
25.490050800101603
  0
LWPOLYLINE
  5
2314
  100
AcDbEntity
  8
Top Silkscreen Layer
  100
AcDbPolyline
  90
2
  70
0
  43
0.12000000000000002
  10
16.689997459994924
  20
25.810053340106684
  10
19.610002540005084
  20
25.810053340106684
  0
LWPOLYLINE
  5
2315
  100
AcDbEntity
  8
Top Silkscreen Layer
  100
AcDbPolyline
  90
2
  70
0
  43
0.12000000000000002
  10
23.660048260096524
  20
25.810053340106684
  10
20.74004318008636
  20
25.810053340106684
  0
LWPOLYLINE
  5
2316
  100
AcDbEntity
  8
Top Silkscreen Layer
  100
AcDbPolyline
  90
2
  70
0
  43
0.2
  10
22.200045720091442
  20
25.490053340106684
  10
22.200045720091442
  20
25.110053340106685
  0
LWPOLYLINE
  5
2317
  100
AcDbEntity
  8
Top Silkscreen Layer
  100
AcDbPolyline
  90
2
  70
0
  43
0.2
  10
22.200045720091442
  20
24.690050800101602
  10
22.200045720091442
  20
24.310050800101603
  0
LWPOLYLINE
  5
2318
  100
AcDbEntity
  8
Top Silkscreen Layer
  100
AcDbPolyline
  90
2
  70
0
  43
0.12000000000000002
  10
22.200045720091442
  20
25.810053340106684
  10
22.200045720091442
  20
22.390048260096524
  0
LWPOLYLINE
  5
2319
  100
AcDbEntity
  8
Top Silkscreen Layer
  100
AcDbPolyline
  90
2
  70
0
  43
0.12000000000000002
  10
23.660048260096524
  20
25.810053340106684
  10
23.660048260096524
  20
22.390048260096524
  0
LWPOLYLINE
  5
2320
  100
AcDbEntity
  8
Top Silkscreen Layer
  100
AcDbPolyline
  90
2
  70
0
  43
0.12000000000000002
  10
20.74004318008636
  20
25.810053340106684
  10
20.74004318008636
  20
22.390048260096524
  0
LWPOLYLINE
  5
2321
  100
AcDbEntity
  8
Top Silkscreen Layer
  100
AcDbPolyline
  90
2
  70
0
  43
0.2
  10
22.200045720091442
  20
23.890050800101605
  10
22.200045720091442
  20
23.510050800101606
  0
LWPOLYLINE
  5
2322
  100
AcDbEntity
  8
Top Silkscreen Layer
  100
AcDbPolyline
  90
2
  70
0
  43
0.2
  10
22.200045720091442
  20
23.090050800101604
  10
22.200045720091442
  20
22.7100508001016
  0
LWPOLYLINE
  5
2323
  100
AcDbEntity
  8
Top Silkscreen Layer
  100
AcDbPolyline
  90
2
  70
0
  43
0.12000000000000002
  10
23.660048260096524
  20
22.390048260096524
  10
20.74004318008636
  20
22.390048260096524
  0
LWPOLYLINE
  5
2324
  100
AcDbEntity
  8
Top Silkscreen Layer
  100
AcDbPolyline
  90
2
  70
0
  43
0.12000000000000002
  10
16.689997459994924
  20
17.039997459994918
  10
19.610002540005084
  20
17.039997459994918
  0
LWPOLYLINE
  5
2325
  100
AcDbEntity
  8
Top Silkscreen Layer
  100
AcDbPolyline
  90
2
  70
0
  43
0.2
  10
18.150000000000006
  20
17.35999745999492
  10
18.150000000000006
  20
17.739997459994918
  0
LWPOLYLINE
  5
2326
  100
AcDbEntity
  8
Top Silkscreen Layer
  100
AcDbPolyline
  90
2
  70
0
  43
0.2
  10
18.150000000000006
  20
18.16
  10
18.150000000000006
  20
18.540000000000003
  0
LWPOLYLINE
  5
2327
  100
AcDbEntity
  8
Top Silkscreen Layer
  100
AcDbPolyline
  90
2
  70
0
  43
0.12000000000000002
  10
18.150000000000006
  20
17.039997459994918
  10
18.150000000000006
  20
20.460002540005082
  0
LWPOLYLINE
  5
2328
  100
AcDbEntity
  8
Top Silkscreen Layer
  100
AcDbPolyline
  90
2
  70
0
  43
0.12000000000000002
  10
16.689997459994924
  20
17.039997459994918
  10
16.689997459994924
  20
20.460002540005082
  0
LWPOLYLINE
  5
2329
  100
AcDbEntity
  8
Top Silkscreen Layer
  100
AcDbPolyline
  90
2
  70
0
  43
0.12000000000000002
  10
19.610002540005084
  20
17.039997459994918
  10
19.610002540005084
  20
20.460002540005082
  0
LWPOLYLINE
  5
2330
  100
AcDbEntity
  8
Top Silkscreen Layer
  100
AcDbPolyline
  90
2
  70
0
  43
0.2
  10
18.150000000000006
  20
18.96
  10
18.150000000000006
  20
19.34
  0
LWPOLYLINE
  5
2331
  100
AcDbEntity
  8
Top Silkscreen Layer
  100
AcDbPolyline
  90
2
  70
0
  43
0.2
  10
18.150000000000006
  20
19.76
  10
18.150000000000006
  20
20.14
  0
LWPOLYLINE
  5
2332
  100
AcDbEntity
  8
Top Silkscreen Layer
  100
AcDbPolyline
  90
2
  70
0
  43
0.12000000000000002
  10
16.689997459994924
  20
20.460002540005082
  10
19.610002540005084
  20
20.460002540005082
  0
LWPOLYLINE
  5
2333
  100
AcDbEntity
  8
Top Silkscreen Layer
  100
AcDbPolyline
  90
2
  70
0
  43
0.12000000000000002
  10
23.66000254000508
  20
20.510002540005082
  10
20.73999745999492
  20
20.510002540005082
  0
LWPOLYLINE
  5
2334
  100
AcDbEntity
  8
Top Silkscreen Layer
  100
AcDbPolyline
  90
2
  70
0
  43
0.2
  10
22.200000000000003
  20
20.190002540005082
  10
22.200000000000003
  20
19.810002540005083
  0
LWPOLYLINE
  5
2335
  100
AcDbEntity
  8
Top Silkscreen Layer
  100
AcDbPolyline
  90
2
  70
0
  43
0.2
  10
22.200000000000003
  20
19.39
  10
22.200000000000003
  20
19.009999999999998
  0
LWPOLYLINE
  5
2336
  100
AcDbEntity
  8
Top Silkscreen Layer
  100
AcDbPolyline
  90
2
  70
0
  43
0.12000000000000002
  10
22.200000000000003
  20
20.510002540005082
  10
22.200000000000003
  20
17.08999745999492
  0
LWPOLYLINE
  5
2337
  100
AcDbEntity
  8
Top Silkscreen Layer
  100
AcDbPolyline
  90
2
  70
0
  43
0.12000000000000002
  10
23.66000254000508
  20
20.510002540005082
  10
23.66000254000508
  20
17.08999745999492
  0
LWPOLYLINE
  5
2338
  100
AcDbEntity
  8
Top Silkscreen Layer
  100
AcDbPolyline
  90
2
  70
0
  43
0.12000000000000002
  10
20.73999745999492
  20
20.510002540005082
  10
20.73999745999492
  20
17.08999745999492
  0
LWPOLYLINE
  5
2339
  100
AcDbEntity
  8
Top Silkscreen Layer
  100
AcDbPolyline
  90
2
  70
0
  43
0.2
  10
22.200000000000003
  20
18.59
  10
22.200000000000003
  20
18.21
  0
LWPOLYLINE
  5
2340
  100
AcDbEntity
  8
Top Silkscreen Layer
  100
AcDbPolyline
  90
2
  70
0
  43
0.2
  10
22.200000000000003
  20
17.79
  10
22.200000000000003
  20
17.41
  0
LWPOLYLINE
  5
2341
  100
AcDbEntity
  8
Top Silkscreen Layer
  100
AcDbPolyline
  90
2
  70
0
  43
0.12000000000000002
  10
23.66000254000508
  20
17.08999745999492
  10
20.73999745999492
  20
17.08999745999492
  0
LWPOLYLINE
  5
2342
  100
AcDbEntity
  8
Top Silkscreen Layer
  100
AcDbPolyline
  90
2
  70
0
  43
0.12000000000000002
  10
23.66000254000508
  20
15.210002540005084
  10
20.73999745999492
  20
15.210002540005084
  0
LWPOLYLINE
  5
2343
  100
AcDbEntity
  8
Top Silkscreen Layer
  100
AcDbPolyline
  90
2
  70
0
  43
0.2
  10
22.200000000000003
  20
14.890002540005083
  10
22.200000000000003
  20
14.510002540005082
  0
LWPOLYLINE
  5
2344
  100
AcDbEntity
  8
Top Silkscreen Layer
  100
AcDbPolyline
  90
2
  70
0
  43
0.2
  10
22.200000000000003
  20
14.090000000000003
  10
22.200000000000003
  20
13.710000000000003
  0
LWPOLYLINE
  5
2345
  100
AcDbEntity
  8
Top Silkscreen Layer
  100
AcDbPolyline
  90
2
  70
0
  43
0.12000000000000002
  10
22.200000000000003
  20
15.210002540005084
  10
22.200000000000003
  20
11.789997459994922
  0
LWPOLYLINE
  5
2346
  100
AcDbEntity
  8
Top Silkscreen Layer
  100
AcDbPolyline
  90
2
  70
0
  43
0.12000000000000002
  10
23.66000254000508
  20
15.210002540005084
  10
23.66000254000508
  20
11.789997459994922
  0
LWPOLYLINE
  5
2347
  100
AcDbEntity
  8
Top Silkscreen Layer
  100
AcDbPolyline
  90
2
  70
0
  43
0.12000000000000002
  10
20.73999745999492
  20
15.210002540005084
  10
20.73999745999492
  20
11.789997459994922
  0
LWPOLYLINE
  5
2348
  100
AcDbEntity
  8
Top Silkscreen Layer
  100
AcDbPolyline
  90
2
  70
0
  43
0.2
  10
22.200000000000003
  20
13.290000000000001
  10
22.200000000000003
  20
12.910000000000002
  0
LWPOLYLINE
  5
2349
  100
AcDbEntity
  8
Top Silkscreen Layer
  100
AcDbPolyline
  90
2
  70
0
  43
0.2
  10
22.200000000000003
  20
12.490000000000002
  10
22.200000000000003
  20
12.110000000000001
  0
LWPOLYLINE
  5
2350
  100
AcDbEntity
  8
Top Silkscreen Layer
  100
AcDbPolyline
  90
2
  70
0
  43
0.12000000000000002
  10
23.66000254000508
  20
11.789997459994922
  10
20.73999745999492
  20
11.789997459994922
  0
LWPOLYLINE
  5
2351
  100
AcDbEntity
  8
Top Silkscreen Layer
  100
AcDbPolyline
  90
2
  70
0
  43
0.12000000000000002
  10
16.689997459994924
  20
11.789997459994922
  10
19.610002540005084
  20
11.789997459994922
  0
LWPOLYLINE
  5
2352
  100
AcDbEntity
  8
Top Silkscreen Layer
  100
AcDbPolyline
  90
2
  70
0
  43
0.2
  10
18.150000000000006
  20
12.109997459994922
  10
18.150000000000006
  20
12.489997459994923
  0
LWPOLYLINE
  5
2353
  100
AcDbEntity
  8
Top Silkscreen Layer
  100
AcDbPolyline
  90
2
  70
0
  43
0.2
  10
18.150000000000006
  20
12.910000000000002
  10
18.150000000000006
  20
13.290000000000001
  0
LWPOLYLINE
  5
2354
  100
AcDbEntity
  8
Top Silkscreen Layer
  100
AcDbPolyline
  90
2
  70
0
  43
0.12000000000000002
  10
18.150000000000006
  20
11.789997459994922
  10
18.150000000000006
  20
15.210002540005084
  0
LWPOLYLINE
  5
2355
  100
AcDbEntity
  8
Top Silkscreen Layer
  100
AcDbPolyline
  90
2
  70
0
  43
0.12000000000000002
  10
16.689997459994924
  20
11.789997459994922
  10
16.689997459994924
  20
15.210002540005084
  0
LWPOLYLINE
  5
2356
  100
AcDbEntity
  8
Top Silkscreen Layer
  100
AcDbPolyline
  90
2
  70
0
  43
0.12000000000000002
  10
19.610002540005084
  20
11.789997459994922
  10
19.610002540005084
  20
15.210002540005084
  0
LWPOLYLINE
  5
2357
  100
AcDbEntity
  8
Top Silkscreen Layer
  100
AcDbPolyline
  90
2
  70
0
  43
0.2
  10
18.150000000000006
  20
13.710000000000003
  10
18.150000000000006
  20
14.090000000000003
  0
LWPOLYLINE
  5
2358
  100
AcDbEntity
  8
Top Silkscreen Layer
  100
AcDbPolyline
  90
2
  70
0
  43
0.2
  10
18.150000000000006
  20
14.510000000000003
  10
18.150000000000006
  20
14.890000000000004
  0
LWPOLYLINE
  5
2359
  100
AcDbEntity
  8
Top Silkscreen Layer
  100
AcDbPolyline
  90
2
  70
0
  43
0.12000000000000002
  10
16.689997459994924
  20
15.210002540005084
  10
19.610002540005084
  20
15.210002540005084
  0
LWPOLYLINE
  5
2360
  100
AcDbEntity
  8
Top Silkscreen Layer
  100
AcDbPolyline
  90
2
  70
0
  43
0.11938023876047754
  10
38.01499618999239
  20
38.63500127000254
  10
39.17000000000001
  20
38.63500127000254
  0
LWPOLYLINE
  5
2361
  100
AcDbEntity
  8
Top Silkscreen Layer
  100
AcDbPolyline
  90
2
  70
0
  43
0.11938023876047754
  10
38.01499618999239
  20
38.63500127000254
  10
38.01499618999239
  20
37.164998729997464
  0
LWPOLYLINE
  5
2362
  100
AcDbEntity
  8
Top Silkscreen Layer
  100
AcDbPolyline
  90
2
  70
0
  43
0.11938023876047754
  10
38.01499618999239
  20
37.164998729997464
  10
39.17000000000001
  20
37.164998729997464
  0
LWPOLYLINE
  5
2363
  100
AcDbEntity
  8
Top Silkscreen Layer
  100
AcDbPolyline
  90
2
  70
0
  43
0.11938023876047754
  10
40.98500381000763
  20
38.63500127000254
  10
39.830000000000005
  20
38.63500127000254
  0
LWPOLYLINE
  5
2364
  100
AcDbEntity
  8
Top Silkscreen Layer
  100
AcDbPolyline
  90
2
  70
0
  43
0.11938023876047754
  10
40.98500381000763
  20
37.164998729997464
  10
39.830000000000005
  20
37.164998729997464
  0
LWPOLYLINE
  5
2365
  100
AcDbEntity
  8
Top Silkscreen Layer
  100
AcDbPolyline
  90
2
  70
0
  43
0.11938023876047754
  10
40.98500381000763
  20
38.63500127000254
  10
40.98500381000763
  20
37.164998729997464
  0
LWPOLYLINE
  5
2366
  100
AcDbEntity
  8
Top Silkscreen Layer
  100
AcDbPolyline
  90
2
  70
0
  43
0.11938023876047754
  10
38.01499618999239
  20
37.13500127000255
  10
39.17000000000001
  20
37.13500127000255
  0
LWPOLYLINE
  5
2367
  100
AcDbEntity
  8
Top Silkscreen Layer
  100
AcDbPolyline
  90
2
  70
0
  43
0.11938023876047754
  10
38.01499618999239
  20
37.13500127000255
  10
38.01499618999239
  20
35.66499872999747
  0
LWPOLYLINE
  5
2368
  100
AcDbEntity
  8
Top Silkscreen Layer
  100
AcDbPolyline
  90
2
  70
0
  43
0.11938023876047754
  10
38.01499618999239
  20
35.66499872999747
  10
39.17000000000001
  20
35.66499872999747
  0
LWPOLYLINE
  5
2369
  100
AcDbEntity
  8
Top Silkscreen Layer
  100
AcDbPolyline
  90
2
  70
0
  43
0.11938023876047754
  10
40.98500381000763
  20
37.13500127000255
  10
39.830000000000005
  20
37.13500127000255
  0
LWPOLYLINE
  5
2370
  100
AcDbEntity
  8
Top Silkscreen Layer
  100
AcDbPolyline
  90
2
  70
0
  43
0.11938023876047754
  10
40.98500381000763
  20
35.66499872999747
  10
39.830000000000005
  20
35.66499872999747
  0
LWPOLYLINE
  5
2371
  100
AcDbEntity
  8
Top Silkscreen Layer
  100
AcDbPolyline
  90
2
  70
0
  43
0.11938023876047754
  10
40.98500381000763
  20
37.13500127000255
  10
40.98500381000763
  20
35.66499872999747
  0
LWPOLYLINE
  5
2372
  100
AcDbEntity
  8
Top Silkscreen Layer
  100
AcDbPolyline
  90
2
  70
0
  43
0.11938023876047754
  10
29.864998729997467
  20
14.614996189992382
  10
29.864998729997467
  20
15.770000000000001
  0
LWPOLYLINE
  5
2373
  100
AcDbEntity
  8
Top Silkscreen Layer
  100
AcDbPolyline
  90
2
  70
0
  43
0.11938023876047754
  10
29.864998729997467
  20
14.614996189992382
  10
31.335001270002543
  20
14.614996189992382
  0
LWPOLYLINE
  5
2374
  100
AcDbEntity
  8
Top Silkscreen Layer
  100
AcDbPolyline
  90
2
  70
0
  43
0.11938023876047754
  10
31.335001270002543
  20
14.614996189992382
  10
31.335001270002543
  20
15.770000000000001
  0
LWPOLYLINE
  5
2375
  100
AcDbEntity
  8
Top Silkscreen Layer
  100
AcDbPolyline
  90
2
  70
0
  43
0.11938023876047754
  10
29.864998729997467
  20
17.58500381000762
  10
29.864998729997467
  20
16.430000000000003
  0
LWPOLYLINE
  5
2376
  100
AcDbEntity
  8
Top Silkscreen Layer
  100
AcDbPolyline
  90
2
  70
0
  43
0.11938023876047754
  10
31.335001270002543
  20
17.58500381000762
  10
31.335001270002543
  20
16.430000000000003
  0
LWPOLYLINE
  5
2377
  100
AcDbEntity
  8
Top Silkscreen Layer
  100
AcDbPolyline
  90
2
  70
0
  43
0.11938023876047754
  10
29.864998729997467
  20
17.58500381000762
  10
31.335001270002543
  20
17.58500381000762
  0
LWPOLYLINE
  5
2378
  100
AcDbEntity
  8
Top Silkscreen Layer
  100
AcDbPolyline
  90
2
  70
0
  43
0.11938023876047754
  10
31.364998729997467
  20
14.614996189992382
  10
31.364998729997467
  20
15.770000000000001
  0
LWPOLYLINE
  5
2379
  100
AcDbEntity
  8
Top Silkscreen Layer
  100
AcDbPolyline
  90
2
  70
0
  43
0.11938023876047754
  10
31.364998729997467
  20
14.614996189992382
  10
32.83500127000254
  20
14.614996189992382
  0
LWPOLYLINE
  5
2380
  100
AcDbEntity
  8
Top Silkscreen Layer
  100
AcDbPolyline
  90
2
  70
0
  43
0.11938023876047754
  10
32.83500127000254
  20
14.614996189992382
  10
32.83500127000254
  20
15.770000000000001
  0
LWPOLYLINE
  5
2381
  100
AcDbEntity
  8
Top Silkscreen Layer
  100
AcDbPolyline
  90
2
  70
0
  43
0.11938023876047754
  10
31.364998729997467
  20
17.58500381000762
  10
31.364998729997467
  20
16.430000000000003
  0
LWPOLYLINE
  5
2382
  100
AcDbEntity
  8
Top Silkscreen Layer
  100
AcDbPolyline
  90
2
  70
0
  43
0.11938023876047754
  10
32.83500127000254
  20
17.58500381000762
  10
32.83500127000254
  20
16.430000000000003
  0
LWPOLYLINE
  5
2383
  100
AcDbEntity
  8
Top Silkscreen Layer
  100
AcDbPolyline
  90
2
  70
0
  43
0.11938023876047754
  10
31.364998729997467
  20
17.58500381000762
  10
32.83500127000254
  20
17.58500381000762
  0
LWPOLYLINE
  5
2384
  100
AcDbEntity
  8
Top Silkscreen Layer
  100
AcDbPolyline
  90
2
  70
0
  43
0.11938023876047754
  10
40.764998729997465
  20
14.614996189992382
  10
40.764998729997465
  20
15.770000000000001
  0
LWPOLYLINE
  5
2385
  100
AcDbEntity
  8
Top Silkscreen Layer
  100
AcDbPolyline
  90
2
  70
0
  43
0.11938023876047754
  10
40.764998729997465
  20
14.614996189992382
  10
42.23500127000255
  20
14.614996189992382
  0
LWPOLYLINE
  5
2386
  100
AcDbEntity
  8
Top Silkscreen Layer
  100
AcDbPolyline
  90
2
  70
0
  43
0.11938023876047754
  10
42.23500127000255
  20
14.614996189992382
  10
42.23500127000255
  20
15.770000000000001
  0
LWPOLYLINE
  5
2387
  100
AcDbEntity
  8
Top Silkscreen Layer
  100
AcDbPolyline
  90
2
  70
0
  43
0.11938023876047754
  10
40.764998729997465
  20
17.58500381000762
  10
40.764998729997465
  20
16.430000000000003
  0
LWPOLYLINE
  5
2388
  100
AcDbEntity
  8
Top Silkscreen Layer
  100
AcDbPolyline
  90
2
  70
0
  43
0.11938023876047754
  10
42.23500127000255
  20
17.58500381000762
  10
42.23500127000255
  20
16.430000000000003
  0
LWPOLYLINE
  5
2389
  100
AcDbEntity
  8
Top Silkscreen Layer
  100
AcDbPolyline
  90
2
  70
0
  43
0.11938023876047754
  10
40.764998729997465
  20
17.58500381000762
  10
42.23500127000255
  20
17.58500381000762
  0
LWPOLYLINE
  5
2390
  100
AcDbEntity
  8
Top Silkscreen Layer
  100
AcDbPolyline
  90
2
  70
0
  43
0.11938023876047754
  10
42.21499872999746
  20
14.614996189992382
  10
42.21499872999746
  20
15.770000000000001
  0
LWPOLYLINE
  5
2391
  100
AcDbEntity
  8
Top Silkscreen Layer
  100
AcDbPolyline
  90
2
  70
0
  43
0.11938023876047754
  10
42.21499872999746
  20
14.614996189992382
  10
43.68500127000254
  20
14.614996189992382
  0
LWPOLYLINE
  5
2392
  100
AcDbEntity
  8
Top Silkscreen Layer
  100
AcDbPolyline
  90
2
  70
0
  43
0.11938023876047754
  10
43.68500127000254
  20
14.614996189992382
  10
43.68500127000254
  20
15.770000000000001
  0
LWPOLYLINE
  5
2393
  100
AcDbEntity
  8
Top Silkscreen Layer
  100
AcDbPolyline
  90
2
  70
0
  43
0.11938023876047754
  10
42.21499872999746
  20
17.58500381000762
  10
42.21499872999746
  20
16.430000000000003
  0
LWPOLYLINE
  5
2394
  100
AcDbEntity
  8
Top Silkscreen Layer
  100
AcDbPolyline
  90
2
  70
0
  43
0.11938023876047754
  10
43.68500127000254
  20
17.58500381000762
  10
43.68500127000254
  20
16.430000000000003
  0
LWPOLYLINE
  5
2395
  100
AcDbEntity
  8
Top Silkscreen Layer
  100
AcDbPolyline
  90
2
  70
0
  43
0.11938023876047754
  10
42.21499872999746
  20
17.58500381000762
  10
43.68500127000254
  20
17.58500381000762
  0
LWPOLYLINE
  5
2396
  100
AcDbEntity
  8
Top Silkscreen Layer
  100
AcDbPolyline
  90
2
  70
0
  43
0.11938023876047754
  10
25.66499872999746
  20
25.714996189992384
  10
25.66499872999746
  20
26.87
  0
LWPOLYLINE
  5
2397
  100
AcDbEntity
  8
Top Silkscreen Layer
  100
AcDbPolyline
  90
2
  70
0
  43
0.11938023876047754
  10
25.66499872999746
  20
25.714996189992384
  10
27.13500127000254
  20
25.714996189992384
  0
LWPOLYLINE
  5
2398
  100
AcDbEntity
  8
Top Silkscreen Layer
  100
AcDbPolyline
  90
2
  70
0
  43
0.11938023876047754
  10
27.13500127000254
  20
25.714996189992384
  10
27.13500127000254
  20
26.87
  0
LWPOLYLINE
  5
2399
  100
AcDbEntity
  8
Top Silkscreen Layer
  100
AcDbPolyline
  90
2
  70
0
  43
0.11938023876047754
  10
25.66499872999746
  20
28.685003810007622
  10
25.66499872999746
  20
27.530000000000005
  0
LWPOLYLINE
  5
2400
  100
AcDbEntity
  8
Top Silkscreen Layer
  100
AcDbPolyline
  90
2
  70
0
  43
0.11938023876047754
  10
27.13500127000254
  20
28.685003810007622
  10
27.13500127000254
  20
27.530000000000005
  0
LWPOLYLINE
  5
2401
  100
AcDbEntity
  8
Top Silkscreen Layer
  100
AcDbPolyline
  90
2
  70
0
  43
0.11938023876047754
  10
25.66499872999746
  20
28.685003810007622
  10
27.13500127000254
  20
28.685003810007622
  0
LWPOLYLINE
  5
2402
  100
AcDbEntity
  8
Top Silkscreen Layer
  100
AcDbPolyline
  90
2
  70
0
  43
0.11938023876047754
  10
40.73500127000254
  20
17.58500381000762
  10
40.73500127000254
  20
16.430000000000003
  0
LWPOLYLINE
  5
2403
  100
AcDbEntity
  8
Top Silkscreen Layer
  100
AcDbPolyline
  90
2
  70
0
  43
0.11938023876047754
  10
40.73500127000254
  20
17.58500381000762
  10
39.264998729997465
  20
17.58500381000762
  0
LWPOLYLINE
  5
2404
  100
AcDbEntity
  8
Top Silkscreen Layer
  100
AcDbPolyline
  90
2
  70
0
  43
0.11938023876047754
  10
39.264998729997465
  20
17.58500381000762
  10
39.264998729997465
  20
16.430000000000003
  0
LWPOLYLINE
  5
2405
  100
AcDbEntity
  8
Top Silkscreen Layer
  100
AcDbPolyline
  90
2
  70
0
  43
0.11938023876047754
  10
40.73500127000254
  20
14.614996189992382
  10
40.73500127000254
  20
15.770000000000001
  0
LWPOLYLINE
  5
2406
  100
AcDbEntity
  8
Top Silkscreen Layer
  100
AcDbPolyline
  90
2
  70
0
  43
0.11938023876047754
  10
39.264998729997465
  20
14.614996189992382
  10
39.264998729997465
  20
15.770000000000001
  0
LWPOLYLINE
  5
2407
  100
AcDbEntity
  8
Top Silkscreen Layer
  100
AcDbPolyline
  90
2
  70
0
  43
0.11938023876047754
  10
40.73500127000254
  20
14.614996189992382
  10
39.264998729997465
  20
14.614996189992382
  0
LWPOLYLINE
  5
2408
  100
AcDbEntity
  8
Top Silkscreen Layer
  100
AcDbPolyline
  90
2
  70
0
  43
0.12000000000000002
  10
53.185013970027946
  20
44.54499872999747
  10
50.2150063500127
  20
44.54499872999747
  0
LWPOLYLINE
  5
2409
  100
AcDbEntity
  8
Top Silkscreen Layer
  100
AcDbPolyline
  90
2
  70
0
  43
0.12000000000000002
  10
50.2150063500127
  20
44.54499872999747
  10
50.2150063500127
  20
46.01500127000254
  0
LWPOLYLINE
  5
2410
  100
AcDbEntity
  8
Top Silkscreen Layer
  100
AcDbPolyline
  90
2
  70
0
  43
0.12000000000000002
  10
53.185013970027946
  20
46.01500127000254
  10
50.2150063500127
  20
46.01500127000254
  0
LWPOLYLINE
  5
2411
  100
AcDbEntity
  8
Top Silkscreen Layer
  100
AcDbPolyline
  90
2
  70
0
  43
0.12000000000000002
  10
53.185013970027946
  20
44.54499872999747
  10
53.185013970027946
  20
46.01500127000254
  0
LWPOLYLINE
  5
2412
  100
AcDbEntity
  8
Top Silkscreen Layer
  100
AcDbPolyline
  90
2
  70
0
  43
0.12000000000000002
  10
53.185013970027946
  20
43.04499872999747
  10
50.2150063500127
  20
43.04499872999747
  0
LWPOLYLINE
  5
2413
  100
AcDbEntity
  8
Top Silkscreen Layer
  100
AcDbPolyline
  90
2
  70
0
  43
0.12000000000000002
  10
50.2150063500127
  20
43.04499872999747
  10
50.2150063500127
  20
44.51500127000254
  0
LWPOLYLINE
  5
2414
  100
AcDbEntity
  8
Top Silkscreen Layer
  100
AcDbPolyline
  90
2
  70
0
  43
0.12000000000000002
  10
53.185013970027946
  20
44.51500127000254
  10
50.2150063500127
  20
44.51500127000254
  0
LWPOLYLINE
  5
2415
  100
AcDbEntity
  8
Top Silkscreen Layer
  100
AcDbPolyline
  90
2
  70
0
  43
0.12000000000000002
  10
53.185013970027946
  20
43.04499872999747
  10
53.185013970027946
  20
44.51500127000254
  0
LWPOLYLINE
  5
2416
  100
AcDbEntity
  8
Top Silkscreen Layer
  100
AcDbPolyline
  90
2
  70
0
  43
0.11938023876047754
  10
48.76500889001779
  20
43.04508763017526
  10
48.76500889001779
  20
44.20009144018289
  0
LWPOLYLINE
  5
2417
  100
AcDbEntity
  8
Top Silkscreen Layer
  100
AcDbPolyline
  90
2
  70
0
  43
0.11938023876047754
  10
48.76500889001779
  20
43.04508763017526
  10
50.235011430022865
  20
43.04508763017526
  0
LWPOLYLINE
  5
2418
  100
AcDbEntity
  8
Top Silkscreen Layer
  100
AcDbPolyline
  90
2
  70
0
  43
0.11938023876047754
  10
50.235011430022865
  20
43.04508763017526
  10
50.235011430022865
  20
44.20009144018289
  0
LWPOLYLINE
  5
2419
  100
AcDbEntity
  8
Top Silkscreen Layer
  100
AcDbPolyline
  90
2
  70
0
  43
0.11938023876047754
  10
48.76500889001779
  20
46.015095250190505
  10
48.76500889001779
  20
44.86009144018288
  0
LWPOLYLINE
  5
2420
  100
AcDbEntity
  8
Top Silkscreen Layer
  100
AcDbPolyline
  90
2
  70
0
  43
0.11938023876047754
  10
50.235011430022865
  20
46.015095250190505
  10
50.235011430022865
  20
44.86009144018288
  0
LWPOLYLINE
  5
2421
  100
AcDbEntity
  8
Top Silkscreen Layer
  100
AcDbPolyline
  90
2
  70
0
  43
0.11938023876047754
  10
48.76500889001779
  20
46.015095250190505
  10
50.235011430022865
  20
46.015095250190505
  0
LWPOLYLINE
  5
2422
  100
AcDbEntity
  8
Top Silkscreen Layer
  100
AcDbPolyline
  90
2
  70
0
  43
0.12000000000000002
  10
53.185013970027946
  20
40.174996189992385
  10
50.2150063500127
  20
40.174996189992385
  0
LWPOLYLINE
  5
2423
  100
AcDbEntity
  8
Top Silkscreen Layer
  100
AcDbPolyline
  90
2
  70
0
  43
0.12000000000000002
  10
50.2150063500127
  20
40.174996189992385
  10
50.2150063500127
  20
41.64499872999746
  0
LWPOLYLINE
  5
2424
  100
AcDbEntity
  8
Top Silkscreen Layer
  100
AcDbPolyline
  90
2
  70
0
  43
0.12000000000000002
  10
53.185013970027946
  20
41.64499872999746
  10
50.2150063500127
  20
41.64499872999746
  0
LWPOLYLINE
  5
2425
  100
AcDbEntity
  8
Top Silkscreen Layer
  100
AcDbPolyline
  90
2
  70
0
  43
0.12000000000000002
  10
53.185013970027946
  20
40.174996189992385
  10
53.185013970027946
  20
41.64499872999746
  0
LWPOLYLINE
  5
2426
  100
AcDbEntity
  8
Top Silkscreen Layer
  100
AcDbPolyline
  90
2
  70
0
  43
0.12000000000000002
  10
53.185013970027946
  20
38.674996189992385
  10
50.2150063500127
  20
38.674996189992385
  0
LWPOLYLINE
  5
2427
  100
AcDbEntity
  8
Top Silkscreen Layer
  100
AcDbPolyline
  90
2
  70
0
  43
0.12000000000000002
  10
50.2150063500127
  20
38.674996189992385
  10
50.2150063500127
  20
40.14499872999747
  0
LWPOLYLINE
  5
2428
  100
AcDbEntity
  8
Top Silkscreen Layer
  100
AcDbPolyline
  90
2
  70
0
  43
0.12000000000000002
  10
53.185013970027946
  20
40.14499872999747
  10
50.2150063500127
  20
40.14499872999747
  0
LWPOLYLINE
  5
2429
  100
AcDbEntity
  8
Top Silkscreen Layer
  100
AcDbPolyline
  90
2
  70
0
  43
0.12000000000000002
  10
53.185013970027946
  20
38.674996189992385
  10
53.185013970027946
  20
40.14499872999747
  0
LWPOLYLINE
  5
2430
  100
AcDbEntity
  8
Top Silkscreen Layer
  100
AcDbPolyline
  90
2
  70
0
  43
0.11938023876047754
  10
48.76500889001779
  20
38.675077470154946
  10
48.76500889001779
  20
39.83008128016257
  0
LWPOLYLINE
  5
2431
  100
AcDbEntity
  8
Top Silkscreen Layer
  100
AcDbPolyline
  90
2
  70
0
  43
0.11938023876047754
  10
48.76500889001779
  20
38.675077470154946
  10
50.235011430022865
  20
38.675077470154946
  0
LWPOLYLINE
  5
2432
  100
AcDbEntity
  8
Top Silkscreen Layer
  100
AcDbPolyline
  90
2
  70
0
  43
0.11938023876047754
  10
50.235011430022865
  20
38.675077470154946
  10
50.235011430022865
  20
39.83008128016257
  0
LWPOLYLINE
  5
2433
  100
AcDbEntity
  8
Top Silkscreen Layer
  100
AcDbPolyline
  90
2
  70
0
  43
0.11938023876047754
  10
48.76500889001779
  20
41.64508509017019
  10
48.76500889001779
  20
40.49008128016256
  0
LWPOLYLINE
  5
2434
  100
AcDbEntity
  8
Top Silkscreen Layer
  100
AcDbPolyline
  90
2
  70
0
  43
0.11938023876047754
  10
50.235011430022865
  20
41.64508509017019
  10
50.235011430022865
  20
40.49008128016256
  0
LWPOLYLINE
  5
2435
  100
AcDbEntity
  8
Top Silkscreen Layer
  100
AcDbPolyline
  90
2
  70
0
  43
0.11938023876047754
  10
48.76500889001779
  20
41.64508509017019
  10
50.235011430022865
  20
41.64508509017019
  0
LWPOLYLINE
  5
2436
  100
AcDbEntity
  8
Top Silkscreen Layer
  100
AcDbPolyline
  90
2
  70
0
  43
0.12000000000000002
  10
53.185013970027946
  20
35.80499618999239
  10
50.2150063500127
  20
35.80499618999239
  0
LWPOLYLINE
  5
2437
  100
AcDbEntity
  8
Top Silkscreen Layer
  100
AcDbPolyline
  90
2
  70
0
  43
0.12000000000000002
  10
50.2150063500127
  20
35.80499618999239
  10
50.2150063500127
  20
37.27499872999746
  0
LWPOLYLINE
  5
2438
  100
AcDbEntity
  8
Top Silkscreen Layer
  100
AcDbPolyline
  90
2
  70
0
  43
0.12000000000000002
  10
53.185013970027946
  20
37.27499872999746
  10
50.2150063500127
  20
37.27499872999746
  0
LWPOLYLINE
  5
2439
  100
AcDbEntity
  8
Top Silkscreen Layer
  100
AcDbPolyline
  90
2
  70
0
  43
0.12000000000000002
  10
53.185013970027946
  20
35.80499618999239
  10
53.185013970027946
  20
37.27499872999746
  0
LWPOLYLINE
  5
2440
  100
AcDbEntity
  8
Top Silkscreen Layer
  100
AcDbPolyline
  90
2
  70
0
  43
0.12000000000000002
  10
53.185013970027946
  20
34.30499618999239
  10
50.2150063500127
  20
34.30499618999239
  0
LWPOLYLINE
  5
2441
  100
AcDbEntity
  8
Top Silkscreen Layer
  100
AcDbPolyline
  90
2
  70
0
  43
0.12000000000000002
  10
50.2150063500127
  20
34.30499618999239
  10
50.2150063500127
  20
35.77499872999746
  0
LWPOLYLINE
  5
2442
  100
AcDbEntity
  8
Top Silkscreen Layer
  100
AcDbPolyline
  90
2
  70
0
  43
0.12000000000000002
  10
53.185013970027946
  20
35.77499872999746
  10
50.2150063500127
  20
35.77499872999746
  0
LWPOLYLINE
  5
2443
  100
AcDbEntity
  8
Top Silkscreen Layer
  100
AcDbPolyline
  90
2
  70
0
  43
0.12000000000000002
  10
53.185013970027946
  20
34.30499618999239
  10
53.185013970027946
  20
35.77499872999746
  0
LWPOLYLINE
  5
2444
  100
AcDbEntity
  8
Top Silkscreen Layer
  100
AcDbPolyline
  90
2
  70
0
  43
0.11938023876047754
  10
48.76500889001779
  20
34.3050698501397
  10
48.76500889001779
  20
35.46007366014733
  0
LWPOLYLINE
  5
2445
  100
AcDbEntity
  8
Top Silkscreen Layer
  100
AcDbPolyline
  90
2
  70
0
  43
0.11938023876047754
  10
48.76500889001779
  20
34.3050698501397
  10
50.235011430022865
  20
34.3050698501397
  0
LWPOLYLINE
  5
2446
  100
AcDbEntity
  8
Top Silkscreen Layer
  100
AcDbPolyline
  90
2
  70
0
  43
0.11938023876047754
  10
50.235011430022865
  20
34.3050698501397
  10
50.235011430022865
  20
35.46007366014733
  0
LWPOLYLINE
  5
2447
  100
AcDbEntity
  8
Top Silkscreen Layer
  100
AcDbPolyline
  90
2
  70
0
  43
0.11938023876047754
  10
48.76500889001779
  20
37.27507747015495
  10
48.76500889001779
  20
36.12007366014732
  0
LWPOLYLINE
  5
2448
  100
AcDbEntity
  8
Top Silkscreen Layer
  100
AcDbPolyline
  90
2
  70
0
  43
0.11938023876047754
  10
50.235011430022865
  20
37.27507747015495
  10
50.235011430022865
  20
36.12007366014732
  0
LWPOLYLINE
  5
2449
  100
AcDbEntity
  8
Top Silkscreen Layer
  100
AcDbPolyline
  90
2
  70
0
  43
0.11938023876047754
  10
48.76500889001779
  20
37.27507747015495
  10
50.235011430022865
  20
37.27507747015495
  0
LWPOLYLINE
  5
2450
  100
AcDbEntity
  8
Top Silkscreen Layer
  100
AcDbPolyline
  90
2
  70
0
  43
0.12000000000000002
  10
53.185013970027946
  20
31.4349936499873
  10
50.2150063500127
  20
31.4349936499873
  0
LWPOLYLINE
  5
2451
  100
AcDbEntity
  8
Top Silkscreen Layer
  100
AcDbPolyline
  90
2
  70
0
  43
0.12000000000000002
  10
50.2150063500127
  20
31.4349936499873
  10
50.2150063500127
  20
32.90499618999238
  0
LWPOLYLINE
  5
2452
  100
AcDbEntity
  8
Top Silkscreen Layer
  100
AcDbPolyline
  90
2
  70
0
  43
0.12000000000000002
  10
53.185013970027946
  20
32.90499618999238
  10
50.2150063500127
  20
32.90499618999238
  0
LWPOLYLINE
  5
2453
  100
AcDbEntity
  8
Top Silkscreen Layer
  100
AcDbPolyline
  90
2
  70
0
  43
0.12000000000000002
  10
53.185013970027946
  20
31.4349936499873
  10
53.185013970027946
  20
32.90499618999238
  0
LWPOLYLINE
  5
2454
  100
AcDbEntity
  8
Top Silkscreen Layer
  100
AcDbPolyline
  90
2
  70
0
  43
0.12000000000000002
  10
53.185013970027946
  20
29.9349936499873
  10
50.2150063500127
  20
29.9349936499873
  0
LWPOLYLINE
  5
2455
  100
AcDbEntity
  8
Top Silkscreen Layer
  100
AcDbPolyline
  90
2
  70
0
  43
0.12000000000000002
  10
50.2150063500127
  20
29.9349936499873
  10
50.2150063500127
  20
31.40499618999238
  0
LWPOLYLINE
  5
2456
  100
AcDbEntity
  8
Top Silkscreen Layer
  100
AcDbPolyline
  90
2
  70
0
  43
0.12000000000000002
  10
53.185013970027946
  20
31.40499618999238
  10
50.2150063500127
  20
31.40499618999238
  0
LWPOLYLINE
  5
2457
  100
AcDbEntity
  8
Top Silkscreen Layer
  100
AcDbPolyline
  90
2
  70
0
  43
0.12000000000000002
  10
53.185013970027946
  20
29.9349936499873
  10
53.185013970027946
  20
31.40499618999238
  0
LWPOLYLINE
  5
2458
  100
AcDbEntity
  8
Top Silkscreen Layer
  100
AcDbPolyline
  90
2
  70
0
  43
0.11938023876047754
  10
48.76500889001779
  20
29.935059690119388
  10
48.76500889001779
  20
31.090063500127005
  0
LWPOLYLINE
  5
2459
  100
AcDbEntity
  8
Top Silkscreen Layer
  100
AcDbPolyline
  90
2
  70
0
  43
0.11938023876047754
  10
48.76500889001779
  20
29.935059690119388
  10
50.235011430022865
  20
29.935059690119388
  0
LWPOLYLINE
  5
2460
  100
AcDbEntity
  8
Top Silkscreen Layer
  100
AcDbPolyline
  90
2
  70
0
  43
0.11938023876047754
  10
50.235011430022865
  20
29.935059690119388
  10
50.235011430022865
  20
31.090063500127005
  0
LWPOLYLINE
  5
2461
  100
AcDbEntity
  8
Top Silkscreen Layer
  100
AcDbPolyline
  90
2
  70
0
  43
0.11938023876047754
  10
48.76500889001779
  20
32.905067310134626
  10
48.76500889001779
  20
31.75006350012701
  0
LWPOLYLINE
  5
2462
  100
AcDbEntity
  8
Top Silkscreen Layer
  100
AcDbPolyline
  90
2
  70
0
  43
0.11938023876047754
  10
50.235011430022865
  20
32.905067310134626
  10
50.235011430022865
  20
31.75006350012701
  0
LWPOLYLINE
  5
2463
  100
AcDbEntity
  8
Top Silkscreen Layer
  100
AcDbPolyline
  90
2
  70
0
  43
0.11938023876047754
  10
48.76500889001779
  20
32.905067310134626
  10
50.235011430022865
  20
32.905067310134626
  0
LWPOLYLINE
  5
2464
  100
AcDbEntity
  8
Top Silkscreen Layer
  100
AcDbPolyline
  90
2
  70
0
  43
0.12000000000000002
  10
53.185013970027946
  20
27.064993649987304
  10
50.2150063500127
  20
27.064993649987304
  0
LWPOLYLINE
  5
2465
  100
AcDbEntity
  8
Top Silkscreen Layer
  100
AcDbPolyline
  90
2
  70
0
  43
0.12000000000000002
  10
50.2150063500127
  20
27.064993649987304
  10
50.2150063500127
  20
28.53499618999238
  0
LWPOLYLINE
  5
2466
  100
AcDbEntity
  8
Top Silkscreen Layer
  100
AcDbPolyline
  90
2
  70
0
  43
0.12000000000000002
  10
53.185013970027946
  20
28.53499618999238
  10
50.2150063500127
  20
28.53499618999238
  0
LWPOLYLINE
  5
2467
  100
AcDbEntity
  8
Top Silkscreen Layer
  100
AcDbPolyline
  90
2
  70
0
  43
0.12000000000000002
  10
53.185013970027946
  20
27.064993649987304
  10
53.185013970027946
  20
28.53499618999238
  0
LWPOLYLINE
  5
2468
  100
AcDbEntity
  8
Top Silkscreen Layer
  100
AcDbPolyline
  90
2
  70
0
  43
0.12000000000000002
  10
53.185013970027946
  20
25.564993649987304
  10
50.2150063500127
  20
25.564993649987304
  0
LWPOLYLINE
  5
2469
  100
AcDbEntity
  8
Top Silkscreen Layer
  100
AcDbPolyline
  90
2
  70
0
  43
0.12000000000000002
  10
50.2150063500127
  20
25.564993649987304
  10
50.2150063500127
  20
27.034996189992384
  0
LWPOLYLINE
  5
2470
  100
AcDbEntity
  8
Top Silkscreen Layer
  100
AcDbPolyline
  90
2
  70
0
  43
0.12000000000000002
  10
53.185013970027946
  20
27.034996189992384
  10
50.2150063500127
  20
27.034996189992384
  0
LWPOLYLINE
  5
2471
  100
AcDbEntity
  8
Top Silkscreen Layer
  100
AcDbPolyline
  90
2
  70
0
  43
0.12000000000000002
  10
53.185013970027946
  20
25.564993649987304
  10
53.185013970027946
  20
27.034996189992384
  0
LWPOLYLINE
  5
2472
  100
AcDbEntity
  8
Top Silkscreen Layer
  100
AcDbPolyline
  90
2
  70
0
  43
0.11938023876047754
  10
48.76500889001779
  20
25.565054610109225
  10
48.76500889001779
  20
26.720058420116846
  0
LWPOLYLINE
  5
2473
  100
AcDbEntity
  8
Top Silkscreen Layer
  100
AcDbPolyline
  90
2
  70
0
  43
0.11938023876047754
  10
48.76500889001779
  20
25.565054610109225
  10
50.235011430022865
  20
25.565054610109225
  0
LWPOLYLINE
  5
2474
  100
AcDbEntity
  8
Top Silkscreen Layer
  100
AcDbPolyline
  90
2
  70
0
  43
0.11938023876047754
  10
50.235011430022865
  20
25.565054610109225
  10
50.235011430022865
  20
26.720058420116846
  0
LWPOLYLINE
  5
2475
  100
AcDbEntity
  8
Top Silkscreen Layer
  100
AcDbPolyline
  90
2
  70
0
  43
0.11938023876047754
  10
48.76500889001779
  20
28.535062230124463
  10
48.76500889001779
  20
27.380058420116846
  0
LWPOLYLINE
  5
2476
  100
AcDbEntity
  8
Top Silkscreen Layer
  100
AcDbPolyline
  90
2
  70
0
  43
0.11938023876047754
  10
50.235011430022865
  20
28.535062230124463
  10
50.235011430022865
  20
27.380058420116846
  0
LWPOLYLINE
  5
2477
  100
AcDbEntity
  8
Top Silkscreen Layer
  100
AcDbPolyline
  90
2
  70
0
  43
0.11938023876047754
  10
48.76500889001779
  20
28.535062230124463
  10
50.235011430022865
  20
28.535062230124463
  0
LWPOLYLINE
  5
2478
  100
AcDbEntity
  8
Top Silkscreen Layer
  100
AcDbPolyline
  90
2
  70
0
  43
0.12000000000000002
  10
53.185013970027946
  20
22.694991109982226
  10
50.2150063500127
  20
22.694991109982226
  0
LWPOLYLINE
  5
2479
  100
AcDbEntity
  8
Top Silkscreen Layer
  100
AcDbPolyline
  90
2
  70
0
  43
0.12000000000000002
  10
50.2150063500127
  20
22.694991109982226
  10
50.2150063500127
  20
24.164993649987302
  0
LWPOLYLINE
  5
2480
  100
AcDbEntity
  8
Top Silkscreen Layer
  100
AcDbPolyline
  90
2
  70
0
  43
0.12000000000000002
  10
53.185013970027946
  20
24.164993649987302
  10
50.2150063500127
  20
24.164993649987302
  0
LWPOLYLINE
  5
2481
  100
AcDbEntity
  8
Top Silkscreen Layer
  100
AcDbPolyline
  90
2
  70
0
  43
0.12000000000000002
  10
53.185013970027946
  20
22.694991109982226
  10
53.185013970027946
  20
24.164993649987302
  0
LWPOLYLINE
  5
2482
  100
AcDbEntity
  8
Top Silkscreen Layer
  100
AcDbPolyline
  90
2
  70
0
  43
0.12000000000000002
  10
53.185013970027946
  20
21.194991109982222
  10
50.2150063500127
  20
21.194991109982222
  0
LWPOLYLINE
  5
2483
  100
AcDbEntity
  8
Top Silkscreen Layer
  100
AcDbPolyline
  90
2
  70
0
  43
0.12000000000000002
  10
50.2150063500127
  20
21.194991109982222
  10
50.2150063500127
  20
22.664993649987302
  0
LWPOLYLINE
  5
2484
  100
AcDbEntity
  8
Top Silkscreen Layer
  100
AcDbPolyline
  90
2
  70
0
  43
0.12000000000000002
  10
53.185013970027946
  20
22.664993649987302
  10
50.2150063500127
  20
22.664993649987302
  0
LWPOLYLINE
  5
2485
  100
AcDbEntity
  8
Top Silkscreen Layer
  100
AcDbPolyline
  90
2
  70
0
  43
0.12000000000000002
  10
53.185013970027946
  20
21.194991109982222
  10
53.185013970027946
  20
22.664993649987302
  0
LWPOLYLINE
  5
2486
  100
AcDbEntity
  8
Top Silkscreen Layer
  100
AcDbPolyline
  90
2
  70
0
  43
0.11938023876047754
  10
48.76500889001779
  20
21.19498856997714
  10
48.76500889001779
  20
22.349992379984762
  0
LWPOLYLINE
  5
2487
  100
AcDbEntity
  8
Top Silkscreen Layer
  100
AcDbPolyline
  90
2
  70
0
  43
0.11938023876047754
  10
48.76500889001779
  20
21.19498856997714
  10
50.235011430022865
  20
21.19498856997714
  0
LWPOLYLINE
  5
2488
  100
AcDbEntity
  8
Top Silkscreen Layer
  100
AcDbPolyline
  90
2
  70
0
  43
0.11938023876047754
  10
50.235011430022865
  20
21.19498856997714
  10
50.235011430022865
  20
22.349992379984762
  0
LWPOLYLINE
  5
2489
  100
AcDbEntity
  8
Top Silkscreen Layer
  100
AcDbPolyline
  90
2
  70
0
  43
0.11938023876047754
  10
48.76500889001779
  20
24.16499618999238
  10
48.76500889001779
  20
23.009992379984762
  0
LWPOLYLINE
  5
2490
  100
AcDbEntity
  8
Top Silkscreen Layer
  100
AcDbPolyline
  90
2
  70
0
  43
0.11938023876047754
  10
50.235011430022865
  20
24.16499618999238
  10
50.235011430022865
  20
23.009992379984762
  0
LWPOLYLINE
  5
2491
  100
AcDbEntity
  8
Top Silkscreen Layer
  100
AcDbPolyline
  90
2
  70
0
  43
0.11938023876047754
  10
48.76500889001779
  20
24.16499618999238
  10
50.235011430022865
  20
24.16499618999238
  0
LWPOLYLINE
  5
2492
  100
AcDbEntity
  8
Top Silkscreen Layer
  100
AcDbPolyline
  90
2
  70
0
  43
0.12000000000000002
  10
53.185013970027946
  20
18.324988569977144
  10
50.2150063500127
  20
18.324988569977144
  0
LWPOLYLINE
  5
2493
  100
AcDbEntity
  8
Top Silkscreen Layer
  100
AcDbPolyline
  90
2
  70
0
  43
0.12000000000000002
  10
50.2150063500127
  20
18.324988569977144
  10
50.2150063500127
  20
19.79499110998222
  0
LWPOLYLINE
  5
2494
  100
AcDbEntity
  8
Top Silkscreen Layer
  100
AcDbPolyline
  90
2
  70
0
  43
0.12000000000000002
  10
53.185013970027946
  20
19.79499110998222
  10
50.2150063500127
  20
19.79499110998222
  0
LWPOLYLINE
  5
2495
  100
AcDbEntity
  8
Top Silkscreen Layer
  100
AcDbPolyline
  90
2
  70
0
  43
0.12000000000000002
  10
53.185013970027946
  20
18.324988569977144
  10
53.185013970027946
  20
19.79499110998222
  0
LWPOLYLINE
  5
2496
  100
AcDbEntity
  8
Top Silkscreen Layer
  100
AcDbPolyline
  90
2
  70
0
  43
0.12000000000000002
  10
53.185013970027946
  20
16.824988569977144
  10
50.2150063500127
  20
16.824988569977144
  0
LWPOLYLINE
  5
2497
  100
AcDbEntity
  8
Top Silkscreen Layer
  100
AcDbPolyline
  90
2
  70
0
  43
0.12000000000000002
  10
50.2150063500127
  20
16.824988569977144
  10
50.2150063500127
  20
18.29499110998222
  0
LWPOLYLINE
  5
2498
  100
AcDbEntity
  8
Top Silkscreen Layer
  100
AcDbPolyline
  90
2
  70
0
  43
0.12000000000000002
  10
53.185013970027946
  20
18.29499110998222
  10
50.2150063500127
  20
18.29499110998222
  0
LWPOLYLINE
  5
2499
  100
AcDbEntity
  8
Top Silkscreen Layer
  100
AcDbPolyline
  90
2
  70
0
  43
0.12000000000000002
  10
53.185013970027946
  20
16.824988569977144
  10
53.185013970027946
  20
18.29499110998222
  0
LWPOLYLINE
  5
2500
  100
AcDbEntity
  8
Top Silkscreen Layer
  100
AcDbPolyline
  90
2
  70
0
  43
0.11938023876047754
  10
48.76500889001779
  20
16.824986029972063
  10
48.76500889001779
  20
17.97998983997968
  0
LWPOLYLINE
  5
2501
  100
AcDbEntity
  8
Top Silkscreen Layer
  100
AcDbPolyline
  90
2
  70
0
  43
0.11938023876047754
  10
48.76500889001779
  20
16.824986029972063
  10
50.235011430022865
  20
16.824986029972063
  0
LWPOLYLINE
  5
2502
  100
AcDbEntity
  8
Top Silkscreen Layer
  100
AcDbPolyline
  90
2
  70
0
  43
0.11938023876047754
  10
50.235011430022865
  20
16.824986029972063
  10
50.235011430022865
  20
17.97998983997968
  0
LWPOLYLINE
  5
2503
  100
AcDbEntity
  8
Top Silkscreen Layer
  100
AcDbPolyline
  90
2
  70
0
  43
0.11938023876047754
  10
48.76500889001779
  20
19.794993649987298
  10
48.76500889001779
  20
18.63998983997968
  0
LWPOLYLINE
  5
2504
  100
AcDbEntity
  8
Top Silkscreen Layer
  100
AcDbPolyline
  90
2
  70
0
  43
0.11938023876047754
  10
50.235011430022865
  20
19.794993649987298
  10
50.235011430022865
  20
18.63998983997968
  0
LWPOLYLINE
  5
2505
  100
AcDbEntity
  8
Top Silkscreen Layer
  100
AcDbPolyline
  90
2
  70
0
  43
0.11938023876047754
  10
48.76500889001779
  20
19.794993649987298
  10
50.235011430022865
  20
19.794993649987298
  0
LWPOLYLINE
  5
2506
  100
AcDbEntity
  8
Top Silkscreen Layer
  100
AcDbPolyline
  90
2
  70
0
  43
0.12000000000000002
  10
53.185013970027946
  20
13.954988569977141
  10
50.2150063500127
  20
13.954988569977143
  0
LWPOLYLINE
  5
2507
  100
AcDbEntity
  8
Top Silkscreen Layer
  100
AcDbPolyline
  90
2
  70
0
  43
0.12000000000000002
  10
50.2150063500127
  20
13.954988569977143
  10
50.2150063500127
  20
15.424991109982223
  0
LWPOLYLINE
  5
2508
  100
AcDbEntity
  8
Top Silkscreen Layer
  100
AcDbPolyline
  90
2
  70
0
  43
0.12000000000000002
  10
53.185013970027946
  20
15.424991109982221
  10
50.2150063500127
  20
15.424991109982223
  0
LWPOLYLINE
  5
2509
  100
AcDbEntity
  8
Top Silkscreen Layer
  100
AcDbPolyline
  90
2
  70
0
  43
0.12000000000000002
  10
53.185013970027946
  20
13.954988569977141
  10
53.185013970027946
  20
15.424991109982221
  0
LWPOLYLINE
  5
2510
  100
AcDbEntity
  8
Top Silkscreen Layer
  100
AcDbPolyline
  90
2
  70
0
  43
0.12000000000000002
  10
53.185013970027946
  20
12.454988569977141
  10
50.2150063500127
  20
12.454988569977143
  0
LWPOLYLINE
  5
2511
  100
AcDbEntity
  8
Top Silkscreen Layer
  100
AcDbPolyline
  90
2
  70
0
  43
0.12000000000000002
  10
50.2150063500127
  20
12.454988569977143
  10
50.2150063500127
  20
13.924991109982223
  0
LWPOLYLINE
  5
2512
  100
AcDbEntity
  8
Top Silkscreen Layer
  100
AcDbPolyline
  90
2
  70
0
  43
0.12000000000000002
  10
53.185013970027946
  20
13.924991109982221
  10
50.2150063500127
  20
13.924991109982223
  0
LWPOLYLINE
  5
2513
  100
AcDbEntity
  8
Top Silkscreen Layer
  100
AcDbPolyline
  90
2
  70
0
  43
0.12000000000000002
  10
53.185013970027946
  20
12.454988569977141
  10
53.185013970027946
  20
13.924991109982221
  0
LWPOLYLINE
  5
2514
  100
AcDbEntity
  8
Top Silkscreen Layer
  100
AcDbPolyline
  90
2
  70
0
  43
0.11938023876047754
  10
48.76500889001779
  20
12.454986029972062
  10
48.76500889001779
  20
13.609989839979681
  0
LWPOLYLINE
  5
2515
  100
AcDbEntity
  8
Top Silkscreen Layer
  100
AcDbPolyline
  90
2
  70
0
  43
0.11938023876047754
  10
48.76500889001779
  20
12.454986029972062
  10
50.235011430022865
  20
12.454986029972062
  0
LWPOLYLINE
  5
2516
  100
AcDbEntity
  8
Top Silkscreen Layer
  100
AcDbPolyline
  90
2
  70
0
  43
0.11938023876047754
  10
50.235011430022865
  20
12.454986029972062
  10
50.235011430022865
  20
13.609989839979681
  0
LWPOLYLINE
  5
2517
  100
AcDbEntity
  8
Top Silkscreen Layer
  100
AcDbPolyline
  90
2
  70
0
  43
0.11938023876047754
  10
48.76500889001779
  20
15.424993649987302
  10
48.76500889001779
  20
14.269989839979683
  0
LWPOLYLINE
  5
2518
  100
AcDbEntity
  8
Top Silkscreen Layer
  100
AcDbPolyline
  90
2
  70
0
  43
0.11938023876047754
  10
50.235011430022865
  20
15.424993649987302
  10
50.235011430022865
  20
14.269989839979683
  0
LWPOLYLINE
  5
2519
  100
AcDbEntity
  8
Top Silkscreen Layer
  100
AcDbPolyline
  90
2
  70
0
  43
0.11938023876047754
  10
48.76500889001779
  20
15.424993649987302
  10
50.235011430022865
  20
15.424993649987302
  0
LWPOLYLINE
  5
2520
  100
AcDbEntity
  8
Top Silkscreen Layer
  100
AcDbPolyline
  90
2
  70
0
  43
0.11938023876047754
  10
43.314996189992385
  20
59.13500127000255
  10
44.470000000000006
  20
59.13500127000255
  0
LWPOLYLINE
  5
2521
  100
AcDbEntity
  8
Top Silkscreen Layer
  100
AcDbPolyline
  90
2
  70
0
  43
0.11938023876047754
  10
43.314996189992385
  20
59.13500127000255
  10
43.314996189992385
  20
57.66499872999747
  0
LWPOLYLINE
  5
2522
  100
AcDbEntity
  8
Top Silkscreen Layer
  100
AcDbPolyline
  90
2
  70
0
  43
0.11938023876047754
  10
43.314996189992385
  20
57.66499872999747
  10
44.470000000000006
  20
57.66499872999747
  0
LWPOLYLINE
  5
2523
  100
AcDbEntity
  8
Top Silkscreen Layer
  100
AcDbPolyline
  90
2
  70
0
  43
0.11938023876047754
  10
46.28500381000763
  20
59.13500127000255
  10
45.13
  20
59.13500127000255
  0
LWPOLYLINE
  5
2524
  100
AcDbEntity
  8
Top Silkscreen Layer
  100
AcDbPolyline
  90
2
  70
0
  43
0.11938023876047754
  10
46.28500381000763
  20
57.66499872999747
  10
45.13
  20
57.66499872999747
  0
LWPOLYLINE
  5
2525
  100
AcDbEntity
  8
Top Silkscreen Layer
  100
AcDbPolyline
  90
2
  70
0
  43
0.11938023876047754
  10
46.28500381000763
  20
59.13500127000255
  10
46.28500381000763
  20
57.66499872999747
  0
LWPOLYLINE
  5
2526
  100
AcDbEntity
  8
Top Silkscreen Layer
  100
AcDbPolyline
  90
2
  70
0
  43
0.11938023876047754
  10
46.33500381000763
  20
52.31499872999747
  10
45.18000000000001
  20
52.31499872999747
  0
LWPOLYLINE
  5
2527
  100
AcDbEntity
  8
Top Silkscreen Layer
  100
AcDbPolyline
  90
2
  70
0
  43
0.11938023876047754
  10
46.33500381000763
  20
52.31499872999747
  10
46.33500381000763
  20
53.785001270002546
  0
LWPOLYLINE
  5
2528
  100
AcDbEntity
  8
Top Silkscreen Layer
  100
AcDbPolyline
  90
2
  70
0
  43
0.11938023876047754
  10
46.33500381000763
  20
53.785001270002546
  10
45.18000000000001
  20
53.785001270002546
  0
LWPOLYLINE
  5
2529
  100
AcDbEntity
  8
Top Silkscreen Layer
  100
AcDbPolyline
  90
2
  70
0
  43
0.11938023876047754
  10
43.36499618999239
  20
52.31499872999747
  10
44.52000000000001
  20
52.31499872999747
  0
LWPOLYLINE
  5
2530
  100
AcDbEntity
  8
Top Silkscreen Layer
  100
AcDbPolyline
  90
2
  70
0
  43
0.11938023876047754
  10
43.36499618999239
  20
53.785001270002546
  10
44.52000000000001
  20
53.785001270002546
  0
LWPOLYLINE
  5
2531
  100
AcDbEntity
  8
Top Silkscreen Layer
  100
AcDbPolyline
  90
2
  70
0
  43
0.11938023876047754
  10
43.36499618999239
  20
52.31499872999747
  10
43.36499618999239
  20
53.785001270002546
  0
LWPOLYLINE
  5
2532
  100
AcDbEntity
  8
Top Silkscreen Layer
  100
AcDbPolyline
  90
2
  70
0
  43
0.11938023876047754
  10
39.11499618999238
  20
59.13500127000255
  10
40.27
  20
59.13500127000255
  0
LWPOLYLINE
  5
2533
  100
AcDbEntity
  8
Top Silkscreen Layer
  100
AcDbPolyline
  90
2
  70
0
  43
0.11938023876047754
  10
39.11499618999238
  20
59.13500127000255
  10
39.11499618999238
  20
57.66499872999747
  0
LWPOLYLINE
  5
2534
  100
AcDbEntity
  8
Top Silkscreen Layer
  100
AcDbPolyline
  90
2
  70
0
  43
0.11938023876047754
  10
39.11499618999238
  20
57.66499872999747
  10
40.27
  20
57.66499872999747
  0
LWPOLYLINE
  5
2535
  100
AcDbEntity
  8
Top Silkscreen Layer
  100
AcDbPolyline
  90
2
  70
0
  43
0.11938023876047754
  10
42.08500381000763
  20
59.13500127000255
  10
40.93
  20
59.13500127000255
  0
LWPOLYLINE
  5
2536
  100
AcDbEntity
  8
Top Silkscreen Layer
  100
AcDbPolyline
  90
2
  70
0
  43
0.11938023876047754
  10
42.08500381000763
  20
57.66499872999747
  10
40.93
  20
57.66499872999747
  0
LWPOLYLINE
  5
2537
  100
AcDbEntity
  8
Top Silkscreen Layer
  100
AcDbPolyline
  90
2
  70
0
  43
0.11938023876047754
  10
42.08500381000763
  20
59.13500127000255
  10
42.08500381000763
  20
57.66499872999747
  0
LWPOLYLINE
  5
2538
  100
AcDbEntity
  8
Top Silkscreen Layer
  100
AcDbPolyline
  90
2
  70
0
  43
0.11938023876047754
  10
42.18500381000762
  20
52.31499872999747
  10
41.03
  20
52.31499872999747
  0
LWPOLYLINE
  5
2539
  100
AcDbEntity
  8
Top Silkscreen Layer
  100
AcDbPolyline
  90
2
  70
0
  43
0.11938023876047754
  10
42.18500381000762
  20
52.31499872999747
  10
42.18500381000762
  20
53.785001270002546
  0
LWPOLYLINE
  5
2540
  100
AcDbEntity
  8
Top Silkscreen Layer
  100
AcDbPolyline
  90
2
  70
0
  43
0.11938023876047754
  10
42.18500381000762
  20
53.785001270002546
  10
41.03
  20
53.785001270002546
  0
LWPOLYLINE
  5
2541
  100
AcDbEntity
  8
Top Silkscreen Layer
  100
AcDbPolyline
  90
2
  70
0
  43
0.11938023876047754
  10
39.21499618999238
  20
52.31499872999747
  10
40.370000000000005
  20
52.31499872999747
  0
LWPOLYLINE
  5
2542
  100
AcDbEntity
  8
Top Silkscreen Layer
  100
AcDbPolyline
  90
2
  70
0
  43
0.11938023876047754
  10
39.21499618999238
  20
53.785001270002546
  10
40.370000000000005
  20
53.785001270002546
  0
LWPOLYLINE
  5
2543
  100
AcDbEntity
  8
Top Silkscreen Layer
  100
AcDbPolyline
  90
2
  70
0
  43
0.11938023876047754
  10
39.21499618999238
  20
52.31499872999747
  10
39.21499618999238
  20
53.785001270002546
  0
LWPOLYLINE
  5
2544
  100
AcDbEntity
  8
Top Silkscreen Layer
  100
AcDbPolyline
  90
2
  70
0
  43
0.25400050800101603
  10
46.3239776479553
  20
55.001498602997216
  10
46.3240284480569
  20
56.39847599695201
  0
LWPOLYLINE
  5
2545
  100
AcDbEntity
  8
Top Silkscreen Layer
  100
AcDbPolyline
  90
2
  70
0
  43
0.25400050800101603
  10
43.40302260604522
  20
55.277546355092724
  10
43.40302260604522
  20
56.1223266446533
  0
LWPOLYLINE
  5
2546
  100
AcDbEntity
  8
Top Silkscreen Layer
  100
AcDbPolyline
  90
2
  70
0
  43
0.25400050800101603
  10
45.18097536195073
  20
54.810972821945654
  10
44.41902463804928
  20
54.810972821945654
  0
LWPOLYLINE
  5
2547
  100
AcDbEntity
  8
Top Silkscreen Layer
  100
AcDbPolyline
  90
2
  70
0
  43
0.11938023876047754
  10
46.33500381000763
  20
50.81499872999747
  10
45.18000000000001
  20
50.81499872999747
  0
LWPOLYLINE
  5
2548
  100
AcDbEntity
  8
Top Silkscreen Layer
  100
AcDbPolyline
  90
2
  70
0
  43
0.11938023876047754
  10
46.33500381000763
  20
50.81499872999747
  10
46.33500381000763
  20
52.285001270002546
  0
LWPOLYLINE
  5
2549
  100
AcDbEntity
  8
Top Silkscreen Layer
  100
AcDbPolyline
  90
2
  70
0
  43
0.11938023876047754
  10
46.33500381000763
  20
52.285001270002546
  10
45.18000000000001
  20
52.285001270002546
  0
LWPOLYLINE
  5
2550
  100
AcDbEntity
  8
Top Silkscreen Layer
  100
AcDbPolyline
  90
2
  70
0
  43
0.11938023876047754
  10
43.36499618999239
  20
50.81499872999747
  10
44.52000000000001
  20
50.81499872999747
  0
LWPOLYLINE
  5
2551
  100
AcDbEntity
  8
Top Silkscreen Layer
  100
AcDbPolyline
  90
2
  70
0
  43
0.11938023876047754
  10
43.36499618999239
  20
52.285001270002546
  10
44.52000000000001
  20
52.285001270002546
  0
LWPOLYLINE
  5
2552
  100
AcDbEntity
  8
Top Silkscreen Layer
  100
AcDbPolyline
  90
2
  70
0
  43
0.11938023876047754
  10
43.36499618999239
  20
50.81499872999747
  10
43.36499618999239
  20
52.285001270002546
  0
LWPOLYLINE
  5
2553
  100
AcDbEntity
  8
Top Silkscreen Layer
  100
AcDbPolyline
  90
2
  70
0
  43
0.11938023876047754
  10
42.18500381000762
  20
50.81499872999747
  10
41.03
  20
50.81499872999747
  0
LWPOLYLINE
  5
2554
  100
AcDbEntity
  8
Top Silkscreen Layer
  100
AcDbPolyline
  90
2
  70
0
  43
0.11938023876047754
  10
42.18500381000762
  20
50.81499872999747
  10
42.18500381000762
  20
52.285001270002546
  0
LWPOLYLINE
  5
2555
  100
AcDbEntity
  8
Top Silkscreen Layer
  100
AcDbPolyline
  90
2
  70
0
  43
0.11938023876047754
  10
42.18500381000762
  20
52.285001270002546
  10
41.03
  20
52.285001270002546
  0
LWPOLYLINE
  5
2556
  100
AcDbEntity
  8
Top Silkscreen Layer
  100
AcDbPolyline
  90
2
  70
0
  43
0.11938023876047754
  10
39.21499618999238
  20
50.81499872999747
  10
40.370000000000005
  20
50.81499872999747
  0
LWPOLYLINE
  5
2557
  100
AcDbEntity
  8
Top Silkscreen Layer
  100
AcDbPolyline
  90
2
  70
0
  43
0.11938023876047754
  10
39.21499618999238
  20
52.285001270002546
  10
40.370000000000005
  20
52.285001270002546
  0
LWPOLYLINE
  5
2558
  100
AcDbEntity
  8
Top Silkscreen Layer
  100
AcDbPolyline
  90
2
  70
0
  43
0.11938023876047754
  10
39.21499618999238
  20
50.81499872999747
  10
39.21499618999238
  20
52.285001270002546
  0
LWPOLYLINE
  5
2559
  100
AcDbEntity
  8
Top Silkscreen Layer
  100
AcDbPolyline
  90
2
  70
0
  43
0.15240030480060962
  10
33.67621285242571
  20
58.00120650241301
  10
33.67621285242571
  20
56.298793497587
  0
LWPOLYLINE
  5
2560
  100
AcDbEntity
  8
Top Silkscreen Layer
  100
AcDbPolyline
  90
2
  70
0
  43
0.15240030480060962
  10
30.623787147574298
  20
58.00120650241301
  10
30.623787147574298
  20
56.298793497587
  0
LWPOLYLINE
  5
2561
  100
AcDbEntity
  8
Top Silkscreen Layer
  100
AcDbPolyline
  90
2
  70
0
  43
0.15240030480060962
  10
31.673596647193296
  20
56.298793497587
  10
32.62640335280671
  20
56.298793497587
  0
LWPOLYLINE
  5
2562
  100
AcDbEntity
  8
Top Silkscreen Layer
  100
AcDbPolyline
  90
2
  70
1
  43
0.30000000000000004
  10
33.65088900177801
  20
58.29300228600458
  42
0.9999999999999999
  10
33.951117602235215
  20
58.29300228600458
  42
0.9999999999999999
  0
LWPOLYLINE
  5
2563
  100
AcDbEntity
  8
Top Silkscreen Layer
  100
AcDbPolyline
  90
2
  70
0
  43
0.25400050800101603
  10
36.770802641605286
  20
57.59460248920498
  10
36.770802641605286
  20
55.09457708915418
  0
LWPOLYLINE
  5
2564
  100
AcDbEntity
  8
Top Silkscreen Layer
  100
AcDbPolyline
  90
2
  70
0
  43
0.25400050800101603
  10
34.15459740919483
  20
57.59460248920498
  10
34.15459740919483
  20
55.09457708915418
  0
LWPOLYLINE
  5
2565
  100
AcDbEntity
  8
Top Silkscreen Layer
  100
AcDbPolyline
  90
2
  70
0
  43
0.15240030480060962
  10
35.7261366522733
  20
58.72382524765051
  10
35.483108966217934
  20
58.72382524765051
  0
LWPOLYLINE
  5
2566
  100
AcDbEntity
  8
Top Silkscreen Layer
  100
AcDbPolyline
  90
2
  70
0
  43
0.15240030480060962
  10
33.8737109474219
  20
61.476276352552716
  10
33.87371094742189
  20
58.72382524765051
  0
LWPOLYLINE
  5
2567
  100
AcDbEntity
  8
Top Silkscreen Layer
  100
AcDbPolyline
  90
2
  70
0
  43
0.15240030480060962
  10
33.87371094742189
  20
58.72382524765051
  10
34.11673863347726
  20
58.72382524765051
  0
LWPOLYLINE
  5
2568
  100
AcDbEntity
  8
Top Silkscreen Layer
  100
AcDbPolyline
  90
2
  70
0
  43
0.15240030480060962
  10
35.726136652273304
  20
61.066878333756684
  10
33.8737109474219
  20
61.066878333756684
  0
LWPOLYLINE
  5
2569
  100
AcDbEntity
  8
Top Silkscreen Layer
  100
AcDbPolyline
  90
2
  70
0
  43
0.15240030480060962
  10
35.726136652273304
  20
61.476276352552716
  10
35.7261366522733
  20
58.72382524765051
  0
LWPOLYLINE
  5
2570
  100
AcDbEntity
  8
Top Silkscreen Layer
  100
AcDbPolyline
  90
4
  70
1
  43
0.005080010160020321
  10
35.802336804673615
  20
61.40007620015242
  10
35.43233426466853
  20
61.40007620015242
  10
35.43233426466853
  20
61.704876809753635
  10
35.802336804673615
  20
61.704876809753635
  0
LWPOLYLINE
  5
2571
  100
AcDbEntity
  8
Top Silkscreen Layer
  100
AcDbPolyline
  90
4
  70
1
  43
0.005080010160020321
  10
33.797510795021594
  20
61.40007620015242
  10
34.16751333502667
  20
61.40007620015242
  10
34.16751333502667
  20
61.704876809753635
  10
33.797510795021594
  20
61.704876809753635
  0
LWPOLYLINE
  5
2572
  100
AcDbEntity
  8
Top Silkscreen Layer
  100
AcDbPolyline
  90
2
  70
0
  43
0.12000000000000002
  10
30.364998729997463
  20
59.214996189992384
  10
30.364998729997463
  20
62.18500381000763
  0
LWPOLYLINE
  5
2573
  100
AcDbEntity
  8
Top Silkscreen Layer
  100
AcDbPolyline
  90
2
  70
0
  43
0.12000000000000002
  10
30.364998729997463
  20
62.18500381000763
  10
31.83500127000254
  20
62.18500381000763
  0
LWPOLYLINE
  5
2574
  100
AcDbEntity
  8
Top Silkscreen Layer
  100
AcDbPolyline
  90
2
  70
0
  43
0.12000000000000002
  10
31.83500127000254
  20
59.214996189992384
  10
31.83500127000254
  20
62.18500381000763
  0
LWPOLYLINE
  5
2575
  100
AcDbEntity
  8
Top Silkscreen Layer
  100
AcDbPolyline
  90
2
  70
0
  43
0.12000000000000002
  10
30.364998729997463
  20
59.214996189992384
  10
31.83500127000254
  20
59.214996189992384
  0
LWPOLYLINE
  5
2576
  100
AcDbEntity
  8
Top Silkscreen Layer
  100
AcDbPolyline
  90
2
  70
0
  43
0.12000000000000002
  10
30.335001270002543
  20
62.18500381000763
  10
30.335001270002543
  20
59.214996189992384
  0
LWPOLYLINE
  5
2577
  100
AcDbEntity
  8
Top Silkscreen Layer
  100
AcDbPolyline
  90
2
  70
0
  43
0.12000000000000002
  10
30.335001270002543
  20
59.214996189992384
  10
28.864998729997467
  20
59.214996189992384
  0
LWPOLYLINE
  5
2578
  100
AcDbEntity
  8
Top Silkscreen Layer
  100
AcDbPolyline
  90
2
  70
0
  43
0.12000000000000002
  10
28.864998729997467
  20
62.18500381000763
  10
28.864998729997467
  20
59.214996189992384
  0
LWPOLYLINE
  5
2579
  100
AcDbEntity
  8
Top Silkscreen Layer
  100
AcDbPolyline
  90
2
  70
0
  43
0.12000000000000002
  10
30.335001270002543
  20
62.18500381000763
  10
28.864998729997467
  20
62.18500381000763
  0
LWPOLYLINE
  5
2580
  100
AcDbEntity
  8
Top Silkscreen Layer
  100
AcDbPolyline
  90
2
  70
0
  43
0.11938023876047754
  10
39.13500127000255
  20
62.13500381000763
  10
39.13500127000255
  20
60.98000000000001
  0
LWPOLYLINE
  5
2581
  100
AcDbEntity
  8
Top Silkscreen Layer
  100
AcDbPolyline
  90
2
  70
0
  43
0.11938023876047754
  10
39.13500127000255
  20
62.13500381000763
  10
37.664998729997464
  20
62.13500381000763
  0
LWPOLYLINE
  5
2582
  100
AcDbEntity
  8
Top Silkscreen Layer
  100
AcDbPolyline
  90
2
  70
0
  43
0.11938023876047754
  10
37.664998729997464
  20
62.13500381000763
  10
37.664998729997464
  20
60.98000000000001
  0
LWPOLYLINE
  5
2583
  100
AcDbEntity
  8
Top Silkscreen Layer
  100
AcDbPolyline
  90
2
  70
0
  43
0.11938023876047754
  10
39.13500127000255
  20
59.16499618999239
  10
39.13500127000255
  20
60.320000000000014
  0
LWPOLYLINE
  5
2584
  100
AcDbEntity
  8
Top Silkscreen Layer
  100
AcDbPolyline
  90
2
  70
0
  43
0.11938023876047754
  10
37.664998729997464
  20
59.16499618999239
  10
37.664998729997464
  20
60.320000000000014
  0
LWPOLYLINE
  5
2585
  100
AcDbEntity
  8
Top Silkscreen Layer
  100
AcDbPolyline
  90
2
  70
0
  43
0.11938023876047754
  10
39.13500127000255
  20
59.16499618999239
  10
37.664998729997464
  20
59.16499618999239
  0
LWPOLYLINE
  5
2586
  100
AcDbEntity
  8
Top Silkscreen Layer
  100
AcDbPolyline
  90
2
  70
0
  43
0.11938023876047754
  10
37.63500127000254
  20
62.13500381000763
  10
37.63500127000254
  20
60.98000000000001
  0
LWPOLYLINE
  5
2587
  100
AcDbEntity
  8
Top Silkscreen Layer
  100
AcDbPolyline
  90
2
  70
0
  43
0.11938023876047754
  10
37.63500127000254
  20
62.13500381000763
  10
36.164998729997464
  20
62.13500381000763
  0
LWPOLYLINE
  5
2588
  100
AcDbEntity
  8
Top Silkscreen Layer
  100
AcDbPolyline
  90
2
  70
0
  43
0.11938023876047754
  10
36.164998729997464
  20
62.13500381000763
  10
36.164998729997464
  20
60.98000000000001
  0
LWPOLYLINE
  5
2589
  100
AcDbEntity
  8
Top Silkscreen Layer
  100
AcDbPolyline
  90
2
  70
0
  43
0.11938023876047754
  10
37.63500127000254
  20
59.16499618999239
  10
37.63500127000254
  20
60.320000000000014
  0
LWPOLYLINE
  5
2590
  100
AcDbEntity
  8
Top Silkscreen Layer
  100
AcDbPolyline
  90
2
  70
0
  43
0.11938023876047754
  10
36.164998729997464
  20
59.16499618999239
  10
36.164998729997464
  20
60.320000000000014
  0
LWPOLYLINE
  5
2591
  100
AcDbEntity
  8
Top Silkscreen Layer
  100
AcDbPolyline
  90
2
  70
0
  43
0.11938023876047754
  10
37.63500127000254
  20
59.16499618999239
  10
36.164998729997464
  20
59.16499618999239
  0
LWPOLYLINE
  5
2592
  100
AcDbEntity
  8
Top Silkscreen Layer
  100
AcDbPolyline
  90
2
  70
0
  43
0.11938023876047754
  10
31.864998729997467
  20
59.214996189992384
  10
31.864998729997467
  20
60.37000000000001
  0
LWPOLYLINE
  5
2593
  100
AcDbEntity
  8
Top Silkscreen Layer
  100
AcDbPolyline
  90
2
  70
0
  43
0.11938023876047754
  10
31.864998729997467
  20
59.214996189992384
  10
33.33500127000254
  20
59.214996189992384
  0
LWPOLYLINE
  5
2594
  100
AcDbEntity
  8
Top Silkscreen Layer
  100
AcDbPolyline
  90
2
  70
0
  43
0.11938023876047754
  10
33.33500127000254
  20
59.214996189992384
  10
33.33500127000254
  20
60.37000000000001
  0
LWPOLYLINE
  5
2595
  100
AcDbEntity
  8
Top Silkscreen Layer
  100
AcDbPolyline
  90
2
  70
0
  43
0.11938023876047754
  10
31.864998729997467
  20
62.18500381000763
  10
31.864998729997467
  20
61.03
  0
LWPOLYLINE
  5
2596
  100
AcDbEntity
  8
Top Silkscreen Layer
  100
AcDbPolyline
  90
2
  70
0
  43
0.11938023876047754
  10
33.33500127000254
  20
62.18500381000763
  10
33.33500127000254
  20
61.03
  0
LWPOLYLINE
  5
2597
  100
AcDbEntity
  8
Top Silkscreen Layer
  100
AcDbPolyline
  90
2
  70
0
  43
0.11938023876047754
  10
31.864998729997467
  20
62.18500381000763
  10
33.33500127000254
  20
62.18500381000763
  0
LWPOLYLINE
  5
2598
  100
AcDbEntity
  8
Top Silkscreen Layer
  100
AcDbPolyline
  90
2
  70
0
  43
0.11938023876047754
  10
28.814998729997463
  20
55.41499618999238
  10
28.814998729997463
  20
56.57
  0
LWPOLYLINE
  5
2599
  100
AcDbEntity
  8
Top Silkscreen Layer
  100
AcDbPolyline
  90
2
  70
0
  43
0.11938023876047754
  10
28.814998729997463
  20
55.41499618999238
  10
30.28500127000254
  20
55.41499618999238
  0
LWPOLYLINE
  5
2600
  100
AcDbEntity
  8
Top Silkscreen Layer
  100
AcDbPolyline
  90
2
  70
0
  43
0.11938023876047754
  10
30.28500127000254
  20
55.41499618999238
  10
30.28500127000254
  20
56.57
  0
LWPOLYLINE
  5
2601
  100
AcDbEntity
  8
Top Silkscreen Layer
  100
AcDbPolyline
  90
2
  70
0
  43
0.11938023876047754
  10
28.814998729997463
  20
58.385003810007625
  10
28.814998729997463
  20
57.23
  0
LWPOLYLINE
  5
2602
  100
AcDbEntity
  8
Top Silkscreen Layer
  100
AcDbPolyline
  90
2
  70
0
  43
0.11938023876047754
  10
30.28500127000254
  20
58.385003810007625
  10
30.28500127000254
  20
57.23
  0
LWPOLYLINE
  5
2603
  100
AcDbEntity
  8
Top Silkscreen Layer
  100
AcDbPolyline
  90
2
  70
0
  43
0.11938023876047754
  10
28.814998729997463
  20
58.385003810007625
  10
30.28500127000254
  20
58.385003810007625
  0
LWPOLYLINE
  5
2604
  100
AcDbEntity
  8
Top Silkscreen Layer
  100
AcDbPolyline
  90
2
  70
0
  43
0.25400050800101603
  10
42.14581153162307
  20
55.00161290322582
  10
42.145862331724665
  20
56.398590297180604
  0
LWPOLYLINE
  5
2605
  100
AcDbEntity
  8
Top Silkscreen Layer
  100
AcDbPolyline
  90
2
  70
0
  43
0.25400050800101603
  10
39.224856489712984
  20
55.27766065532133
  10
39.224856489712984
  20
56.1224409448819
  0
LWPOLYLINE
  5
2606
  100
AcDbEntity
  8
Top Silkscreen Layer
  100
AcDbPolyline
  90
2
  70
0
  43
0.25400050800101603
  10
41.002809245618494
  20
54.81108712217426
  10
40.240858521717044
  20
54.81108712217426
  0
LWPOLYLINE
  5
2607
  100
AcDbEntity
  8
Top Silkscreen Layer
  100
AcDbPolyline
  90
2
  70
0
  43
0.2
  10
46.65001270002541
  20
0.28
  10
39.029997459994924
  20
0.2799974599949199
  0
LWPOLYLINE
  5
2608
  100
AcDbEntity
  8
Top Silkscreen Layer
  100
AcDbPolyline
  90
2
  70
0
  43
0.2
  10
46.65001270002541
  20
2.82
  10
46.65001270002541
  20
0.28
  0
LWPOLYLINE
  5
2609
  100
AcDbEntity
  8
Top Silkscreen Layer
  100
AcDbPolyline
  90
2
  70
0
  43
0.2
  10
46.65001270002541
  20
2.82
  10
39.029997459994924
  20
2.8200025400050803
  0
LWPOLYLINE
  5
2610
  100
AcDbEntity
  8
Top Silkscreen Layer
  100
AcDbPolyline
  90
2
  70
0
  43
0.2
  10
39.029997459994924
  20
2.8200025400050803
  10
39.029997459994924
  20
0.2799974599949199
  0
LWPOLYLINE
  5
2611
  100
AcDbEntity
  8
Top Silkscreen Layer
  100
AcDbPolyline
  90
2
  70
0
  43
0.25400050800101603
  10
26.0999872999746
  20
0.32999745999492003
  10
26.0999872999746
  20
2.87000254000508
  0
LWPOLYLINE
  5
2612
  100
AcDbEntity
  8
Top Silkscreen Layer
  100
AcDbPolyline
  90
2
  70
0
  43
0.25400050800101603
  10
28.663992887985774
  20
2.87000254000508
  10
28.663992887985774
  20
0.32999745999492003
  0
LWPOLYLINE
  5
2613
  100
AcDbEntity
  8
Top Silkscreen Layer
  100
AcDbPolyline
  90
2
  70
0
  43
0.25400050800101603
  10
26.0999872999746
  20
2.87000254000508
  10
38.800012700025405
  20
2.87000254000508
  0
LWPOLYLINE
  5
2614
  100
AcDbEntity
  8
Top Silkscreen Layer
  100
AcDbPolyline
  90
2
  70
0
  43
0.25400050800101603
  10
26.0999872999746
  20
0.32999745999492003
  10
38.800012700025405
  20
0.32999745999492003
  0
LWPOLYLINE
  5
2615
  100
AcDbEntity
  8
Top Silkscreen Layer
  100
AcDbPolyline
  90
2
  70
0
  43
0.25400050800101603
  10
38.800012700025405
  20
2.87000254000508
  10
38.800012700025405
  20
0.32999745999492003
  0
LWPOLYLINE
  5
2616
  100
AcDbEntity
  8
Top Silkscreen Layer
  100
AcDbPolyline
  90
2
  70
0
  43
0.12000000000000002
  10
27.564996189992385
  20
11.235001270002542
  10
30.535003810007623
  20
11.235001270002542
  0
LWPOLYLINE
  5
2617
  100
AcDbEntity
  8
Top Silkscreen Layer
  100
AcDbPolyline
  90
2
  70
0
  43
0.12000000000000002
  10
30.535003810007623
  20
11.235001270002542
  10
30.535003810007623
  20
9.76499872999746
  0
LWPOLYLINE
  5
2618
  100
AcDbEntity
  8
Top Silkscreen Layer
  100
AcDbPolyline
  90
2
  70
0
  43
0.12000000000000002
  10
27.564996189992385
  20
9.76499872999746
  10
30.535003810007623
  20
9.76499872999746
  0
LWPOLYLINE
  5
2619
  100
AcDbEntity
  8
Top Silkscreen Layer
  100
AcDbPolyline
  90
2
  70
0
  43
0.12000000000000002
  10
27.564996189992385
  20
11.235001270002542
  10
27.564996189992385
  20
9.76499872999746
  0
LWPOLYLINE
  5
2620
  100
AcDbEntity
  8
Top Silkscreen Layer
  100
AcDbPolyline
  90
4
  70
0
  43
0.12000000000000002
  10
41.989997459994925
  20
61.400000000302754
  42
0.9999999999999999
  10
43.41000254000508
  20
61.399999999307475
  10
43.41000254000508
  20
61.39999999969727
  42
0.9999999999999999
  10
41.989997459994925
  20
61.40000000069255
  0
LWPOLYLINE
  5
2621
  100
AcDbEntity
  8
Top Silkscreen Layer
  100
AcDbPolyline
  90
4
  70
0
  43
0.12000000000000002
  10
44.93999745999493
  20
49.85000000030274
  42
0.9999999999999999
  10
46.360002540005084
  20
49.849999999307464
  10
46.360002540005084
  20
49.84999999969726
  42
0.9999999999999999
  10
44.93999745999493
  20
49.85000000069254
  0
LWPOLYLINE
  5
2622
  100
AcDbEntity
  8
Top Silkscreen Layer
  100
AcDbPolyline
  90
4
  70
0
  43
0.12000000000000002
  10
40.78999745999493
  20
49.85000000030274
  42
0.9999999999999999
  10
42.210002540005085
  20
49.849999999307464
  10
42.210002540005085
  20
49.84999999969726
  42
0.9999999999999999
  10
40.78999745999493
  20
49.85000000069254
  0
LWPOLYLINE
  5
2623
  100
AcDbEntity
  8
Top Silkscreen Layer
  100
AcDbPolyline
  90
4
  70
0
  43
0.12000000000000002
  10
50.78999745999493
  20
53.550000000302745
  42
0.9999999999999999
  10
52.210002540005085
  20
53.54999999930747
  10
52.210002540005085
  20
53.54999999969726
  42
0.9999999999999999
  10
50.78999745999493
  20
53.55000000069254
  0
LWPOLYLINE
  5
2624
  100
AcDbEntity
  8
Top Silkscreen Layer
  100
AcDbPolyline
  90
2
  70
0
  43
0.11938023876047754
  10
25.314996189992385
  20
40.285001270002546
  10
26.470000000000002
  20
40.285001270002546
  0
LWPOLYLINE
  5
2625
  100
AcDbEntity
  8
Top Silkscreen Layer
  100
AcDbPolyline
  90
2
  70
0
  43
0.11938023876047754
  10
25.314996189992385
  20
40.285001270002546
  10
25.314996189992385
  20
38.81499872999746
  0
LWPOLYLINE
  5
2626
  100
AcDbEntity
  8
Top Silkscreen Layer
  100
AcDbPolyline
  90
2
  70
0
  43
0.11938023876047754
  10
25.314996189992385
  20
38.81499872999746
  10
26.470000000000002
  20
38.81499872999746
  0
LWPOLYLINE
  5
2627
  100
AcDbEntity
  8
Top Silkscreen Layer
  100
AcDbPolyline
  90
2
  70
0
  43
0.11938023876047754
  10
28.285003810007623
  20
40.285001270002546
  10
27.130000000000006
  20
40.285001270002546
  0
LWPOLYLINE
  5
2628
  100
AcDbEntity
  8
Top Silkscreen Layer
  100
AcDbPolyline
  90
2
  70
0
  43
0.11938023876047754
  10
28.285003810007623
  20
38.81499872999746
  10
27.130000000000006
  20
38.81499872999746
  0
LWPOLYLINE
  5
2629
  100
AcDbEntity
  8
Top Silkscreen Layer
  100
AcDbPolyline
  90
2
  70
0
  43
0.11938023876047754
  10
28.285003810007623
  20
40.285001270002546
  10
28.285003810007623
  20
38.81499872999746
  0
LWPOLYLINE
  5
2630
  100
AcDbEntity
  8
Top Silkscreen Layer
  100
AcDbPolyline
  90
2
  70
0
  43
0.11938023876047754
  10
25.314996189992385
  20
37.48500127000255
  10
26.470000000000002
  20
37.48500127000255
  0
LWPOLYLINE
  5
2631
  100
AcDbEntity
  8
Top Silkscreen Layer
  100
AcDbPolyline
  90
2
  70
0
  43
0.11938023876047754
  10
25.314996189992385
  20
37.48500127000255
  10
25.314996189992385
  20
36.014998729997465
  0
LWPOLYLINE
  5
2632
  100
AcDbEntity
  8
Top Silkscreen Layer
  100
AcDbPolyline
  90
2
  70
0
  43
0.11938023876047754
  10
25.314996189992385
  20
36.014998729997465
  10
26.470000000000002
  20
36.014998729997465
  0
LWPOLYLINE
  5
2633
  100
AcDbEntity
  8
Top Silkscreen Layer
  100
AcDbPolyline
  90
2
  70
0
  43
0.11938023876047754
  10
28.285003810007623
  20
37.48500127000255
  10
27.130000000000006
  20
37.48500127000255
  0
LWPOLYLINE
  5
2634
  100
AcDbEntity
  8
Top Silkscreen Layer
  100
AcDbPolyline
  90
2
  70
0
  43
0.11938023876047754
  10
28.285003810007623
  20
36.014998729997465
  10
27.130000000000006
  20
36.014998729997465
  0
LWPOLYLINE
  5
2635
  100
AcDbEntity
  8
Top Silkscreen Layer
  100
AcDbPolyline
  90
2
  70
0
  43
0.11938023876047754
  10
28.285003810007623
  20
37.48500127000255
  10
28.285003810007623
  20
36.014998729997465
  0
LWPOLYLINE
  5
1047
  100
AcDbEntity
  8
Board Outline Layer
  100
AcDbPolyline
  90
2
  70
0
  43
0.25400050800101603
  10
4.00000762001524
  20
0
  10
70.0001397002794
  20
0
  0
LWPOLYLINE
  5
1048
  100
AcDbEntity
  8
Board Outline Layer
  100
AcDbPolyline
  90
2
  70
0
  43
0.25400050800101603
  10
70.0001397002794
  20
0
  10
70.0001397002794
  20
65.00012954025908
  0
LWPOLYLINE
  5
1051
  100
AcDbEntity
  8
Board Outline Layer
  100
AcDbPolyline
  90
2
  70
0
  43
0.25400050800101603
  10
70.0001397002794
  20
65.00012954025908
  10
4.000129540259081
  20
65.00012954025908
  0
LWPOLYLINE
  5
1052
  100
AcDbEntity
  8
Board Outline Layer
  100
AcDbPolyline
  90
2
  70
0
  43
0.25400050800101603
  10
4.000129540259081
  20
65.00012954025908
  42
0.41421356237309503
  10
0
  20
61.00000000000001
  0
LWPOLYLINE
  5
1053
  100
AcDbEntity
  8
Board Outline Layer
  100
AcDbPolyline
  90
2
  70
0
  43
0.25400050800101603
  10
0
  20
61.00000000000001
  10
0
  20
4
  0
LWPOLYLINE
  5
1054
  100
AcDbEntity
  8
Board Outline Layer
  100
AcDbPolyline
  90
2
  70
0
  43
0.25400050800101603
  10
4.511955395987429e-16
  20
4
  42
0.41421356237309503
  10
4.000000000000001
  20
0
  0
HATCH
  5
1618
  100
AcDbEntity
  8
Hole Layer
  100
AcDbHatch
  10
0
  20
0
  30
0
  210
0
  220
0
  230
1
  2
SOLID
  70
1
  71
0
  91
1
  92
7
  72
1
  73
1
  93
2
  10
16.390001270002543
  20
60.70000000000001
  42
1
  10
17.49000381000762
  20
60.70000000000001
  42
1
  97
1
  330
1617
  75
0
  76
1
  47
0.8681437583925616
  98
1
  10
3.629517071192367
  20
33.92795499968543
  450
0
  451
0
  460
0
  461
0
  452
1
  462
1
  453
2
  463
0
  63
5
  421
255
  463
1
  63
7
  421
16777215
  470
LINEAR
  1001
ACAD
  1010
0
  1020
0
  1030
0
  0
HATCH
  5
1619
  100
AcDbEntity
  8
Hole Layer
  100
AcDbHatch
  10
0
  20
0
  30
0
  210
0
  220
0
  230
1
  2
SOLID
  70
1
  71
0
  91
1
  92
7
  72
1
  73
1
  93
2
  10
16.390001270002543
  20
60.70000000000001
  42
1
  10
17.49000381000762
  20
60.70000000000001
  42
1
  97
1
  330
1617
  75
0
  76
1
  47
0.8681437583925616
  98
1
  10
3.629517071192367
  20
33.92795499968543
  450
0
  451
0
  460
0
  461
0
  452
1
  462
1
  453
2
  463
0
  63
5
  421
255
  463
1
  63
7
  421
16777215
  470
LINEAR
  1001
ACAD
  1010
0
  1020
0
  1030
0
  0
HATCH
  5
1621
  100
AcDbEntity
  8
Hole Layer
  100
AcDbHatch
  10
0
  20
0
  30
0
  210
0
  220
0
  230
1
  2
SOLID
  70
1
  71
0
  91
1
  92
7
  72
1
  73
1
  93
2
  10
11.309991109982223
  20
60.70000000000001
  42
1
  10
12.409993649987301
  20
60.70000000000001
  42
1
  97
1
  330
1620
  75
0
  76
1
  47
0.8681437583925616
  98
1
  10
3.629517071192367
  20
33.92795499968543
  450
0
  451
0
  460
0
  461
0
  452
1
  462
1
  453
2
  463
0
  63
5
  421
255
  463
1
  63
7
  421
16777215
  470
LINEAR
  1001
ACAD
  1010
0
  1020
0
  1030
0
  0
HATCH
  5
1622
  100
AcDbEntity
  8
Hole Layer
  100
AcDbHatch
  10
0
  20
0
  30
0
  210
0
  220
0
  230
1
  2
SOLID
  70
1
  71
0
  91
1
  92
7
  72
1
  73
1
  93
2
  10
11.309991109982223
  20
60.70000000000001
  42
1
  10
12.409993649987301
  20
60.70000000000001
  42
1
  97
1
  330
1620
  75
0
  76
1
  47
0.8681437583925616
  98
1
  10
3.629517071192367
  20
33.92795499968543
  450
0
  451
0
  460
0
  461
0
  452
1
  462
1
  453
2
  463
0
  63
5
  421
255
  463
1
  63
7
  421
16777215
  470
LINEAR
  1001
ACAD
  1010
0
  1020
0
  1030
0
  0
HATCH
  5
1624
  100
AcDbEntity
  8
Hole Layer
  100
AcDbHatch
  10
0
  20
0
  30
0
  210
0
  220
0
  230
1
  2
SOLID
  70
1
  71
0
  91
1
  92
7
  72
1
  73
1
  93
2
  10
61.25000889001778
  20
35.66497332994667
  42
1
  10
62.45001143002287
  20
35.66497332994667
  42
1
  97
1
  330
1623
  75
0
  76
1
  47
0.8681437583925616
  98
1
  10
3.629517071192367
  20
33.92795499968543
  450
0
  451
0
  460
0
  461
0
  452
1
  462
1
  453
2
  463
0
  63
5
  421
255
  463
1
  63
7
  421
16777215
  470
LINEAR
  1001
ACAD
  1010
0
  1020
0
  1030
0
  0
HATCH
  5
1625
  100
AcDbEntity
  8
Hole Layer
  100
AcDbHatch
  10
0
  20
0
  30
0
  210
0
  220
0
  230
1
  2
SOLID
  70
1
  71
0
  91
1
  92
7
  72
1
  73
1
  93
2
  10
61.25000889001778
  20
35.66497332994667
  42
1
  10
62.45001143002287
  20
35.66497332994667
  42
1
  97
1
  330
1623
  75
0
  76
1
  47
0.8681437583925616
  98
1
  10
3.629517071192367
  20
33.92795499968543
  450
0
  451
0
  460
0
  461
0
  452
1
  462
1
  453
2
  463
0
  63
5
  421
255
  463
1
  63
7
  421
16777215
  470
LINEAR
  1001
ACAD
  1010
0
  1020
0
  1030
0
  0
HATCH
  5
1627
  100
AcDbEntity
  8
Hole Layer
  100
AcDbHatch
  10
0
  20
0
  30
0
  210
0
  220
0
  230
1
  2
SOLID
  70
1
  71
0
  91
1
  92
7
  72
1
  73
1
  93
2
  10
61.25000889001778
  20
39.47498094996191
  42
1
  10
62.45001143002287
  20
39.47498094996191
  42
1
  97
1
  330
1626
  75
0
  76
1
  47
0.8681437583925616
  98
1
  10
3.629517071192367
  20
33.92795499968543
  450
0
  451
0
  460
0
  461
0
  452
1
  462
1
  453
2
  463
0
  63
5
  421
255
  463
1
  63
7
  421
16777215
  470
LINEAR
  1001
ACAD
  1010
0
  1020
0
  1030
0
  0
HATCH
  5
1628
  100
AcDbEntity
  8
Hole Layer
  100
AcDbHatch
  10
0
  20
0
  30
0
  210
0
  220
0
  230
1
  2
SOLID
  70
1
  71
0
  91
1
  92
7
  72
1
  73
1
  93
2
  10
61.25000889001778
  20
39.47498094996191
  42
1
  10
62.45001143002287
  20
39.47498094996191
  42
1
  97
1
  330
1626
  75
0
  76
1
  47
0.8681437583925616
  98
1
  10
3.629517071192367
  20
33.92795499968543
  450
0
  451
0
  460
0
  461
0
  452
1
  462
1
  453
2
  463
0
  63
5
  421
255
  463
1
  63
7
  421
16777215
  470
LINEAR
  1001
ACAD
  1010
0
  1020
0
  1030
0
  0
HATCH
  5
1630
  100
AcDbEntity
  8
Hole Layer
  100
AcDbHatch
  10
0
  20
0
  30
0
  210
0
  220
0
  230
1
  2
SOLID
  70
1
  71
0
  91
1
  92
7
  72
1
  73
1
  93
2
  10
61.25000889001778
  20
43.284988569977145
  42
1
  10
62.45001143002287
  20
43.284988569977145
  42
1
  97
1
  330
1629
  75
0
  76
1
  47
0.8681437583925616
  98
1
  10
3.629517071192367
  20
33.92795499968543
  450
0
  451
0
  460
0
  461
0
  452
1
  462
1
  453
2
  463
0
  63
5
  421
255
  463
1
  63
7
  421
16777215
  470
LINEAR
  1001
ACAD
  1010
0
  1020
0
  1030
0
  0
HATCH
  5
1631
  100
AcDbEntity
  8
Hole Layer
  100
AcDbHatch
  10
0
  20
0
  30
0
  210
0
  220
0
  230
1
  2
SOLID
  70
1
  71
0
  91
1
  92
7
  72
1
  73
1
  93
2
  10
61.25000889001778
  20
43.284988569977145
  42
1
  10
62.45001143002287
  20
43.284988569977145
  42
1
  97
1
  330
1629
  75
0
  76
1
  47
0.8681437583925616
  98
1
  10
3.629517071192367
  20
33.92795499968543
  450
0
  451
0
  460
0
  461
0
  452
1
  462
1
  453
2
  463
0
  63
5
  421
255
  463
1
  63
7
  421
16777215
  470
LINEAR
  1001
ACAD
  1010
0
  1020
0
  1030
0
  0
HATCH
  5
1633
  100
AcDbEntity
  8
Hole Layer
  100
AcDbHatch
  10
0
  20
0
  30
0
  210
0
  220
0
  230
1
  2
SOLID
  70
1
  71
0
  91
1
  92
7
  72
1
  73
1
  93
2
  10
61.25000889001778
  20
47.094996189992386
  42
1
  10
62.45001143002287
  20
47.094996189992386
  42
1
  97
1
  330
1632
  75
0
  76
1
  47
0.8681437583925616
  98
1
  10
3.629517071192367
  20
33.92795499968543
  450
0
  451
0
  460
0
  461
0
  452
1
  462
1
  453
2
  463
0
  63
5
  421
255
  463
1
  63
7
  421
16777215
  470
LINEAR
  1001
ACAD
  1010
0
  1020
0
  1030
0
  0
HATCH
  5
1634
  100
AcDbEntity
  8
Hole Layer
  100
AcDbHatch
  10
0
  20
0
  30
0
  210
0
  220
0
  230
1
  2
SOLID
  70
1
  71
0
  91
1
  92
7
  72
1
  73
1
  93
2
  10
61.25000889001778
  20
47.094996189992386
  42
1
  10
62.45001143002287
  20
47.094996189992386
  42
1
  97
1
  330
1632
  75
0
  76
1
  47
0.8681437583925616
  98
1
  10
3.629517071192367
  20
33.92795499968543
  450
0
  451
0
  460
0
  461
0
  452
1
  462
1
  453
2
  463
0
  63
5
  421
255
  463
1
  63
7
  421
16777215
  470
LINEAR
  1001
ACAD
  1010
0
  1020
0
  1030
0
  0
HATCH
  5
1636
  100
AcDbEntity
  8
Hole Layer
  100
AcDbHatch
  10
0
  20
0
  30
0
  210
0
  220
0
  230
1
  2
SOLID
  70
1
  71
0
  91
1
  92
7
  72
1
  73
1
  93
2
  10
61.25000889001778
  20
50.90500381000763
  42
1
  10
62.45001143002287
  20
50.90500381000763
  42
1
  97
1
  330
1635
  75
0
  76
1
  47
0.8681437583925616
  98
1
  10
3.629517071192367
  20
33.92795499968543
  450
0
  451
0
  460
0
  461
0
  452
1
  462
1
  453
2
  463
0
  63
5
  421
255
  463
1
  63
7
  421
16777215
  470
LINEAR
  1001
ACAD
  1010
0
  1020
0
  1030
0
  0
HATCH
  5
1637
  100
AcDbEntity
  8
Hole Layer
  100
AcDbHatch
  10
0
  20
0
  30
0
  210
0
  220
0
  230
1
  2
SOLID
  70
1
  71
0
  91
1
  92
7
  72
1
  73
1
  93
2
  10
61.25000889001778
  20
50.90500381000763
  42
1
  10
62.45001143002287
  20
50.90500381000763
  42
1
  97
1
  330
1635
  75
0
  76
1
  47
0.8681437583925616
  98
1
  10
3.629517071192367
  20
33.92795499968543
  450
0
  451
0
  460
0
  461
0
  452
1
  462
1
  453
2
  463
0
  63
5
  421
255
  463
1
  63
7
  421
16777215
  470
LINEAR
  1001
ACAD
  1010
0
  1020
0
  1030
0
  0
HATCH
  5
1639
  100
AcDbEntity
  8
Hole Layer
  100
AcDbHatch
  10
0
  20
0
  30
0
  210
0
  220
0
  230
1
  2
SOLID
  70
1
  71
0
  91
1
  92
7
  72
1
  73
1
  93
2
  10
61.25000889001778
  20
54.71501143002287
  42
1
  10
62.45001143002287
  20
54.71501143002287
  42
1
  97
1
  330
1638
  75
0
  76
1
  47
0.8681437583925616
  98
1
  10
3.629517071192367
  20
33.92795499968543
  450
0
  451
0
  460
0
  461
0
  452
1
  462
1
  453
2
  463
0
  63
5
  421
255
  463
1
  63
7
  421
16777215
  470
LINEAR
  1001
ACAD
  1010
0
  1020
0
  1030
0
  0
HATCH
  5
1640
  100
AcDbEntity
  8
Hole Layer
  100
AcDbHatch
  10
0
  20
0
  30
0
  210
0
  220
0
  230
1
  2
SOLID
  70
1
  71
0
  91
1
  92
7
  72
1
  73
1
  93
2
  10
61.25000889001778
  20
54.71501143002287
  42
1
  10
62.45001143002287
  20
54.71501143002287
  42
1
  97
1
  330
1638
  75
0
  76
1
  47
0.8681437583925616
  98
1
  10
3.629517071192367
  20
33.92795499968543
  450
0
  451
0
  460
0
  461
0
  452
1
  462
1
  453
2
  463
0
  63
5
  421
255
  463
1
  63
7
  421
16777215
  470
LINEAR
  1001
ACAD
  1010
0
  1020
0
  1030
0
  0
HATCH
  5
1642
  100
AcDbEntity
  8
Hole Layer
  100
AcDbHatch
  10
0
  20
0
  30
0
  210
0
  220
0
  230
1
  2
SOLID
  70
1
  71
0
  91
1
  92
7
  72
1
  73
1
  93
2
  10
61.25000889001778
  20
58.52501905003811
  42
1
  10
62.45001143002287
  20
58.52501905003811
  42
1
  97
1
  330
1641
  75
0
  76
1
  47
0.8681437583925616
  98
1
  10
3.629517071192367
  20
33.92795499968543
  450
0
  451
0
  460
0
  461
0
  452
1
  462
1
  453
2
  463
0
  63
5
  421
255
  463
1
  63
7
  421
16777215
  470
LINEAR
  1001
ACAD
  1010
0
  1020
0
  1030
0
  0
HATCH
  5
1643
  100
AcDbEntity
  8
Hole Layer
  100
AcDbHatch
  10
0
  20
0
  30
0
  210
0
  220
0
  230
1
  2
SOLID
  70
1
  71
0
  91
1
  92
7
  72
1
  73
1
  93
2
  10
61.25000889001778
  20
58.52501905003811
  42
1
  10
62.45001143002287
  20
58.52501905003811
  42
1
  97
1
  330
1641
  75
0
  76
1
  47
0.8681437583925616
  98
1
  10
3.629517071192367
  20
33.92795499968543
  450
0
  451
0
  460
0
  461
0
  452
1
  462
1
  453
2
  463
0
  63
5
  421
255
  463
1
  63
7
  421
16777215
  470
LINEAR
  1001
ACAD
  1010
0
  1020
0
  1030
0
  0
HATCH
  5
1645
  100
AcDbEntity
  8
Hole Layer
  100
AcDbHatch
  10
0
  20
0
  30
0
  210
0
  220
0
  230
1
  2
SOLID
  70
1
  71
0
  91
1
  92
7
  72
1
  73
1
  93
2
  10
61.250008890017774
  20
62.33502667005335
  42
1
  10
62.45001143002286
  20
62.33502667005335
  42
1
  97
1
  330
1644
  75
0
  76
1
  47
0.8681437583925616
  98
1
  10
3.629517071192367
  20
33.92795499968543
  450
0
  451
0
  460
0
  461
0
  452
1
  462
1
  453
2
  463
0
  63
5
  421
255
  463
1
  63
7
  421
16777215
  470
LINEAR
  1001
ACAD
  1010
0
  1020
0
  1030
0
  0
HATCH
  5
1646
  100
AcDbEntity
  8
Hole Layer
  100
AcDbHatch
  10
0
  20
0
  30
0
  210
0
  220
0
  230
1
  2
SOLID
  70
1
  71
0
  91
1
  92
7
  72
1
  73
1
  93
2
  10
61.250008890017774
  20
62.33502667005335
  42
1
  10
62.45001143002286
  20
62.33502667005335
  42
1
  97
1
  330
1644
  75
0
  76
1
  47
0.8681437583925616
  98
1
  10
3.629517071192367
  20
33.92795499968543
  450
0
  451
0
  460
0
  461
0
  452
1
  462
1
  453
2
  463
0
  63
5
  421
255
  463
1
  63
7
  421
16777215
  470
LINEAR
  1001
ACAD
  1010
0
  1020
0
  1030
0
  0
HATCH
  5
1648
  100
AcDbEntity
  8
Hole Layer
  100
AcDbHatch
  10
0
  20
0
  30
0
  210
0
  220
0
  230
1
  2
SOLID
  70
1
  71
0
  91
1
  92
7
  72
1
  73
1
  93
2
  10
61.25012573025146
  20
2.6650063500126993
  42
1
  10
62.45012827025655
  20
2.6650063500126993
  42
1
  97
1
  330
1647
  75
0
  76
1
  47
0.8681437583925616
  98
1
  10
3.629517071192367
  20
33.92795499968543
  450
0
  451
0
  460
0
  461
0
  452
1
  462
1
  453
2
  463
0
  63
5
  421
255
  463
1
  63
7
  421
16777215
  470
LINEAR
  1001
ACAD
  1010
0
  1020
0
  1030
0
  0
HATCH
  5
1649
  100
AcDbEntity
  8
Hole Layer
  100
AcDbHatch
  10
0
  20
0
  30
0
  210
0
  220
0
  230
1
  2
SOLID
  70
1
  71
0
  91
1
  92
7
  72
1
  73
1
  93
2
  10
61.25012573025146
  20
2.6650063500126993
  42
1
  10
62.45012827025655
  20
2.6650063500126993
  42
1
  97
1
  330
1647
  75
0
  76
1
  47
0.8681437583925616
  98
1
  10
3.629517071192367
  20
33.92795499968543
  450
0
  451
0
  460
0
  461
0
  452
1
  462
1
  453
2
  463
0
  63
5
  421
255
  463
1
  63
7
  421
16777215
  470
LINEAR
  1001
ACAD
  1010
0
  1020
0
  1030
0
  0
HATCH
  5
1651
  100
AcDbEntity
  8
Hole Layer
  100
AcDbHatch
  10
0
  20
0
  30
0
  210
0
  220
0
  230
1
  2
SOLID
  70
1
  71
0
  91
1
  92
7
  72
1
  73
1
  93
2
  10
61.25012573025146
  20
6.475013970027939
  42
1
  10
62.45012827025655
  20
6.475013970027939
  42
1
  97
1
  330
1650
  75
0
  76
1
  47
0.8681437583925616
  98
1
  10
3.629517071192367
  20
33.92795499968543
  450
0
  451
0
  460
0
  461
0
  452
1
  462
1
  453
2
  463
0
  63
5
  421
255
  463
1
  63
7
  421
16777215
  470
LINEAR
  1001
ACAD
  1010
0
  1020
0
  1030
0
  0
HATCH
  5
1652
  100
AcDbEntity
  8
Hole Layer
  100
AcDbHatch
  10
0
  20
0
  30
0
  210
0
  220
0
  230
1
  2
SOLID
  70
1
  71
0
  91
1
  92
7
  72
1
  73
1
  93
2
  10
61.25012573025146
  20
6.475013970027939
  42
1
  10
62.45012827025655
  20
6.475013970027939
  42
1
  97
1
  330
1650
  75
0
  76
1
  47
0.8681437583925616
  98
1
  10
3.629517071192367
  20
33.92795499968543
  450
0
  451
0
  460
0
  461
0
  452
1
  462
1
  453
2
  463
0
  63
5
  421
255
  463
1
  63
7
  421
16777215
  470
LINEAR
  1001
ACAD
  1010
0
  1020
0
  1030
0
  0
HATCH
  5
1654
  100
AcDbEntity
  8
Hole Layer
  100
AcDbHatch
  10
0
  20
0
  30
0
  210
0
  220
0
  230
1
  2
SOLID
  70
1
  71
0
  91
1
  92
7
  72
1
  73
1
  93
2
  10
61.25012573025146
  20
10.285021590043181
  42
1
  10
62.45012827025655
  20
10.285021590043181
  42
1
  97
1
  330
1653
  75
0
  76
1
  47
0.8681437583925616
  98
1
  10
3.629517071192367
  20
33.92795499968543
  450
0
  451
0
  460
0
  461
0
  452
1
  462
1
  453
2
  463
0
  63
5
  421
255
  463
1
  63
7
  421
16777215
  470
LINEAR
  1001
ACAD
  1010
0
  1020
0
  1030
0
  0
HATCH
  5
1655
  100
AcDbEntity
  8
Hole Layer
  100
AcDbHatch
  10
0
  20
0
  30
0
  210
0
  220
0
  230
1
  2
SOLID
  70
1
  71
0
  91
1
  92
7
  72
1
  73
1
  93
2
  10
61.25012573025146
  20
10.285021590043181
  42
1
  10
62.45012827025655
  20
10.285021590043181
  42
1
  97
1
  330
1653
  75
0
  76
1
  47
0.8681437583925616
  98
1
  10
3.629517071192367
  20
33.92795499968543
  450
0
  451
0
  460
0
  461
0
  452
1
  462
1
  453
2
  463
0
  63
5
  421
255
  463
1
  63
7
  421
16777215
  470
LINEAR
  1001
ACAD
  1010
0
  1020
0
  1030
0
  0
HATCH
  5
1657
  100
AcDbEntity
  8
Hole Layer
  100
AcDbHatch
  10
0
  20
0
  30
0
  210
0
  220
0
  230
1
  2
SOLID
  70
1
  71
0
  91
1
  92
7
  72
1
  73
1
  93
2
  10
61.25012573025146
  20
14.09502921005842
  42
1
  10
62.45012827025655
  20
14.09502921005842
  42
1
  97
1
  330
1656
  75
0
  76
1
  47
0.8681437583925616
  98
1
  10
3.629517071192367
  20
33.92795499968543
  450
0
  451
0
  460
0
  461
0
  452
1
  462
1
  453
2
  463
0
  63
5
  421
255
  463
1
  63
7
  421
16777215
  470
LINEAR
  1001
ACAD
  1010
0
  1020
0
  1030
0
  0
HATCH
  5
1658
  100
AcDbEntity
  8
Hole Layer
  100
AcDbHatch
  10
0
  20
0
  30
0
  210
0
  220
0
  230
1
  2
SOLID
  70
1
  71
0
  91
1
  92
7
  72
1
  73
1
  93
2
  10
61.25012573025146
  20
14.09502921005842
  42
1
  10
62.45012827025655
  20
14.09502921005842
  42
1
  97
1
  330
1656
  75
0
  76
1
  47
0.8681437583925616
  98
1
  10
3.629517071192367
  20
33.92795499968543
  450
0
  451
0
  460
0
  461
0
  452
1
  462
1
  453
2
  463
0
  63
5
  421
255
  463
1
  63
7
  421
16777215
  470
LINEAR
  1001
ACAD
  1010
0
  1020
0
  1030
0
  0
HATCH
  5
1660
  100
AcDbEntity
  8
Hole Layer
  100
AcDbHatch
  10
0
  20
0
  30
0
  210
0
  220
0
  230
1
  2
SOLID
  70
1
  71
0
  91
1
  92
7
  72
1
  73
1
  93
2
  10
61.25012573025146
  20
17.905036830073662
  42
1
  10
62.45012827025655
  20
17.905036830073662
  42
1
  97
1
  330
1659
  75
0
  76
1
  47
0.8681437583925616
  98
1
  10
3.629517071192367
  20
33.92795499968543
  450
0
  451
0
  460
0
  461
0
  452
1
  462
1
  453
2
  463
0
  63
5
  421
255
  463
1
  63
7
  421
16777215
  470
LINEAR
  1001
ACAD
  1010
0
  1020
0
  1030
0
  0
HATCH
  5
1661
  100
AcDbEntity
  8
Hole Layer
  100
AcDbHatch
  10
0
  20
0
  30
0
  210
0
  220
0
  230
1
  2
SOLID
  70
1
  71
0
  91
1
  92
7
  72
1
  73
1
  93
2
  10
61.25012573025146
  20
17.905036830073662
  42
1
  10
62.45012827025655
  20
17.905036830073662
  42
1
  97
1
  330
1659
  75
0
  76
1
  47
0.8681437583925616
  98
1
  10
3.629517071192367
  20
33.92795499968543
  450
0
  451
0
  460
0
  461
0
  452
1
  462
1
  453
2
  463
0
  63
5
  421
255
  463
1
  63
7
  421
16777215
  470
LINEAR
  1001
ACAD
  1010
0
  1020
0
  1030
0
  0
HATCH
  5
1663
  100
AcDbEntity
  8
Hole Layer
  100
AcDbHatch
  10
0
  20
0
  30
0
  210
0
  220
0
  230
1
  2
SOLID
  70
1
  71
0
  91
1
  92
7
  72
1
  73
1
  93
2
  10
61.25012573025146
  20
21.715044450088904
  42
1
  10
62.45012827025655
  20
21.715044450088904
  42
1
  97
1
  330
1662
  75
0
  76
1
  47
0.8681437583925616
  98
1
  10
3.629517071192367
  20
33.92795499968543
  450
0
  451
0
  460
0
  461
0
  452
1
  462
1
  453
2
  463
0
  63
5
  421
255
  463
1
  63
7
  421
16777215
  470
LINEAR
  1001
ACAD
  1010
0
  1020
0
  1030
0
  0
HATCH
  5
1664
  100
AcDbEntity
  8
Hole Layer
  100
AcDbHatch
  10
0
  20
0
  30
0
  210
0
  220
0
  230
1
  2
SOLID
  70
1
  71
0
  91
1
  92
7
  72
1
  73
1
  93
2
  10
61.25012573025146
  20
21.715044450088904
  42
1
  10
62.45012827025655
  20
21.715044450088904
  42
1
  97
1
  330
1662
  75
0
  76
1
  47
0.8681437583925616
  98
1
  10
3.629517071192367
  20
33.92795499968543
  450
0
  451
0
  460
0
  461
0
  452
1
  462
1
  453
2
  463
0
  63
5
  421
255
  463
1
  63
7
  421
16777215
  470
LINEAR
  1001
ACAD
  1010
0
  1020
0
  1030
0
  0
HATCH
  5
1666
  100
AcDbEntity
  8
Hole Layer
  100
AcDbHatch
  10
0
  20
0
  30
0
  210
0
  220
0
  230
1
  2
SOLID
  70
1
  71
0
  91
1
  92
7
  72
1
  73
1
  93
2
  10
61.25012573025146
  20
25.525052070104145
  42
1
  10
62.45012827025655
  20
25.525052070104145
  42
1
  97
1
  330
1665
  75
0
  76
1
  47
0.8681437583925616
  98
1
  10
3.629517071192367
  20
33.92795499968543
  450
0
  451
0
  460
0
  461
0
  452
1
  462
1
  453
2
  463
0
  63
5
  421
255
  463
1
  63
7
  421
16777215
  470
LINEAR
  1001
ACAD
  1010
0
  1020
0
  1030
0
  0
HATCH
  5
1667
  100
AcDbEntity
  8
Hole Layer
  100
AcDbHatch
  10
0
  20
0
  30
0
  210
0
  220
0
  230
1
  2
SOLID
  70
1
  71
0
  91
1
  92
7
  72
1
  73
1
  93
2
  10
61.25012573025146
  20
25.525052070104145
  42
1
  10
62.45012827025655
  20
25.525052070104145
  42
1
  97
1
  330
1665
  75
0
  76
1
  47
0.8681437583925616
  98
1
  10
3.629517071192367
  20
33.92795499968543
  450
0
  451
0
  460
0
  461
0
  452
1
  462
1
  453
2
  463
0
  63
5
  421
255
  463
1
  63
7
  421
16777215
  470
LINEAR
  1001
ACAD
  1010
0
  1020
0
  1030
0
  0
HATCH
  5
1669
  100
AcDbEntity
  8
Hole Layer
  100
AcDbHatch
  10
0
  20
0
  30
0
  210
0
  220
0
  230
1
  2
SOLID
  70
1
  71
0
  91
1
  92
7
  72
1
  73
1
  93
2
  10
61.25012573025146
  20
29.335059690119383
  42
1
  10
62.45012827025655
  20
29.335059690119383
  42
1
  97
1
  330
1668
  75
0
  76
1
  47
0.8681437583925616
  98
1
  10
3.629517071192367
  20
33.92795499968543
  450
0
  451
0
  460
0
  461
0
  452
1
  462
1
  453
2
  463
0
  63
5
  421
255
  463
1
  63
7
  421
16777215
  470
LINEAR
  1001
ACAD
  1010
0
  1020
0
  1030
0
  0
HATCH
  5
1670
  100
AcDbEntity
  8
Hole Layer
  100
AcDbHatch
  10
0
  20
0
  30
0
  210
0
  220
0
  230
1
  2
SOLID
  70
1
  71
0
  91
1
  92
7
  72
1
  73
1
  93
2
  10
61.25012573025146
  20
29.335059690119383
  42
1
  10
62.45012827025655
  20
29.335059690119383
  42
1
  97
1
  330
1668
  75
0
  76
1
  47
0.8681437583925616
  98
1
  10
3.629517071192367
  20
33.92795499968543
  450
0
  451
0
  460
0
  461
0
  452
1
  462
1
  453
2
  463
0
  63
5
  421
255
  463
1
  63
7
  421
16777215
  470
LINEAR
  1001
ACAD
  1010
0
  1020
0
  1030
0
  0
HATCH
  5
1672
  100
AcDbEntity
  8
Hole Layer
  100
AcDbHatch
  10
0
  20
0
  30
0
  210
0
  220
0
  230
1
  2
SOLID
  70
1
  71
0
  91
1
  92
7
  72
1
  73
1
  93
2
  10
32.3599936499873
  20
46.2
  42
1
  10
33.25999618999238
  20
46.2
  42
1
  97
1
  330
1671
  75
0
  76
1
  47
0.8681437583925616
  98
1
  10
3.629517071192367
  20
33.92795499968543
  450
0
  451
0
  460
0
  461
0
  452
1
  462
1
  453
2
  463
0
  63
5
  421
255
  463
1
  63
7
  421
16777215
  470
LINEAR
  1001
ACAD
  1010
0
  1020
0
  1030
0
  0
HATCH
  5
1673
  100
AcDbEntity
  8
Hole Layer
  100
AcDbHatch
  10
0
  20
0
  30
0
  210
0
  220
0
  230
1
  2
SOLID
  70
1
  71
0
  91
1
  92
7
  72
1
  73
1
  93
2
  10
32.3599936499873
  20
46.2
  42
1
  10
33.25999618999238
  20
46.2
  42
1
  97
1
  330
1671
  75
0
  76
1
  47
0.8681437583925616
  98
1
  10
3.629517071192367
  20
33.92795499968543
  450
0
  451
0
  460
0
  461
0
  452
1
  462
1
  453
2
  463
0
  63
5
  421
255
  463
1
  63
7
  421
16777215
  470
LINEAR
  1001
ACAD
  1010
0
  1020
0
  1030
0
  0
HATCH
  5
1675
  100
AcDbEntity
  8
Hole Layer
  100
AcDbHatch
  10
0
  20
0
  30
0
  210
0
  220
0
  230
1
  2
SOLID
  70
1
  71
0
  91
1
  92
7
  72
1
  73
1
  93
2
  10
34.89999872999746
  20
46.2
  42
1
  10
35.80000127000254
  20
46.2
  42
1
  97
1
  330
1674
  75
0
  76
1
  47
0.8681437583925616
  98
1
  10
3.629517071192367
  20
33.92795499968543
  450
0
  451
0
  460
0
  461
0
  452
1
  462
1
  453
2
  463
0
  63
5
  421
255
  463
1
  63
7
  421
16777215
  470
LINEAR
  1001
ACAD
  1010
0
  1020
0
  1030
0
  0
HATCH
  5
1676
  100
AcDbEntity
  8
Hole Layer
  100
AcDbHatch
  10
0
  20
0
  30
0
  210
0
  220
0
  230
1
  2
SOLID
  70
1
  71
0
  91
1
  92
7
  72
1
  73
1
  93
2
  10
34.89999872999746
  20
46.2
  42
1
  10
35.80000127000254
  20
46.2
  42
1
  97
1
  330
1674
  75
0
  76
1
  47
0.8681437583925616
  98
1
  10
3.629517071192367
  20
33.92795499968543
  450
0
  451
0
  460
0
  461
0
  452
1
  462
1
  453
2
  463
0
  63
5
  421
255
  463
1
  63
7
  421
16777215
  470
LINEAR
  1001
ACAD
  1010
0
  1020
0
  1030
0
  0
HATCH
  5
1678
  100
AcDbEntity
  8
Hole Layer
  100
AcDbHatch
  10
0
  20
0
  30
0
  210
0
  220
0
  230
1
  2
SOLID
  70
1
  71
0
  91
1
  92
7
  72
1
  73
1
  93
2
  10
37.440003810007624
  20
46.2
  42
1
  10
38.3400063500127
  20
46.2
  42
1
  97
1
  330
1677
  75
0
  76
1
  47
0.8681437583925616
  98
1
  10
3.629517071192367
  20
33.92795499968543
  450
0
  451
0
  460
0
  461
0
  452
1
  462
1
  453
2
  463
0
  63
5
  421
255
  463
1
  63
7
  421
16777215
  470
LINEAR
  1001
ACAD
  1010
0
  1020
0
  1030
0
  0
HATCH
  5
1679
  100
AcDbEntity
  8
Hole Layer
  100
AcDbHatch
  10
0
  20
0
  30
0
  210
0
  220
0
  230
1
  2
SOLID
  70
1
  71
0
  91
1
  92
7
  72
1
  73
1
  93
2
  10
37.440003810007624
  20
46.2
  42
1
  10
38.3400063500127
  20
46.2
  42
1
  97
1
  330
1677
  75
0
  76
1
  47
0.8681437583925616
  98
1
  10
3.629517071192367
  20
33.92795499968543
  450
0
  451
0
  460
0
  461
0
  452
1
  462
1
  453
2
  463
0
  63
5
  421
255
  463
1
  63
7
  421
16777215
  470
LINEAR
  1001
ACAD
  1010
0
  1020
0
  1030
0
  0
HATCH
  5
1681
  100
AcDbEntity
  8
Hole Layer
  100
AcDbHatch
  10
0
  20
0
  30
0
  210
0
  220
0
  230
1
  2
SOLID
  70
1
  71
0
  91
1
  92
7
  72
1
  73
1
  93
2
  10
5.929996189992381
  20
28.189992379984762
  42
1
  10
6.8299987299974605
  20
28.189992379984762
  42
1
  97
1
  330
1680
  75
0
  76
1
  47
0.8681437583925616
  98
1
  10
3.629517071192367
  20
33.92795499968543
  450
0
  451
0
  460
0
  461
0
  452
1
  462
1
  453
2
  463
0
  63
5
  421
255
  463
1
  63
7
  421
16777215
  470
LINEAR
  1001
ACAD
  1010
0
  1020
0
  1030
0
  0
HATCH
  5
1682
  100
AcDbEntity
  8
Hole Layer
  100
AcDbHatch
  10
0
  20
0
  30
0
  210
0
  220
0
  230
1
  2
SOLID
  70
1
  71
0
  91
1
  92
7
  72
1
  73
1
  93
2
  10
5.929996189992381
  20
28.189992379984762
  42
1
  10
6.8299987299974605
  20
28.189992379984762
  42
1
  97
1
  330
1680
  75
0
  76
1
  47
0.8681437583925616
  98
1
  10
3.629517071192367
  20
33.92795499968543
  450
0
  451
0
  460
0
  461
0
  452
1
  462
1
  453
2
  463
0
  63
5
  421
255
  463
1
  63
7
  421
16777215
  470
LINEAR
  1001
ACAD
  1010
0
  1020
0
  1030
0
  0
HATCH
  5
1684
  100
AcDbEntity
  8
Hole Layer
  100
AcDbHatch
  10
0
  20
0
  30
0
  210
0
  220
0
  230
1
  2
SOLID
  70
1
  71
0
  91
1
  92
7
  72
1
  73
1
  93
2
  10
5.929996189992381
  20
30.729997459994923
  42
1
  10
6.8299987299974605
  20
30.729997459994923
  42
1
  97
1
  330
1683
  75
0
  76
1
  47
0.8681437583925616
  98
1
  10
3.629517071192367
  20
33.92795499968543
  450
0
  451
0
  460
0
  461
0
  452
1
  462
1
  453
2
  463
0
  63
5
  421
255
  463
1
  63
7
  421
16777215
  470
LINEAR
  1001
ACAD
  1010
0
  1020
0
  1030
0
  0
HATCH
  5
1685
  100
AcDbEntity
  8
Hole Layer
  100
AcDbHatch
  10
0
  20
0
  30
0
  210
0
  220
0
  230
1
  2
SOLID
  70
1
  71
0
  91
1
  92
7
  72
1
  73
1
  93
2
  10
5.929996189992381
  20
30.729997459994923
  42
1
  10
6.8299987299974605
  20
30.729997459994923
  42
1
  97
1
  330
1683
  75
0
  76
1
  47
0.8681437583925616
  98
1
  10
3.629517071192367
  20
33.92795499968543
  450
0
  451
0
  460
0
  461
0
  452
1
  462
1
  453
2
  463
0
  63
5
  421
255
  463
1
  63
7
  421
16777215
  470
LINEAR
  1001
ACAD
  1010
0
  1020
0
  1030
0
  0
HATCH
  5
1687
  100
AcDbEntity
  8
Hole Layer
  100
AcDbHatch
  10
0
  20
0
  30
0
  210
0
  220
0
  230
1
  2
SOLID
  70
1
  71
0
  91
1
  92
7
  72
1
  73
1
  93
2
  10
5.929996189992381
  20
43.43002286004572
  42
1
  10
6.8299987299974605
  20
43.43002286004572
  42
1
  97
1
  330
1686
  75
0
  76
1
  47
0.8681437583925616
  98
1
  10
3.629517071192367
  20
33.92795499968543
  450
0
  451
0
  460
0
  461
0
  452
1
  462
1
  453
2
  463
0
  63
5
  421
255
  463
1
  63
7
  421
16777215
  470
LINEAR
  1001
ACAD
  1010
0
  1020
0
  1030
0
  0
HATCH
  5
1688
  100
AcDbEntity
  8
Hole Layer
  100
AcDbHatch
  10
0
  20
0
  30
0
  210
0
  220
0
  230
1
  2
SOLID
  70
1
  71
0
  91
1
  92
7
  72
1
  73
1
  93
2
  10
5.929996189992381
  20
43.43002286004572
  42
1
  10
6.8299987299974605
  20
43.43002286004572
  42
1
  97
1
  330
1686
  75
0
  76
1
  47
0.8681437583925616
  98
1
  10
3.629517071192367
  20
33.92795499968543
  450
0
  451
0
  460
0
  461
0
  452
1
  462
1
  453
2
  463
0
  63
5
  421
255
  463
1
  63
7
  421
16777215
  470
LINEAR
  1001
ACAD
  1010
0
  1020
0
  1030
0
  0
HATCH
  5
1690
  100
AcDbEntity
  8
Hole Layer
  100
AcDbHatch
  10
0
  20
0
  30
0
  210
0
  220
0
  230
1
  2
SOLID
  70
1
  71
0
  91
1
  92
7
  72
1
  73
1
  93
2
  10
5.929996189992381
  20
35.81000762001524
  42
1
  10
6.8299987299974605
  20
35.81000762001524
  42
1
  97
1
  330
1689
  75
0
  76
1
  47
0.8681437583925616
  98
1
  10
3.629517071192367
  20
33.92795499968543
  450
0
  451
0
  460
0
  461
0
  452
1
  462
1
  453
2
  463
0
  63
5
  421
255
  463
1
  63
7
  421
16777215
  470
LINEAR
  1001
ACAD
  1010
0
  1020
0
  1030
0
  0
HATCH
  5
1691
  100
AcDbEntity
  8
Hole Layer
  100
AcDbHatch
  10
0
  20
0
  30
0
  210
0
  220
0
  230
1
  2
SOLID
  70
1
  71
0
  91
1
  92
7
  72
1
  73
1
  93
2
  10
5.929996189992381
  20
35.81000762001524
  42
1
  10
6.8299987299974605
  20
35.81000762001524
  42
1
  97
1
  330
1689
  75
0
  76
1
  47
0.8681437583925616
  98
1
  10
3.629517071192367
  20
33.92795499968543
  450
0
  451
0
  460
0
  461
0
  452
1
  462
1
  453
2
  463
0
  63
5
  421
255
  463
1
  63
7
  421
16777215
  470
LINEAR
  1001
ACAD
  1010
0
  1020
0
  1030
0
  0
HATCH
  5
1693
  100
AcDbEntity
  8
Hole Layer
  100
AcDbHatch
  10
0
  20
0
  30
0
  210
0
  220
0
  230
1
  2
SOLID
  70
1
  71
0
  91
1
  92
7
  72
1
  73
1
  93
2
  10
5.929996189992381
  20
38.3500127000254
  42
1
  10
6.8299987299974605
  20
38.3500127000254
  42
1
  97
1
  330
1692
  75
0
  76
1
  47
0.8681437583925616
  98
1
  10
3.629517071192367
  20
33.92795499968543
  450
0
  451
0
  460
0
  461
0
  452
1
  462
1
  453
2
  463
0
  63
5
  421
255
  463
1
  63
7
  421
16777215
  470
LINEAR
  1001
ACAD
  1010
0
  1020
0
  1030
0
  0
HATCH
  5
1694
  100
AcDbEntity
  8
Hole Layer
  100
AcDbHatch
  10
0
  20
0
  30
0
  210
0
  220
0
  230
1
  2
SOLID
  70
1
  71
0
  91
1
  92
7
  72
1
  73
1
  93
2
  10
5.929996189992381
  20
38.3500127000254
  42
1
  10
6.8299987299974605
  20
38.3500127000254
  42
1
  97
1
  330
1692
  75
0
  76
1
  47
0.8681437583925616
  98
1
  10
3.629517071192367
  20
33.92795499968543
  450
0
  451
0
  460
0
  461
0
  452
1
  462
1
  453
2
  463
0
  63
5
  421
255
  463
1
  63
7
  421
16777215
  470
LINEAR
  1001
ACAD
  1010
0
  1020
0
  1030
0
  0
HATCH
  5
1696
  100
AcDbEntity
  8
Hole Layer
  100
AcDbHatch
  10
0
  20
0
  30
0
  210
0
  220
0
  230
1
  2
SOLID
  70
1
  71
0
  91
1
  92
7
  72
1
  73
1
  93
2
  10
5.929996189992381
  20
33.27000254000508
  42
1
  10
6.8299987299974605
  20
33.27000254000508
  42
1
  97
1
  330
1695
  75
0
  76
1
  47
0.8681437583925616
  98
1
  10
3.629517071192367
  20
33.92795499968543
  450
0
  451
0
  460
0
  461
0
  452
1
  462
1
  453
2
  463
0
  63
5
  421
255
  463
1
  63
7
  421
16777215
  470
LINEAR
  1001
ACAD
  1010
0
  1020
0
  1030
0
  0
HATCH
  5
1697
  100
AcDbEntity
  8
Hole Layer
  100
AcDbHatch
  10
0
  20
0
  30
0
  210
0
  220
0
  230
1
  2
SOLID
  70
1
  71
0
  91
1
  92
7
  72
1
  73
1
  93
2
  10
5.929996189992381
  20
33.27000254000508
  42
1
  10
6.8299987299974605
  20
33.27000254000508
  42
1
  97
1
  330
1695
  75
0
  76
1
  47
0.8681437583925616
  98
1
  10
3.629517071192367
  20
33.92795499968543
  450
0
  451
0
  460
0
  461
0
  452
1
  462
1
  453
2
  463
0
  63
5
  421
255
  463
1
  63
7
  421
16777215
  470
LINEAR
  1001
ACAD
  1010
0
  1020
0
  1030
0
  0
HATCH
  5
1699
  100
AcDbEntity
  8
Hole Layer
  100
AcDbHatch
  10
0
  20
0
  30
0
  210
0
  220
0
  230
1
  2
SOLID
  70
1
  71
0
  91
1
  92
7
  72
1
  73
1
  93
2
  10
5.929996189992381
  20
40.89001778003556
  42
1
  10
6.8299987299974605
  20
40.89001778003556
  42
1
  97
1
  330
1698
  75
0
  76
1
  47
0.8681437583925616
  98
1
  10
3.629517071192367
  20
33.92795499968543
  450
0
  451
0
  460
0
  461
0
  452
1
  462
1
  453
2
  463
0
  63
5
  421
255
  463
1
  63
7
  421
16777215
  470
LINEAR
  1001
ACAD
  1010
0
  1020
0
  1030
0
  0
HATCH
  5
1700
  100
AcDbEntity
  8
Hole Layer
  100
AcDbHatch
  10
0
  20
0
  30
0
  210
0
  220
0
  230
1
  2
SOLID
  70
1
  71
0
  91
1
  92
7
  72
1
  73
1
  93
2
  10
5.929996189992381
  20
40.89001778003556
  42
1
  10
6.8299987299974605
  20
40.89001778003556
  42
1
  97
1
  330
1698
  75
0
  76
1
  47
0.8681437583925616
  98
1
  10
3.629517071192367
  20
33.92795499968543
  450
0
  451
0
  460
0
  461
0
  452
1
  462
1
  453
2
  463
0
  63
5
  421
255
  463
1
  63
7
  421
16777215
  470
LINEAR
  1001
ACAD
  1010
0
  1020
0
  1030
0
  0
HATCH
  5
1702
  100
AcDbEntity
  8
Hole Layer
  100
AcDbHatch
  10
0
  20
0
  30
0
  210
0
  220
0
  230
1
  2
SOLID
  70
1
  71
0
  91
1
  92
7
  72
1
  73
1
  93
2
  10
5.929996189992381
  20
48.51003302006604
  42
1
  10
6.8299987299974605
  20
48.51003302006604
  42
1
  97
1
  330
1701
  75
0
  76
1
  47
0.8681437583925616
  98
1
  10
3.629517071192367
  20
33.92795499968543
  450
0
  451
0
  460
0
  461
0
  452
1
  462
1
  453
2
  463
0
  63
5
  421
255
  463
1
  63
7
  421
16777215
  470
LINEAR
  1001
ACAD
  1010
0
  1020
0
  1030
0
  0
HATCH
  5
1703
  100
AcDbEntity
  8
Hole Layer
  100
AcDbHatch
  10
0
  20
0
  30
0
  210
0
  220
0
  230
1
  2
SOLID
  70
1
  71
0
  91
1
  92
7
  72
1
  73
1
  93
2
  10
5.929996189992381
  20
48.51003302006604
  42
1
  10
6.8299987299974605
  20
48.51003302006604
  42
1
  97
1
  330
1701
  75
0
  76
1
  47
0.8681437583925616
  98
1
  10
3.629517071192367
  20
33.92795499968543
  450
0
  451
0
  460
0
  461
0
  452
1
  462
1
  453
2
  463
0
  63
5
  421
255
  463
1
  63
7
  421
16777215
  470
LINEAR
  1001
ACAD
  1010
0
  1020
0
  1030
0
  0
HATCH
  5
1705
  100
AcDbEntity
  8
Hole Layer
  100
AcDbHatch
  10
0
  20
0
  30
0
  210
0
  220
0
  230
1
  2
SOLID
  70
1
  71
0
  91
1
  92
7
  72
1
  73
1
  93
2
  10
5.929996189992381
  20
45.97002794005588
  42
1
  10
6.8299987299974605
  20
45.97002794005588
  42
1
  97
1
  330
1704
  75
0
  76
1
  47
0.8681437583925616
  98
1
  10
3.629517071192367
  20
33.92795499968543
  450
0
  451
0
  460
0
  461
0
  452
1
  462
1
  453
2
  463
0
  63
5
  421
255
  463
1
  63
7
  421
16777215
  470
LINEAR
  1001
ACAD
  1010
0
  1020
0
  1030
0
  0
HATCH
  5
1706
  100
AcDbEntity
  8
Hole Layer
  100
AcDbHatch
  10
0
  20
0
  30
0
  210
0
  220
0
  230
1
  2
SOLID
  70
1
  71
0
  91
1
  92
7
  72
1
  73
1
  93
2
  10
5.929996189992381
  20
45.97002794005588
  42
1
  10
6.8299987299974605
  20
45.97002794005588
  42
1
  97
1
  330
1704
  75
0
  76
1
  47
0.8681437583925616
  98
1
  10
3.629517071192367
  20
33.92795499968543
  450
0
  451
0
  460
0
  461
0
  452
1
  462
1
  453
2
  463
0
  63
5
  421
255
  463
1
  63
7
  421
16777215
  470
LINEAR
  1001
ACAD
  1010
0
  1020
0
  1030
0
  0
HATCH
  5
1708
  100
AcDbEntity
  8
Hole Layer
  100
AcDbHatch
  10
0
  20
0
  30
0
  210
0
  220
0
  230
1
  2
SOLID
  70
1
  71
0
  91
1
  92
7
  72
1
  73
1
  93
2
  10
5.929996189992381
  20
51.0500381000762
  42
1
  10
6.8299987299974605
  20
51.0500381000762
  42
1
  97
1
  330
1707
  75
0
  76
1
  47
0.8681437583925616
  98
1
  10
3.629517071192367
  20
33.92795499968543
  450
0
  451
0
  460
0
  461
0
  452
1
  462
1
  453
2
  463
0
  63
5
  421
255
  463
1
  63
7
  421
16777215
  470
LINEAR
  1001
ACAD
  1010
0
  1020
0
  1030
0
  0
HATCH
  5
1709
  100
AcDbEntity
  8
Hole Layer
  100
AcDbHatch
  10
0
  20
0
  30
0
  210
0
  220
0
  230
1
  2
SOLID
  70
1
  71
0
  91
1
  92
7
  72
1
  73
1
  93
2
  10
5.929996189992381
  20
51.0500381000762
  42
1
  10
6.8299987299974605
  20
51.0500381000762
  42
1
  97
1
  330
1707
  75
0
  76
1
  47
0.8681437583925616
  98
1
  10
3.629517071192367
  20
33.92795499968543
  450
0
  451
0
  460
0
  461
0
  452
1
  462
1
  453
2
  463
0
  63
5
  421
255
  463
1
  63
7
  421
16777215
  470
LINEAR
  1001
ACAD
  1010
0
  1020
0
  1030
0
  0
HATCH
  5
1711
  100
AcDbEntity
  8
Hole Layer
  100
AcDbHatch
  10
0
  20
0
  30
0
  210
0
  220
0
  230
1
  2
SOLID
  70
1
  71
0
  91
1
  92
7
  72
1
  73
1
  93
2
  10
8.470001270002541
  20
33.27000254000508
  42
1
  10
9.37000381000762
  20
33.27000254000508
  42
1
  97
1
  330
1710
  75
0
  76
1
  47
0.8681437583925616
  98
1
  10
3.629517071192367
  20
33.92795499968543
  450
0
  451
0
  460
0
  461
0
  452
1
  462
1
  453
2
  463
0
  63
5
  421
255
  463
1
  63
7
  421
16777215
  470
LINEAR
  1001
ACAD
  1010
0
  1020
0
  1030
0
  0
HATCH
  5
1712
  100
AcDbEntity
  8
Hole Layer
  100
AcDbHatch
  10
0
  20
0
  30
0
  210
0
  220
0
  230
1
  2
SOLID
  70
1
  71
0
  91
1
  92
7
  72
1
  73
1
  93
2
  10
8.470001270002541
  20
33.27000254000508
  42
1
  10
9.37000381000762
  20
33.27000254000508
  42
1
  97
1
  330
1710
  75
0
  76
1
  47
0.8681437583925616
  98
1
  10
3.629517071192367
  20
33.92795499968543
  450
0
  451
0
  460
0
  461
0
  452
1
  462
1
  453
2
  463
0
  63
5
  421
255
  463
1
  63
7
  421
16777215
  470
LINEAR
  1001
ACAD
  1010
0
  1020
0
  1030
0
  0
HATCH
  5
1714
  100
AcDbEntity
  8
Hole Layer
  100
AcDbHatch
  10
0
  20
0
  30
0
  210
0
  220
0
  230
1
  2
SOLID
  70
1
  71
0
  91
1
  92
7
  72
1
  73
1
  93
2
  10
8.470001270002541
  20
35.81000762001524
  42
1
  10
9.37000381000762
  20
35.81000762001524
  42
1
  97
1
  330
1713
  75
0
  76
1
  47
0.8681437583925616
  98
1
  10
3.629517071192367
  20
33.92795499968543
  450
0
  451
0
  460
0
  461
0
  452
1
  462
1
  453
2
  463
0
  63
5
  421
255
  463
1
  63
7
  421
16777215
  470
LINEAR
  1001
ACAD
  1010
0
  1020
0
  1030
0
  0
HATCH
  5
1715
  100
AcDbEntity
  8
Hole Layer
  100
AcDbHatch
  10
0
  20
0
  30
0
  210
0
  220
0
  230
1
  2
SOLID
  70
1
  71
0
  91
1
  92
7
  72
1
  73
1
  93
2
  10
8.470001270002541
  20
35.81000762001524
  42
1
  10
9.37000381000762
  20
35.81000762001524
  42
1
  97
1
  330
1713
  75
0
  76
1
  47
0.8681437583925616
  98
1
  10
3.629517071192367
  20
33.92795499968543
  450
0
  451
0
  460
0
  461
0
  452
1
  462
1
  453
2
  463
0
  63
5
  421
255
  463
1
  63
7
  421
16777215
  470
LINEAR
  1001
ACAD
  1010
0
  1020
0
  1030
0
  0
HATCH
  5
1717
  100
AcDbEntity
  8
Hole Layer
  100
AcDbHatch
  10
0
  20
0
  30
0
  210
0
  220
0
  230
1
  2
SOLID
  70
1
  71
0
  91
1
  92
7
  72
1
  73
1
  93
2
  10
8.470001270002541
  20
38.3500127000254
  42
1
  10
9.37000381000762
  20
38.3500127000254
  42
1
  97
1
  330
1716
  75
0
  76
1
  47
0.8681437583925616
  98
1
  10
3.629517071192367
  20
33.92795499968543
  450
0
  451
0
  460
0
  461
0
  452
1
  462
1
  453
2
  463
0
  63
5
  421
255
  463
1
  63
7
  421
16777215
  470
LINEAR
  1001
ACAD
  1010
0
  1020
0
  1030
0
  0
HATCH
  5
1718
  100
AcDbEntity
  8
Hole Layer
  100
AcDbHatch
  10
0
  20
0
  30
0
  210
0
  220
0
  230
1
  2
SOLID
  70
1
  71
0
  91
1
  92
7
  72
1
  73
1
  93
2
  10
8.470001270002541
  20
38.3500127000254
  42
1
  10
9.37000381000762
  20
38.3500127000254
  42
1
  97
1
  330
1716
  75
0
  76
1
  47
0.8681437583925616
  98
1
  10
3.629517071192367
  20
33.92795499968543
  450
0
  451
0
  460
0
  461
0
  452
1
  462
1
  453
2
  463
0
  63
5
  421
255
  463
1
  63
7
  421
16777215
  470
LINEAR
  1001
ACAD
  1010
0
  1020
0
  1030
0
  0
HATCH
  5
1720
  100
AcDbEntity
  8
Hole Layer
  100
AcDbHatch
  10
0
  20
0
  30
0
  210
0
  220
0
  230
1
  2
SOLID
  70
1
  71
0
  91
1
  92
7
  72
1
  73
1
  93
2
  10
8.470001270002541
  20
40.89001778003556
  42
1
  10
9.37000381000762
  20
40.89001778003556
  42
1
  97
1
  330
1719
  75
0
  76
1
  47
0.8681437583925616
  98
1
  10
3.629517071192367
  20
33.92795499968543
  450
0
  451
0
  460
0
  461
0
  452
1
  462
1
  453
2
  463
0
  63
5
  421
255
  463
1
  63
7
  421
16777215
  470
LINEAR
  1001
ACAD
  1010
0
  1020
0
  1030
0
  0
HATCH
  5
1721
  100
AcDbEntity
  8
Hole Layer
  100
AcDbHatch
  10
0
  20
0
  30
0
  210
0
  220
0
  230
1
  2
SOLID
  70
1
  71
0
  91
1
  92
7
  72
1
  73
1
  93
2
  10
8.470001270002541
  20
40.89001778003556
  42
1
  10
9.37000381000762
  20
40.89001778003556
  42
1
  97
1
  330
1719
  75
0
  76
1
  47
0.8681437583925616
  98
1
  10
3.629517071192367
  20
33.92795499968543
  450
0
  451
0
  460
0
  461
0
  452
1
  462
1
  453
2
  463
0
  63
5
  421
255
  463
1
  63
7
  421
16777215
  470
LINEAR
  1001
ACAD
  1010
0
  1020
0
  1030
0
  0
HATCH
  5
1723
  100
AcDbEntity
  8
Hole Layer
  100
AcDbHatch
  10
0
  20
0
  30
0
  210
0
  220
0
  230
1
  2
SOLID
  70
1
  71
0
  91
1
  92
7
  72
1
  73
1
  93
2
  10
8.470001270002541
  20
43.43002286004572
  42
1
  10
9.37000381000762
  20
43.43002286004572
  42
1
  97
1
  330
1722
  75
0
  76
1
  47
0.8681437583925616
  98
1
  10
3.629517071192367
  20
33.92795499968543
  450
0
  451
0
  460
0
  461
0
  452
1
  462
1
  453
2
  463
0
  63
5
  421
255
  463
1
  63
7
  421
16777215
  470
LINEAR
  1001
ACAD
  1010
0
  1020
0
  1030
0
  0
HATCH
  5
1724
  100
AcDbEntity
  8
Hole Layer
  100
AcDbHatch
  10
0
  20
0
  30
0
  210
0
  220
0
  230
1
  2
SOLID
  70
1
  71
0
  91
1
  92
7
  72
1
  73
1
  93
2
  10
8.470001270002541
  20
43.43002286004572
  42
1
  10
9.37000381000762
  20
43.43002286004572
  42
1
  97
1
  330
1722
  75
0
  76
1
  47
0.8681437583925616
  98
1
  10
3.629517071192367
  20
33.92795499968543
  450
0
  451
0
  460
0
  461
0
  452
1
  462
1
  453
2
  463
0
  63
5
  421
255
  463
1
  63
7
  421
16777215
  470
LINEAR
  1001
ACAD
  1010
0
  1020
0
  1030
0
  0
HATCH
  5
1726
  100
AcDbEntity
  8
Hole Layer
  100
AcDbHatch
  10
0
  20
0
  30
0
  210
0
  220
0
  230
1
  2
SOLID
  70
1
  71
0
  91
1
  92
7
  72
1
  73
1
  93
2
  10
8.470001270002541
  20
45.97002794005588
  42
1
  10
9.37000381000762
  20
45.97002794005588
  42
1
  97
1
  330
1725
  75
0
  76
1
  47
0.8681437583925616
  98
1
  10
3.629517071192367
  20
33.92795499968543
  450
0
  451
0
  460
0
  461
0
  452
1
  462
1
  453
2
  463
0
  63
5
  421
255
  463
1
  63
7
  421
16777215
  470
LINEAR
  1001
ACAD
  1010
0
  1020
0
  1030
0
  0
HATCH
  5
1727
  100
AcDbEntity
  8
Hole Layer
  100
AcDbHatch
  10
0
  20
0
  30
0
  210
0
  220
0
  230
1
  2
SOLID
  70
1
  71
0
  91
1
  92
7
  72
1
  73
1
  93
2
  10
8.470001270002541
  20
45.97002794005588
  42
1
  10
9.37000381000762
  20
45.97002794005588
  42
1
  97
1
  330
1725
  75
0
  76
1
  47
0.8681437583925616
  98
1
  10
3.629517071192367
  20
33.92795499968543
  450
0
  451
0
  460
0
  461
0
  452
1
  462
1
  453
2
  463
0
  63
5
  421
255
  463
1
  63
7
  421
16777215
  470
LINEAR
  1001
ACAD
  1010
0
  1020
0
  1030
0
  0
HATCH
  5
1729
  100
AcDbEntity
  8
Hole Layer
  100
AcDbHatch
  10
0
  20
0
  30
0
  210
0
  220
0
  230
1
  2
SOLID
  70
1
  71
0
  91
1
  92
7
  72
1
  73
1
  93
2
  10
8.470001270002541
  20
48.51003302006604
  42
1
  10
9.37000381000762
  20
48.51003302006604
  42
1
  97
1
  330
1728
  75
0
  76
1
  47
0.8681437583925616
  98
1
  10
3.629517071192367
  20
33.92795499968543
  450
0
  451
0
  460
0
  461
0
  452
1
  462
1
  453
2
  463
0
  63
5
  421
255
  463
1
  63
7
  421
16777215
  470
LINEAR
  1001
ACAD
  1010
0
  1020
0
  1030
0
  0
HATCH
  5
1730
  100
AcDbEntity
  8
Hole Layer
  100
AcDbHatch
  10
0
  20
0
  30
0
  210
0
  220
0
  230
1
  2
SOLID
  70
1
  71
0
  91
1
  92
7
  72
1
  73
1
  93
2
  10
8.470001270002541
  20
48.51003302006604
  42
1
  10
9.37000381000762
  20
48.51003302006604
  42
1
  97
1
  330
1728
  75
0
  76
1
  47
0.8681437583925616
  98
1
  10
3.629517071192367
  20
33.92795499968543
  450
0
  451
0
  460
0
  461
0
  452
1
  462
1
  453
2
  463
0
  63
5
  421
255
  463
1
  63
7
  421
16777215
  470
LINEAR
  1001
ACAD
  1010
0
  1020
0
  1030
0
  0
HATCH
  5
1732
  100
AcDbEntity
  8
Hole Layer
  100
AcDbHatch
  10
0
  20
0
  30
0
  210
0
  220
0
  230
1
  2
SOLID
  70
1
  71
0
  91
1
  92
7
  72
1
  73
1
  93
2
  10
8.470001270002541
  20
30.729997459994923
  42
1
  10
9.37000381000762
  20
30.729997459994923
  42
1
  97
1
  330
1731
  75
0
  76
1
  47
0.8681437583925616
  98
1
  10
3.629517071192367
  20
33.92795499968543
  450
0
  451
0
  460
0
  461
0
  452
1
  462
1
  453
2
  463
0
  63
5
  421
255
  463
1
  63
7
  421
16777215
  470
LINEAR
  1001
ACAD
  1010
0
  1020
0
  1030
0
  0
HATCH
  5
1733
  100
AcDbEntity
  8
Hole Layer
  100
AcDbHatch
  10
0
  20
0
  30
0
  210
0
  220
0
  230
1
  2
SOLID
  70
1
  71
0
  91
1
  92
7
  72
1
  73
1
  93
2
  10
8.470001270002541
  20
30.729997459994923
  42
1
  10
9.37000381000762
  20
30.729997459994923
  42
1
  97
1
  330
1731
  75
0
  76
1
  47
0.8681437583925616
  98
1
  10
3.629517071192367
  20
33.92795499968543
  450
0
  451
0
  460
0
  461
0
  452
1
  462
1
  453
2
  463
0
  63
5
  421
255
  463
1
  63
7
  421
16777215
  470
LINEAR
  1001
ACAD
  1010
0
  1020
0
  1030
0
  0
HATCH
  5
1735
  100
AcDbEntity
  8
Hole Layer
  100
AcDbHatch
  10
0
  20
0
  30
0
  210
0
  220
0
  230
1
  2
SOLID
  70
1
  71
0
  91
1
  92
7
  72
1
  73
1
  93
2
  10
8.470001270002541
  20
51.0500381000762
  42
1
  10
9.37000381000762
  20
51.0500381000762
  42
1
  97
1
  330
1734
  75
0
  76
1
  47
0.8681437583925616
  98
1
  10
3.629517071192367
  20
33.92795499968543
  450
0
  451
0
  460
0
  461
0
  452
1
  462
1
  453
2
  463
0
  63
5
  421
255
  463
1
  63
7
  421
16777215
  470
LINEAR
  1001
ACAD
  1010
0
  1020
0
  1030
0
  0
HATCH
  5
1736
  100
AcDbEntity
  8
Hole Layer
  100
AcDbHatch
  10
0
  20
0
  30
0
  210
0
  220
0
  230
1
  2
SOLID
  70
1
  71
0
  91
1
  92
7
  72
1
  73
1
  93
2
  10
8.470001270002541
  20
51.0500381000762
  42
1
  10
9.37000381000762
  20
51.0500381000762
  42
1
  97
1
  330
1734
  75
0
  76
1
  47
0.8681437583925616
  98
1
  10
3.629517071192367
  20
33.92795499968543
  450
0
  451
0
  460
0
  461
0
  452
1
  462
1
  453
2
  463
0
  63
5
  421
255
  463
1
  63
7
  421
16777215
  470
LINEAR
  1001
ACAD
  1010
0
  1020
0
  1030
0
  0
HATCH
  5
1738
  100
AcDbEntity
  8
Hole Layer
  100
AcDbHatch
  10
0
  20
0
  30
0
  210
0
  220
0
  230
1
  2
SOLID
  70
1
  71
0
  91
1
  92
7
  72
1
  73
1
  93
2
  10
8.470001270002541
  20
28.189992379984762
  42
1
  10
9.37000381000762
  20
28.189992379984762
  42
1
  97
1
  330
1737
  75
0
  76
1
  47
0.8681437583925616
  98
1
  10
3.629517071192367
  20
33.92795499968543
  450
0
  451
0
  460
0
  461
0
  452
1
  462
1
  453
2
  463
0
  63
5
  421
255
  463
1
  63
7
  421
16777215
  470
LINEAR
  1001
ACAD
  1010
0
  1020
0
  1030
0
  0
HATCH
  5
1739
  100
AcDbEntity
  8
Hole Layer
  100
AcDbHatch
  10
0
  20
0
  30
0
  210
0
  220
0
  230
1
  2
SOLID
  70
1
  71
0
  91
1
  92
7
  72
1
  73
1
  93
2
  10
8.470001270002541
  20
28.189992379984762
  42
1
  10
9.37000381000762
  20
28.189992379984762
  42
1
  97
1
  330
1737
  75
0
  76
1
  47
0.8681437583925616
  98
1
  10
3.629517071192367
  20
33.92795499968543
  450
0
  451
0
  460
0
  461
0
  452
1
  462
1
  453
2
  463
0
  63
5
  421
255
  463
1
  63
7
  421
16777215
  470
LINEAR
  1001
ACAD
  1010
0
  1020
0
  1030
0
  0
HATCH
  5
1741
  100
AcDbEntity
  8
Hole Layer
  100
AcDbHatch
  10
0
  20
0
  30
0
  210
0
  220
0
  230
1
  2
SOLID
  70
1
  71
0
  91
1
  92
7
  72
1
  73
1
  93
2
  10
5.929996189992381
  20
25.6499872999746
  42
1
  10
6.8299987299974605
  20
25.6499872999746
  42
1
  97
1
  330
1740
  75
0
  76
1
  47
0.8681437583925616
  98
1
  10
3.629517071192367
  20
33.92795499968543
  450
0
  451
0
  460
0
  461
0
  452
1
  462
1
  453
2
  463
0
  63
5
  421
255
  463
1
  63
7
  421
16777215
  470
LINEAR
  1001
ACAD
  1010
0
  1020
0
  1030
0
  0
HATCH
  5
1742
  100
AcDbEntity
  8
Hole Layer
  100
AcDbHatch
  10
0
  20
0
  30
0
  210
0
  220
0
  230
1
  2
SOLID
  70
1
  71
0
  91
1
  92
7
  72
1
  73
1
  93
2
  10
5.929996189992381
  20
25.6499872999746
  42
1
  10
6.8299987299974605
  20
25.6499872999746
  42
1
  97
1
  330
1740
  75
0
  76
1
  47
0.8681437583925616
  98
1
  10
3.629517071192367
  20
33.92795499968543
  450
0
  451
0
  460
0
  461
0
  452
1
  462
1
  453
2
  463
0
  63
5
  421
255
  463
1
  63
7
  421
16777215
  470
LINEAR
  1001
ACAD
  1010
0
  1020
0
  1030
0
  0
HATCH
  5
1744
  100
AcDbEntity
  8
Hole Layer
  100
AcDbHatch
  10
0
  20
0
  30
0
  210
0
  220
0
  230
1
  2
SOLID
  70
1
  71
0
  91
1
  92
7
  72
1
  73
1
  93
2
  10
5.929996189992381
  20
23.10998221996444
  42
1
  10
6.8299987299974605
  20
23.10998221996444
  42
1
  97
1
  330
1743
  75
0
  76
1
  47
0.8681437583925616
  98
1
  10
3.629517071192367
  20
33.92795499968543
  450
0
  451
0
  460
0
  461
0
  452
1
  462
1
  453
2
  463
0
  63
5
  421
255
  463
1
  63
7
  421
16777215
  470
LINEAR
  1001
ACAD
  1010
0
  1020
0
  1030
0
  0
HATCH
  5
1745
  100
AcDbEntity
  8
Hole Layer
  100
AcDbHatch
  10
0
  20
0
  30
0
  210
0
  220
0
  230
1
  2
SOLID
  70
1
  71
0
  91
1
  92
7
  72
1
  73
1
  93
2
  10
5.929996189992381
  20
23.10998221996444
  42
1
  10
6.8299987299974605
  20
23.10998221996444
  42
1
  97
1
  330
1743
  75
0
  76
1
  47
0.8681437583925616
  98
1
  10
3.629517071192367
  20
33.92795499968543
  450
0
  451
0
  460
0
  461
0
  452
1
  462
1
  453
2
  463
0
  63
5
  421
255
  463
1
  63
7
  421
16777215
  470
LINEAR
  1001
ACAD
  1010
0
  1020
0
  1030
0
  0
HATCH
  5
1747
  100
AcDbEntity
  8
Hole Layer
  100
AcDbHatch
  10
0
  20
0
  30
0
  210
0
  220
0
  230
1
  2
SOLID
  70
1
  71
0
  91
1
  92
7
  72
1
  73
1
  93
2
  10
5.929996189992381
  20
20.569977139954283
  42
1
  10
6.8299987299974605
  20
20.569977139954283
  42
1
  97
1
  330
1746
  75
0
  76
1
  47
0.8681437583925616
  98
1
  10
3.629517071192367
  20
33.92795499968543
  450
0
  451
0
  460
0
  461
0
  452
1
  462
1
  453
2
  463
0
  63
5
  421
255
  463
1
  63
7
  421
16777215
  470
LINEAR
  1001
ACAD
  1010
0
  1020
0
  1030
0
  0
HATCH
  5
1748
  100
AcDbEntity
  8
Hole Layer
  100
AcDbHatch
  10
0
  20
0
  30
0
  210
0
  220
0
  230
1
  2
SOLID
  70
1
  71
0
  91
1
  92
7
  72
1
  73
1
  93
2
  10
5.929996189992381
  20
20.569977139954283
  42
1
  10
6.8299987299974605
  20
20.569977139954283
  42
1
  97
1
  330
1746
  75
0
  76
1
  47
0.8681437583925616
  98
1
  10
3.629517071192367
  20
33.92795499968543
  450
0
  451
0
  460
0
  461
0
  452
1
  462
1
  453
2
  463
0
  63
5
  421
255
  463
1
  63
7
  421
16777215
  470
LINEAR
  1001
ACAD
  1010
0
  1020
0
  1030
0
  0
HATCH
  5
1750
  100
AcDbEntity
  8
Hole Layer
  100
AcDbHatch
  10
0
  20
0
  30
0
  210
0
  220
0
  230
1
  2
SOLID
  70
1
  71
0
  91
1
  92
7
  72
1
  73
1
  93
2
  10
5.929996189992381
  20
18.02997205994412
  42
1
  10
6.8299987299974605
  20
18.02997205994412
  42
1
  97
1
  330
1749
  75
0
  76
1
  47
0.8681437583925616
  98
1
  10
3.629517071192367
  20
33.92795499968543
  450
0
  451
0
  460
0
  461
0
  452
1
  462
1
  453
2
  463
0
  63
5
  421
255
  463
1
  63
7
  421
16777215
  470
LINEAR
  1001
ACAD
  1010
0
  1020
0
  1030
0
  0
HATCH
  5
1751
  100
AcDbEntity
  8
Hole Layer
  100
AcDbHatch
  10
0
  20
0
  30
0
  210
0
  220
0
  230
1
  2
SOLID
  70
1
  71
0
  91
1
  92
7
  72
1
  73
1
  93
2
  10
5.929996189992381
  20
18.02997205994412
  42
1
  10
6.8299987299974605
  20
18.02997205994412
  42
1
  97
1
  330
1749
  75
0
  76
1
  47
0.8681437583925616
  98
1
  10
3.629517071192367
  20
33.92795499968543
  450
0
  451
0
  460
0
  461
0
  452
1
  462
1
  453
2
  463
0
  63
5
  421
255
  463
1
  63
7
  421
16777215
  470
LINEAR
  1001
ACAD
  1010
0
  1020
0
  1030
0
  0
HATCH
  5
1753
  100
AcDbEntity
  8
Hole Layer
  100
AcDbHatch
  10
0
  20
0
  30
0
  210
0
  220
0
  230
1
  2
SOLID
  70
1
  71
0
  91
1
  92
7
  72
1
  73
1
  93
2
  10
5.929996189992381
  20
15.48996697993396
  42
1
  10
6.8299987299974605
  20
15.48996697993396
  42
1
  97
1
  330
1752
  75
0
  76
1
  47
0.8681437583925616
  98
1
  10
3.629517071192367
  20
33.92795499968543
  450
0
  451
0
  460
0
  461
0
  452
1
  462
1
  453
2
  463
0
  63
5
  421
255
  463
1
  63
7
  421
16777215
  470
LINEAR
  1001
ACAD
  1010
0
  1020
0
  1030
0
  0
HATCH
  5
1754
  100
AcDbEntity
  8
Hole Layer
  100
AcDbHatch
  10
0
  20
0
  30
0
  210
0
  220
0
  230
1
  2
SOLID
  70
1
  71
0
  91
1
  92
7
  72
1
  73
1
  93
2
  10
5.929996189992381
  20
15.48996697993396
  42
1
  10
6.8299987299974605
  20
15.48996697993396
  42
1
  97
1
  330
1752
  75
0
  76
1
  47
0.8681437583925616
  98
1
  10
3.629517071192367
  20
33.92795499968543
  450
0
  451
0
  460
0
  461
0
  452
1
  462
1
  453
2
  463
0
  63
5
  421
255
  463
1
  63
7
  421
16777215
  470
LINEAR
  1001
ACAD
  1010
0
  1020
0
  1030
0
  0
HATCH
  5
1756
  100
AcDbEntity
  8
Hole Layer
  100
AcDbHatch
  10
0
  20
0
  30
0
  210
0
  220
0
  230
1
  2
SOLID
  70
1
  71
0
  91
1
  92
7
  72
1
  73
1
  93
2
  10
5.929996189992381
  20
12.9499618999238
  42
1
  10
6.8299987299974605
  20
12.9499618999238
  42
1
  97
1
  330
1755
  75
0
  76
1
  47
0.8681437583925616
  98
1
  10
3.629517071192367
  20
33.92795499968543
  450
0
  451
0
  460
0
  461
0
  452
1
  462
1
  453
2
  463
0
  63
5
  421
255
  463
1
  63
7
  421
16777215
  470
LINEAR
  1001
ACAD
  1010
0
  1020
0
  1030
0
  0
HATCH
  5
1757
  100
AcDbEntity
  8
Hole Layer
  100
AcDbHatch
  10
0
  20
0
  30
0
  210
0
  220
0
  230
1
  2
SOLID
  70
1
  71
0
  91
1
  92
7
  72
1
  73
1
  93
2
  10
5.929996189992381
  20
12.9499618999238
  42
1
  10
6.8299987299974605
  20
12.9499618999238
  42
1
  97
1
  330
1755
  75
0
  76
1
  47
0.8681437583925616
  98
1
  10
3.629517071192367
  20
33.92795499968543
  450
0
  451
0
  460
0
  461
0
  452
1
  462
1
  453
2
  463
0
  63
5
  421
255
  463
1
  63
7
  421
16777215
  470
LINEAR
  1001
ACAD
  1010
0
  1020
0
  1030
0
  0
HATCH
  5
1759
  100
AcDbEntity
  8
Hole Layer
  100
AcDbHatch
  10
0
  20
0
  30
0
  210
0
  220
0
  230
1
  2
SOLID
  70
1
  71
0
  91
1
  92
7
  72
1
  73
1
  93
2
  10
8.470001270002541
  20
25.6499872999746
  42
1
  10
9.37000381000762
  20
25.6499872999746
  42
1
  97
1
  330
1758
  75
0
  76
1
  47
0.8681437583925616
  98
1
  10
3.629517071192367
  20
33.92795499968543
  450
0
  451
0
  460
0
  461
0
  452
1
  462
1
  453
2
  463
0
  63
5
  421
255
  463
1
  63
7
  421
16777215
  470
LINEAR
  1001
ACAD
  1010
0
  1020
0
  1030
0
  0
HATCH
  5
1760
  100
AcDbEntity
  8
Hole Layer
  100
AcDbHatch
  10
0
  20
0
  30
0
  210
0
  220
0
  230
1
  2
SOLID
  70
1
  71
0
  91
1
  92
7
  72
1
  73
1
  93
2
  10
8.470001270002541
  20
25.6499872999746
  42
1
  10
9.37000381000762
  20
25.6499872999746
  42
1
  97
1
  330
1758
  75
0
  76
1
  47
0.8681437583925616
  98
1
  10
3.629517071192367
  20
33.92795499968543
  450
0
  451
0
  460
0
  461
0
  452
1
  462
1
  453
2
  463
0
  63
5
  421
255
  463
1
  63
7
  421
16777215
  470
LINEAR
  1001
ACAD
  1010
0
  1020
0
  1030
0
  0
HATCH
  5
1762
  100
AcDbEntity
  8
Hole Layer
  100
AcDbHatch
  10
0
  20
0
  30
0
  210
0
  220
0
  230
1
  2
SOLID
  70
1
  71
0
  91
1
  92
7
  72
1
  73
1
  93
2
  10
8.470001270002541
  20
23.10998221996444
  42
1
  10
9.37000381000762
  20
23.10998221996444
  42
1
  97
1
  330
1761
  75
0
  76
1
  47
0.8681437583925616
  98
1
  10
3.629517071192367
  20
33.92795499968543
  450
0
  451
0
  460
0
  461
0
  452
1
  462
1
  453
2
  463
0
  63
5
  421
255
  463
1
  63
7
  421
16777215
  470
LINEAR
  1001
ACAD
  1010
0
  1020
0
  1030
0
  0
HATCH
  5
1763
  100
AcDbEntity
  8
Hole Layer
  100
AcDbHatch
  10
0
  20
0
  30
0
  210
0
  220
0
  230
1
  2
SOLID
  70
1
  71
0
  91
1
  92
7
  72
1
  73
1
  93
2
  10
8.470001270002541
  20
23.10998221996444
  42
1
  10
9.37000381000762
  20
23.10998221996444
  42
1
  97
1
  330
1761
  75
0
  76
1
  47
0.8681437583925616
  98
1
  10
3.629517071192367
  20
33.92795499968543
  450
0
  451
0
  460
0
  461
0
  452
1
  462
1
  453
2
  463
0
  63
5
  421
255
  463
1
  63
7
  421
16777215
  470
LINEAR
  1001
ACAD
  1010
0
  1020
0
  1030
0
  0
HATCH
  5
1765
  100
AcDbEntity
  8
Hole Layer
  100
AcDbHatch
  10
0
  20
0
  30
0
  210
0
  220
0
  230
1
  2
SOLID
  70
1
  71
0
  91
1
  92
7
  72
1
  73
1
  93
2
  10
8.470001270002541
  20
20.569977139954283
  42
1
  10
9.37000381000762
  20
20.569977139954283
  42
1
  97
1
  330
1764
  75
0
  76
1
  47
0.8681437583925616
  98
1
  10
3.629517071192367
  20
33.92795499968543
  450
0
  451
0
  460
0
  461
0
  452
1
  462
1
  453
2
  463
0
  63
5
  421
255
  463
1
  63
7
  421
16777215
  470
LINEAR
  1001
ACAD
  1010
0
  1020
0
  1030
0
  0
HATCH
  5
1766
  100
AcDbEntity
  8
Hole Layer
  100
AcDbHatch
  10
0
  20
0
  30
0
  210
0
  220
0
  230
1
  2
SOLID
  70
1
  71
0
  91
1
  92
7
  72
1
  73
1
  93
2
  10
8.470001270002541
  20
20.569977139954283
  42
1
  10
9.37000381000762
  20
20.569977139954283
  42
1
  97
1
  330
1764
  75
0
  76
1
  47
0.8681437583925616
  98
1
  10
3.629517071192367
  20
33.92795499968543
  450
0
  451
0
  460
0
  461
0
  452
1
  462
1
  453
2
  463
0
  63
5
  421
255
  463
1
  63
7
  421
16777215
  470
LINEAR
  1001
ACAD
  1010
0
  1020
0
  1030
0
  0
HATCH
  5
1768
  100
AcDbEntity
  8
Hole Layer
  100
AcDbHatch
  10
0
  20
0
  30
0
  210
0
  220
0
  230
1
  2
SOLID
  70
1
  71
0
  91
1
  92
7
  72
1
  73
1
  93
2
  10
8.470001270002541
  20
18.02997205994412
  42
1
  10
9.37000381000762
  20
18.02997205994412
  42
1
  97
1
  330
1767
  75
0
  76
1
  47
0.8681437583925616
  98
1
  10
3.629517071192367
  20
33.92795499968543
  450
0
  451
0
  460
0
  461
0
  452
1
  462
1
  453
2
  463
0
  63
5
  421
255
  463
1
  63
7
  421
16777215
  470
LINEAR
  1001
ACAD
  1010
0
  1020
0
  1030
0
  0
HATCH
  5
1769
  100
AcDbEntity
  8
Hole Layer
  100
AcDbHatch
  10
0
  20
0
  30
0
  210
0
  220
0
  230
1
  2
SOLID
  70
1
  71
0
  91
1
  92
7
  72
1
  73
1
  93
2
  10
8.470001270002541
  20
18.02997205994412
  42
1
  10
9.37000381000762
  20
18.02997205994412
  42
1
  97
1
  330
1767
  75
0
  76
1
  47
0.8681437583925616
  98
1
  10
3.629517071192367
  20
33.92795499968543
  450
0
  451
0
  460
0
  461
0
  452
1
  462
1
  453
2
  463
0
  63
5
  421
255
  463
1
  63
7
  421
16777215
  470
LINEAR
  1001
ACAD
  1010
0
  1020
0
  1030
0
  0
HATCH
  5
1771
  100
AcDbEntity
  8
Hole Layer
  100
AcDbHatch
  10
0
  20
0
  30
0
  210
0
  220
0
  230
1
  2
SOLID
  70
1
  71
0
  91
1
  92
7
  72
1
  73
1
  93
2
  10
8.470001270002541
  20
15.48996697993396
  42
1
  10
9.37000381000762
  20
15.48996697993396
  42
1
  97
1
  330
1770
  75
0
  76
1
  47
0.8681437583925616
  98
1
  10
3.629517071192367
  20
33.92795499968543
  450
0
  451
0
  460
0
  461
0
  452
1
  462
1
  453
2
  463
0
  63
5
  421
255
  463
1
  63
7
  421
16777215
  470
LINEAR
  1001
ACAD
  1010
0
  1020
0
  1030
0
  0
HATCH
  5
1772
  100
AcDbEntity
  8
Hole Layer
  100
AcDbHatch
  10
0
  20
0
  30
0
  210
0
  220
0
  230
1
  2
SOLID
  70
1
  71
0
  91
1
  92
7
  72
1
  73
1
  93
2
  10
8.470001270002541
  20
15.48996697993396
  42
1
  10
9.37000381000762
  20
15.48996697993396
  42
1
  97
1
  330
1770
  75
0
  76
1
  47
0.8681437583925616
  98
1
  10
3.629517071192367
  20
33.92795499968543
  450
0
  451
0
  460
0
  461
0
  452
1
  462
1
  453
2
  463
0
  63
5
  421
255
  463
1
  63
7
  421
16777215
  470
LINEAR
  1001
ACAD
  1010
0
  1020
0
  1030
0
  0
HATCH
  5
1774
  100
AcDbEntity
  8
Hole Layer
  100
AcDbHatch
  10
0
  20
0
  30
0
  210
0
  220
0
  230
1
  2
SOLID
  70
1
  71
0
  91
1
  92
7
  72
1
  73
1
  93
2
  10
8.470001270002541
  20
12.9499618999238
  42
1
  10
9.37000381000762
  20
12.9499618999238
  42
1
  97
1
  330
1773
  75
0
  76
1
  47
0.8681437583925616
  98
1
  10
3.629517071192367
  20
33.92795499968543
  450
0
  451
0
  460
0
  461
0
  452
1
  462
1
  453
2
  463
0
  63
5
  421
255
  463
1
  63
7
  421
16777215
  470
LINEAR
  1001
ACAD
  1010
0
  1020
0
  1030
0
  0
HATCH
  5
1775
  100
AcDbEntity
  8
Hole Layer
  100
AcDbHatch
  10
0
  20
0
  30
0
  210
0
  220
0
  230
1
  2
SOLID
  70
1
  71
0
  91
1
  92
7
  72
1
  73
1
  93
2
  10
8.470001270002541
  20
12.9499618999238
  42
1
  10
9.37000381000762
  20
12.9499618999238
  42
1
  97
1
  330
1773
  75
0
  76
1
  47
0.8681437583925616
  98
1
  10
3.629517071192367
  20
33.92795499968543
  450
0
  451
0
  460
0
  461
0
  452
1
  462
1
  453
2
  463
0
  63
5
  421
255
  463
1
  63
7
  421
16777215
  470
LINEAR
  1001
ACAD
  1010
0
  1020
0
  1030
0
  0
HATCH
  5
1777
  100
AcDbEntity
  8
Hole Layer
  100
AcDbHatch
  10
0
  20
0
  30
0
  210
0
  220
0
  230
1
  2
SOLID
  70
1
  71
0
  91
1
  92
7
  72
1
  73
1
  93
2
  10
1.5551943103886212
  20
60.60000000000001
  42
1
  10
2.3171958343916694
  20
60.60000000000001
  42
1
  97
1
  330
1776
  75
0
  76
1
  47
0.8681437583925616
  98
1
  10
3.629517071192367
  20
33.92795499968543
  450
0
  451
0
  460
0
  461
0
  452
1
  462
1
  453
2
  463
0
  63
5
  421
255
  463
1
  63
7
  421
16777215
  470
LINEAR
  1001
ACAD
  1010
0
  1020
0
  1030
0
  0
HATCH
  5
1778
  100
AcDbEntity
  8
Hole Layer
  100
AcDbHatch
  10
0
  20
0
  30
0
  210
0
  220
0
  230
1
  2
SOLID
  70
1
  71
0
  91
1
  92
7
  72
1
  73
1
  93
2
  10
1.5551943103886212
  20
60.60000000000001
  42
1
  10
2.3171958343916694
  20
60.60000000000001
  42
1
  97
1
  330
1776
  75
0
  76
1
  47
0.8681437583925616
  98
1
  10
3.629517071192367
  20
33.92795499968543
  450
0
  451
0
  460
0
  461
0
  452
1
  462
1
  453
2
  463
0
  63
5
  421
255
  463
1
  63
7
  421
16777215
  470
LINEAR
  1001
ACAD
  1010
0
  1020
0
  1030
0
  0
HATCH
  5
1780
  100
AcDbEntity
  8
Hole Layer
  100
AcDbHatch
  10
0
  20
0
  30
0
  210
0
  220
0
  230
1
  2
SOLID
  70
1
  71
0
  91
1
  92
7
  72
1
  73
1
  93
2
  10
2.290901701803404
  20
58.871902463804936
  42
1
  10
3.052903225806452
  20
58.871902463804936
  42
1
  97
1
  330
1779
  75
0
  76
1
  47
0.8681437583925616
  98
1
  10
3.629517071192367
  20
33.92795499968543
  450
0
  451
0
  460
0
  461
0
  452
1
  462
1
  453
2
  463
0
  63
5
  421
255
  463
1
  63
7
  421
16777215
  470
LINEAR
  1001
ACAD
  1010
0
  1020
0
  1030
0
  0
HATCH
  5
1781
  100
AcDbEntity
  8
Hole Layer
  100
AcDbHatch
  10
0
  20
0
  30
0
  210
0
  220
0
  230
1
  2
SOLID
  70
1
  71
0
  91
1
  92
7
  72
1
  73
1
  93
2
  10
2.290901701803404
  20
58.871902463804936
  42
1
  10
3.052903225806452
  20
58.871902463804936
  42
1
  97
1
  330
1779
  75
0
  76
1
  47
0.8681437583925616
  98
1
  10
3.629517071192367
  20
33.92795499968543
  450
0
  451
0
  460
0
  461
0
  452
1
  462
1
  453
2
  463
0
  63
5
  421
255
  463
1
  63
7
  421
16777215
  470
LINEAR
  1001
ACAD
  1010
0
  1020
0
  1030
0
  0
HATCH
  5
1783
  100
AcDbEntity
  8
Hole Layer
  100
AcDbHatch
  10
0
  20
0
  30
0
  210
0
  220
0
  230
1
  2
SOLID
  70
1
  71
0
  91
1
  92
7
  72
1
  73
1
  93
2
  10
4.018999237998476
  20
58.15610871221743
  42
1
  10
4.781000762001525
  20
58.15610871221743
  42
1
  97
1
  330
1782
  75
0
  76
1
  47
0.8681437583925616
  98
1
  10
3.629517071192367
  20
33.92795499968543
  450
0
  451
0
  460
0
  461
0
  452
1
  462
1
  453
2
  463
0
  63
5
  421
255
  463
1
  63
7
  421
16777215
  470
LINEAR
  1001
ACAD
  1010
0
  1020
0
  1030
0
  0
HATCH
  5
1784
  100
AcDbEntity
  8
Hole Layer
  100
AcDbHatch
  10
0
  20
0
  30
0
  210
0
  220
0
  230
1
  2
SOLID
  70
1
  71
0
  91
1
  92
7
  72
1
  73
1
  93
2
  10
4.018999237998476
  20
58.15610871221743
  42
1
  10
4.781000762001525
  20
58.15610871221743
  42
1
  97
1
  330
1782
  75
0
  76
1
  47
0.8681437583925616
  98
1
  10
3.629517071192367
  20
33.92795499968543
  450
0
  451
0
  460
0
  461
0
  452
1
  462
1
  453
2
  463
0
  63
5
  421
255
  463
1
  63
7
  421
16777215
  470
LINEAR
  1001
ACAD
  1010
0
  1020
0
  1030
0
  0
HATCH
  5
1786
  100
AcDbEntity
  8
Hole Layer
  100
AcDbHatch
  10
0
  20
0
  30
0
  210
0
  220
0
  230
1
  2
SOLID
  70
1
  71
0
  91
1
  92
7
  72
1
  73
1
  93
2
  10
5.747091694183389
  20
58.8719075438151
  42
1
  10
6.509093218186438
  20
58.8719075438151
  42
1
  97
1
  330
1785
  75
0
  76
1
  47
0.8681437583925616
  98
1
  10
3.629517071192367
  20
33.92795499968543
  450
0
  451
0
  460
0
  461
0
  452
1
  462
1
  453
2
  463
0
  63
5
  421
255
  463
1
  63
7
  421
16777215
  470
LINEAR
  1001
ACAD
  1010
0
  1020
0
  1030
0
  0
HATCH
  5
1787
  100
AcDbEntity
  8
Hole Layer
  100
AcDbHatch
  10
0
  20
0
  30
0
  210
0
  220
0
  230
1
  2
SOLID
  70
1
  71
0
  91
1
  92
7
  72
1
  73
1
  93
2
  10
5.747091694183389
  20
58.8719075438151
  42
1
  10
6.509093218186438
  20
58.8719075438151
  42
1
  97
1
  330
1785
  75
0
  76
1
  47
0.8681437583925616
  98
1
  10
3.629517071192367
  20
33.92795499968543
  450
0
  451
0
  460
0
  461
0
  452
1
  462
1
  453
2
  463
0
  63
5
  421
255
  463
1
  63
7
  421
16777215
  470
LINEAR
  1001
ACAD
  1010
0
  1020
0
  1030
0
  0
HATCH
  5
1789
  100
AcDbEntity
  8
Hole Layer
  100
AcDbHatch
  10
0
  20
0
  30
0
  210
0
  220
0
  230
1
  2
SOLID
  70
1
  71
0
  91
1
  92
7
  72
1
  73
1
  93
2
  10
6.462893065786132
  20
60.60000000000001
  42
1
  10
7.224894589789181
  20
60.60000000000001
  42
1
  97
1
  330
1788
  75
0
  76
1
  47
0.8681437583925616
  98
1
  10
3.629517071192367
  20
33.92795499968543
  450
0
  451
0
  460
0
  461
0
  452
1
  462
1
  453
2
  463
0
  63
5
  421
255
  463
1
  63
7
  421
16777215
  470
LINEAR
  1001
ACAD
  1010
0
  1020
0
  1030
0
  0
HATCH
  5
1790
  100
AcDbEntity
  8
Hole Layer
  100
AcDbHatch
  10
0
  20
0
  30
0
  210
0
  220
0
  230
1
  2
SOLID
  70
1
  71
0
  91
1
  92
7
  72
1
  73
1
  93
2
  10
6.462893065786132
  20
60.60000000000001
  42
1
  10
7.224894589789181
  20
60.60000000000001
  42
1
  97
1
  330
1788
  75
0
  76
1
  47
0.8681437583925616
  98
1
  10
3.629517071192367
  20
33.92795499968543
  450
0
  451
0
  460
0
  461
0
  452
1
  462
1
  453
2
  463
0
  63
5
  421
255
  463
1
  63
7
  421
16777215
  470
LINEAR
  1001
ACAD
  1010
0
  1020
0
  1030
0
  0
HATCH
  5
1792
  100
AcDbEntity
  8
Hole Layer
  100
AcDbHatch
  10
0
  20
0
  30
0
  210
0
  220
0
  230
1
  2
SOLID
  70
1
  71
0
  91
1
  92
7
  72
1
  73
1
  93
2
  10
5.747096774193548
  20
62.32809753619508
  42
1
  10
6.509098298196597
  20
62.32809753619508
  42
1
  97
1
  330
1791
  75
0
  76
1
  47
0.8681437583925616
  98
1
  10
3.629517071192367
  20
33.92795499968543
  450
0
  451
0
  460
0
  461
0
  452
1
  462
1
  453
2
  463
0
  63
5
  421
255
  463
1
  63
7
  421
16777215
  470
LINEAR
  1001
ACAD
  1010
0
  1020
0
  1030
0
  0
HATCH
  5
1793
  100
AcDbEntity
  8
Hole Layer
  100
AcDbHatch
  10
0
  20
0
  30
0
  210
0
  220
0
  230
1
  2
SOLID
  70
1
  71
0
  91
1
  92
7
  72
1
  73
1
  93
2
  10
5.747096774193548
  20
62.32809753619508
  42
1
  10
6.509098298196597
  20
62.32809753619508
  42
1
  97
1
  330
1791
  75
0
  76
1
  47
0.8681437583925616
  98
1
  10
3.629517071192367
  20
33.92795499968543
  450
0
  451
0
  460
0
  461
0
  452
1
  462
1
  453
2
  463
0
  63
5
  421
255
  463
1
  63
7
  421
16777215
  470
LINEAR
  1001
ACAD
  1010
0
  1020
0
  1030
0
  0
HATCH
  5
1795
  100
AcDbEntity
  8
Hole Layer
  100
AcDbHatch
  10
0
  20
0
  30
0
  210
0
  220
0
  230
1
  2
SOLID
  70
1
  71
0
  91
1
  92
7
  72
1
  73
1
  93
2
  10
4.018999237998476
  20
63.04389382778766
  42
1
  10
4.781000762001525
  20
63.04389382778766
  42
1
  97
1
  330
1794
  75
0
  76
1
  47
0.8681437583925616
  98
1
  10
3.629517071192367
  20
33.92795499968543
  450
0
  451
0
  460
0
  461
0
  452
1
  462
1
  453
2
  463
0
  63
5
  421
255
  463
1
  63
7
  421
16777215
  470
LINEAR
  1001
ACAD
  1010
0
  1020
0
  1030
0
  0
HATCH
  5
1796
  100
AcDbEntity
  8
Hole Layer
  100
AcDbHatch
  10
0
  20
0
  30
0
  210
0
  220
0
  230
1
  2
SOLID
  70
1
  71
0
  91
1
  92
7
  72
1
  73
1
  93
2
  10
4.018999237998476
  20
63.04389382778766
  42
1
  10
4.781000762001525
  20
63.04389382778766
  42
1
  97
1
  330
1794
  75
0
  76
1
  47
0.8681437583925616
  98
1
  10
3.629517071192367
  20
33.92795499968543
  450
0
  451
0
  460
0
  461
0
  452
1
  462
1
  453
2
  463
0
  63
5
  421
255
  463
1
  63
7
  421
16777215
  470
LINEAR
  1001
ACAD
  1010
0
  1020
0
  1030
0
  0
HATCH
  5
1798
  100
AcDbEntity
  8
Hole Layer
  100
AcDbHatch
  10
0
  20
0
  30
0
  210
0
  220
0
  230
1
  2
SOLID
  70
1
  71
0
  91
1
  92
7
  72
1
  73
1
  93
2
  10
2.290906781813564
  20
62.32809245618492
  42
1
  10
3.052908305816612
  20
62.32809245618492
  42
1
  97
1
  330
1797
  75
0
  76
1
  47
0.8681437583925616
  98
1
  10
3.629517071192367
  20
33.92795499968543
  450
0
  451
0
  460
0
  461
0
  452
1
  462
1
  453
2
  463
0
  63
5
  421
255
  463
1
  63
7
  421
16777215
  470
LINEAR
  1001
ACAD
  1010
0
  1020
0
  1030
0
  0
HATCH
  5
1799
  100
AcDbEntity
  8
Hole Layer
  100
AcDbHatch
  10
0
  20
0
  30
0
  210
0
  220
0
  230
1
  2
SOLID
  70
1
  71
0
  91
1
  92
7
  72
1
  73
1
  93
2
  10
2.290906781813564
  20
62.32809245618492
  42
1
  10
3.052908305816612
  20
62.32809245618492
  42
1
  97
1
  330
1797
  75
0
  76
1
  47
0.8681437583925616
  98
1
  10
3.629517071192367
  20
33.92795499968543
  450
0
  451
0
  460
0
  461
0
  452
1
  462
1
  453
2
  463
0
  63
5
  421
255
  463
1
  63
7
  421
16777215
  470
LINEAR
  1001
ACAD
  1010
0
  1020
0
  1030
0
  0
HATCH
  5
1801
  100
AcDbEntity
  8
Hole Layer
  100
AcDbHatch
  10
0
  20
0
  30
0
  210
0
  220
0
  230
1
  2
SOLID
  70
1
  71
0
  91
1
  92
7
  72
1
  73
1
  93
2
  10
2.70000127000254
  20
60.60000000000001
  42
1
  10
6.099998729997461
  20
60.60000000000001
  42
1
  97
1
  330
1800
  75
0
  76
1
  47
0.8681437583925616
  98
1
  10
3.629517071192367
  20
33.92795499968543
  450
0
  451
0
  460
0
  461
0
  452
1
  462
1
  453
2
  463
0
  63
5
  421
255
  463
1
  63
7
  421
16777215
  470
LINEAR
  1001
ACAD
  1010
0
  1020
0
  1030
0
  0
HATCH
  5
1802
  100
AcDbEntity
  8
Hole Layer
  100
AcDbHatch
  10
0
  20
0
  30
0
  210
0
  220
0
  230
1
  2
SOLID
  70
1
  71
0
  91
1
  92
7
  72
1
  73
1
  93
2
  10
2.70000127000254
  20
60.60000000000001
  42
1
  10
6.099998729997461
  20
60.60000000000001
  42
1
  97
1
  330
1800
  75
0
  76
1
  47
0.8681437583925616
  98
1
  10
3.629517071192367
  20
33.92795499968543
  450
0
  451
0
  460
0
  461
0
  452
1
  462
1
  453
2
  463
0
  63
5
  421
255
  463
1
  63
7
  421
16777215
  470
LINEAR
  1001
ACAD
  1010
0
  1020
0
  1030
0
  0
HATCH
  5
1804
  100
AcDbEntity
  8
Hole Layer
  100
AcDbHatch
  10
0
  20
0
  30
0
  210
0
  220
0
  230
1
  2
SOLID
  70
1
  71
0
  91
1
  92
7
  72
1
  73
1
  93
2
  10
1.5551943103886212
  20
4.4
  42
1
  10
2.3171958343916694
  20
4.4
  42
1
  97
1
  330
1803
  75
0
  76
1
  47
0.8681437583925616
  98
1
  10
3.629517071192367
  20
33.92795499968543
  450
0
  451
0
  460
0
  461
0
  452
1
  462
1
  453
2
  463
0
  63
5
  421
255
  463
1
  63
7
  421
16777215
  470
LINEAR
  1001
ACAD
  1010
0
  1020
0
  1030
0
  0
HATCH
  5
1805
  100
AcDbEntity
  8
Hole Layer
  100
AcDbHatch
  10
0
  20
0
  30
0
  210
0
  220
0
  230
1
  2
SOLID
  70
1
  71
0
  91
1
  92
7
  72
1
  73
1
  93
2
  10
1.5551943103886212
  20
4.4
  42
1
  10
2.3171958343916694
  20
4.4
  42
1
  97
1
  330
1803
  75
0
  76
1
  47
0.8681437583925616
  98
1
  10
3.629517071192367
  20
33.92795499968543
  450
0
  451
0
  460
0
  461
0
  452
1
  462
1
  453
2
  463
0
  63
5
  421
255
  463
1
  63
7
  421
16777215
  470
LINEAR
  1001
ACAD
  1010
0
  1020
0
  1030
0
  0
HATCH
  5
1807
  100
AcDbEntity
  8
Hole Layer
  100
AcDbHatch
  10
0
  20
0
  30
0
  210
0
  220
0
  230
1
  2
SOLID
  70
1
  71
0
  91
1
  92
7
  72
1
  73
1
  93
2
  10
2.290901701803404
  20
2.671902463804928
  42
1
  10
3.052903225806452
  20
2.671902463804928
  42
1
  97
1
  330
1806
  75
0
  76
1
  47
0.8681437583925616
  98
1
  10
3.629517071192367
  20
33.92795499968543
  450
0
  451
0
  460
0
  461
0
  452
1
  462
1
  453
2
  463
0
  63
5
  421
255
  463
1
  63
7
  421
16777215
  470
LINEAR
  1001
ACAD
  1010
0
  1020
0
  1030
0
  0
HATCH
  5
1808
  100
AcDbEntity
  8
Hole Layer
  100
AcDbHatch
  10
0
  20
0
  30
0
  210
0
  220
0
  230
1
  2
SOLID
  70
1
  71
0
  91
1
  92
7
  72
1
  73
1
  93
2
  10
2.290901701803404
  20
2.671902463804928
  42
1
  10
3.052903225806452
  20
2.671902463804928
  42
1
  97
1
  330
1806
  75
0
  76
1
  47
0.8681437583925616
  98
1
  10
3.629517071192367
  20
33.92795499968543
  450
0
  451
0
  460
0
  461
0
  452
1
  462
1
  453
2
  463
0
  63
5
  421
255
  463
1
  63
7
  421
16777215
  470
LINEAR
  1001
ACAD
  1010
0
  1020
0
  1030
0
  0
HATCH
  5
1810
  100
AcDbEntity
  8
Hole Layer
  100
AcDbHatch
  10
0
  20
0
  30
0
  210
0
  220
0
  230
1
  2
SOLID
  70
1
  71
0
  91
1
  92
7
  72
1
  73
1
  93
2
  10
4.018999237998476
  20
1.9561087122174252
  42
1
  10
4.781000762001525
  20
1.9561087122174252
  42
1
  97
1
  330
1809
  75
0
  76
1
  47
0.8681437583925616
  98
1
  10
3.629517071192367
  20
33.92795499968543
  450
0
  451
0
  460
0
  461
0
  452
1
  462
1
  453
2
  463
0
  63
5
  421
255
  463
1
  63
7
  421
16777215
  470
LINEAR
  1001
ACAD
  1010
0
  1020
0
  1030
0
  0
HATCH
  5
1811
  100
AcDbEntity
  8
Hole Layer
  100
AcDbHatch
  10
0
  20
0
  30
0
  210
0
  220
0
  230
1
  2
SOLID
  70
1
  71
0
  91
1
  92
7
  72
1
  73
1
  93
2
  10
4.018999237998476
  20
1.9561087122174252
  42
1
  10
4.781000762001525
  20
1.9561087122174252
  42
1
  97
1
  330
1809
  75
0
  76
1
  47
0.8681437583925616
  98
1
  10
3.629517071192367
  20
33.92795499968543
  450
0
  451
0
  460
0
  461
0
  452
1
  462
1
  453
2
  463
0
  63
5
  421
255
  463
1
  63
7
  421
16777215
  470
LINEAR
  1001
ACAD
  1010
0
  1020
0
  1030
0
  0
HATCH
  5
1813
  100
AcDbEntity
  8
Hole Layer
  100
AcDbHatch
  10
0
  20
0
  30
0
  210
0
  220
0
  230
1
  2
SOLID
  70
1
  71
0
  91
1
  92
7
  72
1
  73
1
  93
2
  10
5.747091694183389
  20
2.671907543815088
  42
1
  10
6.509093218186438
  20
2.671907543815088
  42
1
  97
1
  330
1812
  75
0
  76
1
  47
0.8681437583925616
  98
1
  10
3.629517071192367
  20
33.92795499968543
  450
0
  451
0
  460
0
  461
0
  452
1
  462
1
  453
2
  463
0
  63
5
  421
255
  463
1
  63
7
  421
16777215
  470
LINEAR
  1001
ACAD
  1010
0
  1020
0
  1030
0
  0
HATCH
  5
1814
  100
AcDbEntity
  8
Hole Layer
  100
AcDbHatch
  10
0
  20
0
  30
0
  210
0
  220
0
  230
1
  2
SOLID
  70
1
  71
0
  91
1
  92
7
  72
1
  73
1
  93
2
  10
5.747091694183389
  20
2.671907543815088
  42
1
  10
6.509093218186438
  20
2.671907543815088
  42
1
  97
1
  330
1812
  75
0
  76
1
  47
0.8681437583925616
  98
1
  10
3.629517071192367
  20
33.92795499968543
  450
0
  451
0
  460
0
  461
0
  452
1
  462
1
  453
2
  463
0
  63
5
  421
255
  463
1
  63
7
  421
16777215
  470
LINEAR
  1001
ACAD
  1010
0
  1020
0
  1030
0
  0
HATCH
  5
1816
  100
AcDbEntity
  8
Hole Layer
  100
AcDbHatch
  10
0
  20
0
  30
0
  210
0
  220
0
  230
1
  2
SOLID
  70
1
  71
0
  91
1
  92
7
  72
1
  73
1
  93
2
  10
6.462893065786132
  20
4.4
  42
1
  10
7.224894589789181
  20
4.4
  42
1
  97
1
  330
1815
  75
0
  76
1
  47
0.8681437583925616
  98
1
  10
3.629517071192367
  20
33.92795499968543
  450
0
  451
0
  460
0
  461
0
  452
1
  462
1
  453
2
  463
0
  63
5
  421
255
  463
1
  63
7
  421
16777215
  470
LINEAR
  1001
ACAD
  1010
0
  1020
0
  1030
0
  0
HATCH
  5
1817
  100
AcDbEntity
  8
Hole Layer
  100
AcDbHatch
  10
0
  20
0
  30
0
  210
0
  220
0
  230
1
  2
SOLID
  70
1
  71
0
  91
1
  92
7
  72
1
  73
1
  93
2
  10
6.462893065786132
  20
4.4
  42
1
  10
7.224894589789181
  20
4.4
  42
1
  97
1
  330
1815
  75
0
  76
1
  47
0.8681437583925616
  98
1
  10
3.629517071192367
  20
33.92795499968543
  450
0
  451
0
  460
0
  461
0
  452
1
  462
1
  453
2
  463
0
  63
5
  421
255
  463
1
  63
7
  421
16777215
  470
LINEAR
  1001
ACAD
  1010
0
  1020
0
  1030
0
  0
HATCH
  5
1819
  100
AcDbEntity
  8
Hole Layer
  100
AcDbHatch
  10
0
  20
0
  30
0
  210
0
  220
0
  230
1
  2
SOLID
  70
1
  71
0
  91
1
  92
7
  72
1
  73
1
  93
2
  10
5.747096774193548
  20
6.128097536195073
  42
1
  10
6.509098298196597
  20
6.128097536195073
  42
1
  97
1
  330
1818
  75
0
  76
1
  47
0.8681437583925616
  98
1
  10
3.629517071192367
  20
33.92795499968543
  450
0
  451
0
  460
0
  461
0
  452
1
  462
1
  453
2
  463
0
  63
5
  421
255
  463
1
  63
7
  421
16777215
  470
LINEAR
  1001
ACAD
  1010
0
  1020
0
  1030
0
  0
HATCH
  5
1820
  100
AcDbEntity
  8
Hole Layer
  100
AcDbHatch
  10
0
  20
0
  30
0
  210
0
  220
0
  230
1
  2
SOLID
  70
1
  71
0
  91
1
  92
7
  72
1
  73
1
  93
2
  10
5.747096774193548
  20
6.128097536195073
  42
1
  10
6.509098298196597
  20
6.128097536195073
  42
1
  97
1
  330
1818
  75
0
  76
1
  47
0.8681437583925616
  98
1
  10
3.629517071192367
  20
33.92795499968543
  450
0
  451
0
  460
0
  461
0
  452
1
  462
1
  453
2
  463
0
  63
5
  421
255
  463
1
  63
7
  421
16777215
  470
LINEAR
  1001
ACAD
  1010
0
  1020
0
  1030
0
  0
HATCH
  5
1822
  100
AcDbEntity
  8
Hole Layer
  100
AcDbHatch
  10
0
  20
0
  30
0
  210
0
  220
0
  230
1
  2
SOLID
  70
1
  71
0
  91
1
  92
7
  72
1
  73
1
  93
2
  10
4.018999237998476
  20
6.843893827787657
  42
1
  10
4.781000762001525
  20
6.843893827787657
  42
1
  97
1
  330
1821
  75
0
  76
1
  47
0.8681437583925616
  98
1
  10
3.629517071192367
  20
33.92795499968543
  450
0
  451
0
  460
0
  461
0
  452
1
  462
1
  453
2
  463
0
  63
5
  421
255
  463
1
  63
7
  421
16777215
  470
LINEAR
  1001
ACAD
  1010
0
  1020
0
  1030
0
  0
HATCH
  5
1823
  100
AcDbEntity
  8
Hole Layer
  100
AcDbHatch
  10
0
  20
0
  30
0
  210
0
  220
0
  230
1
  2
SOLID
  70
1
  71
0
  91
1
  92
7
  72
1
  73
1
  93
2
  10
4.018999237998476
  20
6.843893827787657
  42
1
  10
4.781000762001525
  20
6.843893827787657
  42
1
  97
1
  330
1821
  75
0
  76
1
  47
0.8681437583925616
  98
1
  10
3.629517071192367
  20
33.92795499968543
  450
0
  451
0
  460
0
  461
0
  452
1
  462
1
  453
2
  463
0
  63
5
  421
255
  463
1
  63
7
  421
16777215
  470
LINEAR
  1001
ACAD
  1010
0
  1020
0
  1030
0
  0
HATCH
  5
1825
  100
AcDbEntity
  8
Hole Layer
  100
AcDbHatch
  10
0
  20
0
  30
0
  210
0
  220
0
  230
1
  2
SOLID
  70
1
  71
0
  91
1
  92
7
  72
1
  73
1
  93
2
  10
2.290906781813564
  20
6.1280924561849135
  42
1
  10
3.052908305816612
  20
6.1280924561849135
  42
1
  97
1
  330
1824
  75
0
  76
1
  47
0.8681437583925616
  98
1
  10
3.629517071192367
  20
33.92795499968543
  450
0
  451
0
  460
0
  461
0
  452
1
  462
1
  453
2
  463
0
  63
5
  421
255
  463
1
  63
7
  421
16777215
  470
LINEAR
  1001
ACAD
  1010
0
  1020
0
  1030
0
  0
HATCH
  5
1826
  100
AcDbEntity
  8
Hole Layer
  100
AcDbHatch
  10
0
  20
0
  30
0
  210
0
  220
0
  230
1
  2
SOLID
  70
1
  71
0
  91
1
  92
7
  72
1
  73
1
  93
2
  10
2.290906781813564
  20
6.1280924561849135
  42
1
  10
3.052908305816612
  20
6.1280924561849135
  42
1
  97
1
  330
1824
  75
0
  76
1
  47
0.8681437583925616
  98
1
  10
3.629517071192367
  20
33.92795499968543
  450
0
  451
0
  460
0
  461
0
  452
1
  462
1
  453
2
  463
0
  63
5
  421
255
  463
1
  63
7
  421
16777215
  470
LINEAR
  1001
ACAD
  1010
0
  1020
0
  1030
0
  0
HATCH
  5
1828
  100
AcDbEntity
  8
Hole Layer
  100
AcDbHatch
  10
0
  20
0
  30
0
  210
0
  220
0
  230
1
  2
SOLID
  70
1
  71
0
  91
1
  92
7
  72
1
  73
1
  93
2
  10
2.70000127000254
  20
4.4
  42
1
  10
6.099998729997461
  20
4.4
  42
1
  97
1
  330
1827
  75
0
  76
1
  47
0.8681437583925616
  98
1
  10
3.629517071192367
  20
33.92795499968543
  450
0
  451
0
  460
0
  461
0
  452
1
  462
1
  453
2
  463
0
  63
5
  421
255
  463
1
  63
7
  421
16777215
  470
LINEAR
  1001
ACAD
  1010
0
  1020
0
  1030
0
  0
HATCH
  5
1829
  100
AcDbEntity
  8
Hole Layer
  100
AcDbHatch
  10
0
  20
0
  30
0
  210
0
  220
0
  230
1
  2
SOLID
  70
1
  71
0
  91
1
  92
7
  72
1
  73
1
  93
2
  10
2.70000127000254
  20
4.4
  42
1
  10
6.099998729997461
  20
4.4
  42
1
  97
1
  330
1827
  75
0
  76
1
  47
0.8681437583925616
  98
1
  10
3.629517071192367
  20
33.92795499968543
  450
0
  451
0
  460
0
  461
0
  452
1
  462
1
  453
2
  463
0
  63
5
  421
255
  463
1
  63
7
  421
16777215
  470
LINEAR
  1001
ACAD
  1010
0
  1020
0
  1030
0
  0
HATCH
  5
1831
  100
AcDbEntity
  8
Hole Layer
  100
AcDbHatch
  10
0
  20
0
  30
0
  210
0
  220
0
  230
1
  2
SOLID
  70
1
  71
0
  91
1
  92
7
  72
1
  73
1
  93
2
  10
48.5552983505967
  20
4.4
  42
1
  10
49.317299874599755
  20
4.4
  42
1
  97
1
  330
1830
  75
0
  76
1
  47
0.8681437583925616
  98
1
  10
3.629517071192367
  20
33.92795499968543
  450
0
  451
0
  460
0
  461
0
  452
1
  462
1
  453
2
  463
0
  63
5
  421
255
  463
1
  63
7
  421
16777215
  470
LINEAR
  1001
ACAD
  1010
0
  1020
0
  1030
0
  0
HATCH
  5
1832
  100
AcDbEntity
  8
Hole Layer
  100
AcDbHatch
  10
0
  20
0
  30
0
  210
0
  220
0
  230
1
  2
SOLID
  70
1
  71
0
  91
1
  92
7
  72
1
  73
1
  93
2
  10
48.5552983505967
  20
4.4
  42
1
  10
49.317299874599755
  20
4.4
  42
1
  97
1
  330
1830
  75
0
  76
1
  47
0.8681437583925616
  98
1
  10
3.629517071192367
  20
33.92795499968543
  450
0
  451
0
  460
0
  461
0
  452
1
  462
1
  453
2
  463
0
  63
5
  421
255
  463
1
  63
7
  421
16777215
  470
LINEAR
  1001
ACAD
  1010
0
  1020
0
  1030
0
  0
HATCH
  5
1834
  100
AcDbEntity
  8
Hole Layer
  100
AcDbHatch
  10
0
  20
0
  30
0
  210
0
  220
0
  230
1
  2
SOLID
  70
1
  71
0
  91
1
  92
7
  72
1
  73
1
  93
2
  10
49.291005742011485
  20
2.671902463804928
  42
1
  10
50.05300726601454
  20
2.671902463804928
  42
1
  97
1
  330
1833
  75
0
  76
1
  47
0.8681437583925616
  98
1
  10
3.629517071192367
  20
33.92795499968543
  450
0
  451
0
  460
0
  461
0
  452
1
  462
1
  453
2
  463
0
  63
5
  421
255
  463
1
  63
7
  421
16777215
  470
LINEAR
  1001
ACAD
  1010
0
  1020
0
  1030
0
  0
HATCH
  5
1835
  100
AcDbEntity
  8
Hole Layer
  100
AcDbHatch
  10
0
  20
0
  30
0
  210
0
  220
0
  230
1
  2
SOLID
  70
1
  71
0
  91
1
  92
7
  72
1
  73
1
  93
2
  10
49.291005742011485
  20
2.671902463804928
  42
1
  10
50.05300726601454
  20
2.671902463804928
  42
1
  97
1
  330
1833
  75
0
  76
1
  47
0.8681437583925616
  98
1
  10
3.629517071192367
  20
33.92795499968543
  450
0
  451
0
  460
0
  461
0
  452
1
  462
1
  453
2
  463
0
  63
5
  421
255
  463
1
  63
7
  421
16777215
  470
LINEAR
  1001
ACAD
  1010
0
  1020
0
  1030
0
  0
HATCH
  5
1837
  100
AcDbEntity
  8
Hole Layer
  100
AcDbHatch
  10
0
  20
0
  30
0
  210
0
  220
0
  230
1
  2
SOLID
  70
1
  71
0
  91
1
  92
7
  72
1
  73
1
  93
2
  10
51.01910327820655
  20
1.9561087122174252
  42
1
  10
51.781104802209605
  20
1.9561087122174252
  42
1
  97
1
  330
1836
  75
0
  76
1
  47
0.8681437583925616
  98
1
  10
3.629517071192367
  20
33.92795499968543
  450
0
  451
0
  460
0
  461
0
  452
1
  462
1
  453
2
  463
0
  63
5
  421
255
  463
1
  63
7
  421
16777215
  470
LINEAR
  1001
ACAD
  1010
0
  1020
0
  1030
0
  0
HATCH
  5
1838
  100
AcDbEntity
  8
Hole Layer
  100
AcDbHatch
  10
0
  20
0
  30
0
  210
0
  220
0
  230
1
  2
SOLID
  70
1
  71
0
  91
1
  92
7
  72
1
  73
1
  93
2
  10
51.01910327820655
  20
1.9561087122174252
  42
1
  10
51.781104802209605
  20
1.9561087122174252
  42
1
  97
1
  330
1836
  75
0
  76
1
  47
0.8681437583925616
  98
1
  10
3.629517071192367
  20
33.92795499968543
  450
0
  451
0
  460
0
  461
0
  452
1
  462
1
  453
2
  463
0
  63
5
  421
255
  463
1
  63
7
  421
16777215
  470
LINEAR
  1001
ACAD
  1010
0
  1020
0
  1030
0
  0
HATCH
  5
1840
  100
AcDbEntity
  8
Hole Layer
  100
AcDbHatch
  10
0
  20
0
  30
0
  210
0
  220
0
  230
1
  2
SOLID
  70
1
  71
0
  91
1
  92
7
  72
1
  73
1
  93
2
  10
52.74719573439146
  20
2.671907543815088
  42
1
  10
53.509197258394515
  20
2.671907543815088
  42
1
  97
1
  330
1839
  75
0
  76
1
  47
0.8681437583925616
  98
1
  10
3.629517071192367
  20
33.92795499968543
  450
0
  451
0
  460
0
  461
0
  452
1
  462
1
  453
2
  463
0
  63
5
  421
255
  463
1
  63
7
  421
16777215
  470
LINEAR
  1001
ACAD
  1010
0
  1020
0
  1030
0
  0
HATCH
  5
1841
  100
AcDbEntity
  8
Hole Layer
  100
AcDbHatch
  10
0
  20
0
  30
0
  210
0
  220
0
  230
1
  2
SOLID
  70
1
  71
0
  91
1
  92
7
  72
1
  73
1
  93
2
  10
52.74719573439146
  20
2.671907543815088
  42
1
  10
53.509197258394515
  20
2.671907543815088
  42
1
  97
1
  330
1839
  75
0
  76
1
  47
0.8681437583925616
  98
1
  10
3.629517071192367
  20
33.92795499968543
  450
0
  451
0
  460
0
  461
0
  452
1
  462
1
  453
2
  463
0
  63
5
  421
255
  463
1
  63
7
  421
16777215
  470
LINEAR
  1001
ACAD
  1010
0
  1020
0
  1030
0
  0
HATCH
  5
1843
  100
AcDbEntity
  8
Hole Layer
  100
AcDbHatch
  10
0
  20
0
  30
0
  210
0
  220
0
  230
1
  2
SOLID
  70
1
  71
0
  91
1
  92
7
  72
1
  73
1
  93
2
  10
53.46299710599421
  20
4.4
  42
1
  10
54.224998629997266
  20
4.4
  42
1
  97
1
  330
1842
  75
0
  76
1
  47
0.8681437583925616
  98
1
  10
3.629517071192367
  20
33.92795499968543
  450
0
  451
0
  460
0
  461
0
  452
1
  462
1
  453
2
  463
0
  63
5
  421
255
  463
1
  63
7
  421
16777215
  470
LINEAR
  1001
ACAD
  1010
0
  1020
0
  1030
0
  0
HATCH
  5
1844
  100
AcDbEntity
  8
Hole Layer
  100
AcDbHatch
  10
0
  20
0
  30
0
  210
0
  220
0
  230
1
  2
SOLID
  70
1
  71
0
  91
1
  92
7
  72
1
  73
1
  93
2
  10
53.46299710599421
  20
4.4
  42
1
  10
54.224998629997266
  20
4.4
  42
1
  97
1
  330
1842
  75
0
  76
1
  47
0.8681437583925616
  98
1
  10
3.629517071192367
  20
33.92795499968543
  450
0
  451
0
  460
0
  461
0
  452
1
  462
1
  453
2
  463
0
  63
5
  421
255
  463
1
  63
7
  421
16777215
  470
LINEAR
  1001
ACAD
  1010
0
  1020
0
  1030
0
  0
HATCH
  5
1846
  100
AcDbEntity
  8
Hole Layer
  100
AcDbHatch
  10
0
  20
0
  30
0
  210
0
  220
0
  230
1
  2
SOLID
  70
1
  71
0
  91
1
  92
7
  72
1
  73
1
  93
2
  10
52.74720081440162
  20
6.128097536195073
  42
1
  10
53.50920233840468
  20
6.128097536195073
  42
1
  97
1
  330
1845
  75
0
  76
1
  47
0.8681437583925616
  98
1
  10
3.629517071192367
  20
33.92795499968543
  450
0
  451
0
  460
0
  461
0
  452
1
  462
1
  453
2
  463
0
  63
5
  421
255
  463
1
  63
7
  421
16777215
  470
LINEAR
  1001
ACAD
  1010
0
  1020
0
  1030
0
  0
HATCH
  5
1847
  100
AcDbEntity
  8
Hole Layer
  100
AcDbHatch
  10
0
  20
0
  30
0
  210
0
  220
0
  230
1
  2
SOLID
  70
1
  71
0
  91
1
  92
7
  72
1
  73
1
  93
2
  10
52.74720081440162
  20
6.128097536195073
  42
1
  10
53.50920233840468
  20
6.128097536195073
  42
1
  97
1
  330
1845
  75
0
  76
1
  47
0.8681437583925616
  98
1
  10
3.629517071192367
  20
33.92795499968543
  450
0
  451
0
  460
0
  461
0
  452
1
  462
1
  453
2
  463
0
  63
5
  421
255
  463
1
  63
7
  421
16777215
  470
LINEAR
  1001
ACAD
  1010
0
  1020
0
  1030
0
  0
HATCH
  5
1849
  100
AcDbEntity
  8
Hole Layer
  100
AcDbHatch
  10
0
  20
0
  30
0
  210
0
  220
0
  230
1
  2
SOLID
  70
1
  71
0
  91
1
  92
7
  72
1
  73
1
  93
2
  10
51.01910327820655
  20
6.843893827787657
  42
1
  10
51.781104802209605
  20
6.843893827787657
  42
1
  97
1
  330
1848
  75
0
  76
1
  47
0.8681437583925616
  98
1
  10
3.629517071192367
  20
33.92795499968543
  450
0
  451
0
  460
0
  461
0
  452
1
  462
1
  453
2
  463
0
  63
5
  421
255
  463
1
  63
7
  421
16777215
  470
LINEAR
  1001
ACAD
  1010
0
  1020
0
  1030
0
  0
HATCH
  5
1850
  100
AcDbEntity
  8
Hole Layer
  100
AcDbHatch
  10
0
  20
0
  30
0
  210
0
  220
0
  230
1
  2
SOLID
  70
1
  71
0
  91
1
  92
7
  72
1
  73
1
  93
2
  10
51.01910327820655
  20
6.843893827787657
  42
1
  10
51.781104802209605
  20
6.843893827787657
  42
1
  97
1
  330
1848
  75
0
  76
1
  47
0.8681437583925616
  98
1
  10
3.629517071192367
  20
33.92795499968543
  450
0
  451
0
  460
0
  461
0
  452
1
  462
1
  453
2
  463
0
  63
5
  421
255
  463
1
  63
7
  421
16777215
  470
LINEAR
  1001
ACAD
  1010
0
  1020
0
  1030
0
  0
HATCH
  5
1852
  100
AcDbEntity
  8
Hole Layer
  100
AcDbHatch
  10
0
  20
0
  30
0
  210
0
  220
0
  230
1
  2
SOLID
  70
1
  71
0
  91
1
  92
7
  72
1
  73
1
  93
2
  10
49.29101082202165
  20
6.1280924561849135
  42
1
  10
50.0530123460247
  20
6.1280924561849135
  42
1
  97
1
  330
1851
  75
0
  76
1
  47
0.8681437583925616
  98
1
  10
3.629517071192367
  20
33.92795499968543
  450
0
  451
0
  460
0
  461
0
  452
1
  462
1
  453
2
  463
0
  63
5
  421
255
  463
1
  63
7
  421
16777215
  470
LINEAR
  1001
ACAD
  1010
0
  1020
0
  1030
0
  0
HATCH
  5
1853
  100
AcDbEntity
  8
Hole Layer
  100
AcDbHatch
  10
0
  20
0
  30
0
  210
0
  220
0
  230
1
  2
SOLID
  70
1
  71
0
  91
1
  92
7
  72
1
  73
1
  93
2
  10
49.29101082202165
  20
6.1280924561849135
  42
1
  10
50.0530123460247
  20
6.1280924561849135
  42
1
  97
1
  330
1851
  75
0
  76
1
  47
0.8681437583925616
  98
1
  10
3.629517071192367
  20
33.92795499968543
  450
0
  451
0
  460
0
  461
0
  452
1
  462
1
  453
2
  463
0
  63
5
  421
255
  463
1
  63
7
  421
16777215
  470
LINEAR
  1001
ACAD
  1010
0
  1020
0
  1030
0
  0
HATCH
  5
1855
  100
AcDbEntity
  8
Hole Layer
  100
AcDbHatch
  10
0
  20
0
  30
0
  210
0
  220
0
  230
1
  2
SOLID
  70
1
  71
0
  91
1
  92
7
  72
1
  73
1
  93
2
  10
49.70010531021062
  20
4.4
  42
1
  10
53.10010277020554
  20
4.4
  42
1
  97
1
  330
1854
  75
0
  76
1
  47
0.8681437583925616
  98
1
  10
3.629517071192367
  20
33.92795499968543
  450
0
  451
0
  460
0
  461
0
  452
1
  462
1
  453
2
  463
0
  63
5
  421
255
  463
1
  63
7
  421
16777215
  470
LINEAR
  1001
ACAD
  1010
0
  1020
0
  1030
0
  0
HATCH
  5
1856
  100
AcDbEntity
  8
Hole Layer
  100
AcDbHatch
  10
0
  20
0
  30
0
  210
0
  220
0
  230
1
  2
SOLID
  70
1
  71
0
  91
1
  92
7
  72
1
  73
1
  93
2
  10
49.70010531021062
  20
4.4
  42
1
  10
53.10010277020554
  20
4.4
  42
1
  97
1
  330
1854
  75
0
  76
1
  47
0.8681437583925616
  98
1
  10
3.629517071192367
  20
33.92795499968543
  450
0
  451
0
  460
0
  461
0
  452
1
  462
1
  453
2
  463
0
  63
5
  421
255
  463
1
  63
7
  421
16777215
  470
LINEAR
  1001
ACAD
  1010
0
  1020
0
  1030
0
  0
HATCH
  5
1858
  100
AcDbEntity
  8
Hole Layer
  100
AcDbHatch
  10
0
  20
0
  30
0
  210
0
  220
0
  230
1
  2
SOLID
  70
1
  71
0
  91
1
  92
7
  72
1
  73
1
  93
2
  10
48.555204370408745
  20
60.60000000000001
  42
1
  10
49.3172058944118
  20
60.60000000000001
  42
1
  97
1
  330
1857
  75
0
  76
1
  47
0.8681437583925616
  98
1
  10
3.629517071192367
  20
33.92795499968543
  450
0
  451
0
  460
0
  461
0
  452
1
  462
1
  453
2
  463
0
  63
5
  421
255
  463
1
  63
7
  421
16777215
  470
LINEAR
  1001
ACAD
  1010
0
  1020
0
  1030
0
  0
HATCH
  5
1859
  100
AcDbEntity
  8
Hole Layer
  100
AcDbHatch
  10
0
  20
0
  30
0
  210
0
  220
0
  230
1
  2
SOLID
  70
1
  71
0
  91
1
  92
7
  72
1
  73
1
  93
2
  10
48.555204370408745
  20
60.60000000000001
  42
1
  10
49.3172058944118
  20
60.60000000000001
  42
1
  97
1
  330
1857
  75
0
  76
1
  47
0.8681437583925616
  98
1
  10
3.629517071192367
  20
33.92795499968543
  450
0
  451
0
  460
0
  461
0
  452
1
  462
1
  453
2
  463
0
  63
5
  421
255
  463
1
  63
7
  421
16777215
  470
LINEAR
  1001
ACAD
  1010
0
  1020
0
  1030
0
  0
HATCH
  5
1861
  100
AcDbEntity
  8
Hole Layer
  100
AcDbHatch
  10
0
  20
0
  30
0
  210
0
  220
0
  230
1
  2
SOLID
  70
1
  71
0
  91
1
  92
7
  72
1
  73
1
  93
2
  10
49.29091176182353
  20
58.871902463804936
  42
1
  10
50.052913285826584
  20
58.871902463804936
  42
1
  97
1
  330
1860
  75
0
  76
1
  47
0.8681437583925616
  98
1
  10
3.629517071192367
  20
33.92795499968543
  450
0
  451
0
  460
0
  461
0
  452
1
  462
1
  453
2
  463
0
  63
5
  421
255
  463
1
  63
7
  421
16777215
  470
LINEAR
  1001
ACAD
  1010
0
  1020
0
  1030
0
  0
HATCH
  5
1862
  100
AcDbEntity
  8
Hole Layer
  100
AcDbHatch
  10
0
  20
0
  30
0
  210
0
  220
0
  230
1
  2
SOLID
  70
1
  71
0
  91
1
  92
7
  72
1
  73
1
  93
2
  10
49.29091176182353
  20
58.871902463804936
  42
1
  10
50.052913285826584
  20
58.871902463804936
  42
1
  97
1
  330
1860
  75
0
  76
1
  47
0.8681437583925616
  98
1
  10
3.629517071192367
  20
33.92795499968543
  450
0
  451
0
  460
0
  461
0
  452
1
  462
1
  453
2
  463
0
  63
5
  421
255
  463
1
  63
7
  421
16777215
  470
LINEAR
  1001
ACAD
  1010
0
  1020
0
  1030
0
  0
HATCH
  5
1864
  100
AcDbEntity
  8
Hole Layer
  100
AcDbHatch
  10
0
  20
0
  30
0
  210
0
  220
0
  230
1
  2
SOLID
  70
1
  71
0
  91
1
  92
7
  72
1
  73
1
  93
2
  10
51.0190092980186
  20
58.15610871221743
  42
1
  10
51.781010822021656
  20
58.15610871221743
  42
1
  97
1
  330
1863
  75
0
  76
1
  47
0.8681437583925616
  98
1
  10
3.629517071192367
  20
33.92795499968543
  450
0
  451
0
  460
0
  461
0
  452
1
  462
1
  453
2
  463
0
  63
5
  421
255
  463
1
  63
7
  421
16777215
  470
LINEAR
  1001
ACAD
  1010
0
  1020
0
  1030
0
  0
HATCH
  5
1865
  100
AcDbEntity
  8
Hole Layer
  100
AcDbHatch
  10
0
  20
0
  30
0
  210
0
  220
0
  230
1
  2
SOLID
  70
1
  71
0
  91
1
  92
7
  72
1
  73
1
  93
2
  10
51.0190092980186
  20
58.15610871221743
  42
1
  10
51.781010822021656
  20
58.15610871221743
  42
1
  97
1
  330
1863
  75
0
  76
1
  47
0.8681437583925616
  98
1
  10
3.629517071192367
  20
33.92795499968543
  450
0
  451
0
  460
0
  461
0
  452
1
  462
1
  453
2
  463
0
  63
5
  421
255
  463
1
  63
7
  421
16777215
  470
LINEAR
  1001
ACAD
  1010
0
  1020
0
  1030
0
  0
HATCH
  5
1867
  100
AcDbEntity
  8
Hole Layer
  100
AcDbHatch
  10
0
  20
0
  30
0
  210
0
  220
0
  230
1
  2
SOLID
  70
1
  71
0
  91
1
  92
7
  72
1
  73
1
  93
2
  10
52.747101754203506
  20
58.8719075438151
  42
1
  10
53.50910327820656
  20
58.8719075438151
  42
1
  97
1
  330
1866
  75
0
  76
1
  47
0.8681437583925616
  98
1
  10
3.629517071192367
  20
33.92795499968543
  450
0
  451
0
  460
0
  461
0
  452
1
  462
1
  453
2
  463
0
  63
5
  421
255
  463
1
  63
7
  421
16777215
  470
LINEAR
  1001
ACAD
  1010
0
  1020
0
  1030
0
  0
HATCH
  5
1868
  100
AcDbEntity
  8
Hole Layer
  100
AcDbHatch
  10
0
  20
0
  30
0
  210
0
  220
0
  230
1
  2
SOLID
  70
1
  71
0
  91
1
  92
7
  72
1
  73
1
  93
2
  10
52.747101754203506
  20
58.8719075438151
  42
1
  10
53.50910327820656
  20
58.8719075438151
  42
1
  97
1
  330
1866
  75
0
  76
1
  47
0.8681437583925616
  98
1
  10
3.629517071192367
  20
33.92795499968543
  450
0
  451
0
  460
0
  461
0
  452
1
  462
1
  453
2
  463
0
  63
5
  421
255
  463
1
  63
7
  421
16777215
  470
LINEAR
  1001
ACAD
  1010
0
  1020
0
  1030
0
  0
HATCH
  5
1870
  100
AcDbEntity
  8
Hole Layer
  100
AcDbHatch
  10
0
  20
0
  30
0
  210
0
  220
0
  230
1
  2
SOLID
  70
1
  71
0
  91
1
  92
7
  72
1
  73
1
  93
2
  10
53.46290312580626
  20
60.60000000000001
  42
1
  10
54.22490464980931
  20
60.60000000000001
  42
1
  97
1
  330
1869
  75
0
  76
1
  47
0.8681437583925616
  98
1
  10
3.629517071192367
  20
33.92795499968543
  450
0
  451
0
  460
0
  461
0
  452
1
  462
1
  453
2
  463
0
  63
5
  421
255
  463
1
  63
7
  421
16777215
  470
LINEAR
  1001
ACAD
  1010
0
  1020
0
  1030
0
  0
HATCH
  5
1871
  100
AcDbEntity
  8
Hole Layer
  100
AcDbHatch
  10
0
  20
0
  30
0
  210
0
  220
0
  230
1
  2
SOLID
  70
1
  71
0
  91
1
  92
7
  72
1
  73
1
  93
2
  10
53.46290312580626
  20
60.60000000000001
  42
1
  10
54.22490464980931
  20
60.60000000000001
  42
1
  97
1
  330
1869
  75
0
  76
1
  47
0.8681437583925616
  98
1
  10
3.629517071192367
  20
33.92795499968543
  450
0
  451
0
  460
0
  461
0
  452
1
  462
1
  453
2
  463
0
  63
5
  421
255
  463
1
  63
7
  421
16777215
  470
LINEAR
  1001
ACAD
  1010
0
  1020
0
  1030
0
  0
HATCH
  5
1873
  100
AcDbEntity
  8
Hole Layer
  100
AcDbHatch
  10
0
  20
0
  30
0
  210
0
  220
0
  230
1
  2
SOLID
  70
1
  71
0
  91
1
  92
7
  72
1
  73
1
  93
2
  10
52.74710683421367
  20
62.32809753619508
  42
1
  10
53.50910835821672
  20
62.32809753619508
  42
1
  97
1
  330
1872
  75
0
  76
1
  47
0.8681437583925616
  98
1
  10
3.629517071192367
  20
33.92795499968543
  450
0
  451
0
  460
0
  461
0
  452
1
  462
1
  453
2
  463
0
  63
5
  421
255
  463
1
  63
7
  421
16777215
  470
LINEAR
  1001
ACAD
  1010
0
  1020
0
  1030
0
  0
HATCH
  5
1874
  100
AcDbEntity
  8
Hole Layer
  100
AcDbHatch
  10
0
  20
0
  30
0
  210
0
  220
0
  230
1
  2
SOLID
  70
1
  71
0
  91
1
  92
7
  72
1
  73
1
  93
2
  10
52.74710683421367
  20
62.32809753619508
  42
1
  10
53.50910835821672
  20
62.32809753619508
  42
1
  97
1
  330
1872
  75
0
  76
1
  47
0.8681437583925616
  98
1
  10
3.629517071192367
  20
33.92795499968543
  450
0
  451
0
  460
0
  461
0
  452
1
  462
1
  453
2
  463
0
  63
5
  421
255
  463
1
  63
7
  421
16777215
  470
LINEAR
  1001
ACAD
  1010
0
  1020
0
  1030
0
  0
HATCH
  5
1876
  100
AcDbEntity
  8
Hole Layer
  100
AcDbHatch
  10
0
  20
0
  30
0
  210
0
  220
0
  230
1
  2
SOLID
  70
1
  71
0
  91
1
  92
7
  72
1
  73
1
  93
2
  10
51.0190092980186
  20
63.04389382778766
  42
1
  10
51.781010822021656
  20
63.04389382778766
  42
1
  97
1
  330
1875
  75
0
  76
1
  47
0.8681437583925616
  98
1
  10
3.629517071192367
  20
33.92795499968543
  450
0
  451
0
  460
0
  461
0
  452
1
  462
1
  453
2
  463
0
  63
5
  421
255
  463
1
  63
7
  421
16777215
  470
LINEAR
  1001
ACAD
  1010
0
  1020
0
  1030
0
  0
HATCH
  5
1877
  100
AcDbEntity
  8
Hole Layer
  100
AcDbHatch
  10
0
  20
0
  30
0
  210
0
  220
0
  230
1
  2
SOLID
  70
1
  71
0
  91
1
  92
7
  72
1
  73
1
  93
2
  10
51.0190092980186
  20
63.04389382778766
  42
1
  10
51.781010822021656
  20
63.04389382778766
  42
1
  97
1
  330
1875
  75
0
  76
1
  47
0.8681437583925616
  98
1
  10
3.629517071192367
  20
33.92795499968543
  450
0
  451
0
  460
0
  461
0
  452
1
  462
1
  453
2
  463
0
  63
5
  421
255
  463
1
  63
7
  421
16777215
  470
LINEAR
  1001
ACAD
  1010
0
  1020
0
  1030
0
  0
HATCH
  5
1879
  100
AcDbEntity
  8
Hole Layer
  100
AcDbHatch
  10
0
  20
0
  30
0
  210
0
  220
0
  230
1
  2
SOLID
  70
1
  71
0
  91
1
  92
7
  72
1
  73
1
  93
2
  10
49.29091684183369
  20
62.32809245618492
  42
1
  10
50.052918365836746
  20
62.32809245618492
  42
1
  97
1
  330
1878
  75
0
  76
1
  47
0.8681437583925616
  98
1
  10
3.629517071192367
  20
33.92795499968543
  450
0
  451
0
  460
0
  461
0
  452
1
  462
1
  453
2
  463
0
  63
5
  421
255
  463
1
  63
7
  421
16777215
  470
LINEAR
  1001
ACAD
  1010
0
  1020
0
  1030
0
  0
HATCH
  5
1880
  100
AcDbEntity
  8
Hole Layer
  100
AcDbHatch
  10
0
  20
0
  30
0
  210
0
  220
0
  230
1
  2
SOLID
  70
1
  71
0
  91
1
  92
7
  72
1
  73
1
  93
2
  10
49.29091684183369
  20
62.32809245618492
  42
1
  10
50.052918365836746
  20
62.32809245618492
  42
1
  97
1
  330
1878
  75
0
  76
1
  47
0.8681437583925616
  98
1
  10
3.629517071192367
  20
33.92795499968543
  450
0
  451
0
  460
0
  461
0
  452
1
  462
1
  453
2
  463
0
  63
5
  421
255
  463
1
  63
7
  421
16777215
  470
LINEAR
  1001
ACAD
  1010
0
  1020
0
  1030
0
  0
HATCH
  5
1882
  100
AcDbEntity
  8
Hole Layer
  100
AcDbHatch
  10
0
  20
0
  30
0
  210
0
  220
0
  230
1
  2
SOLID
  70
1
  71
0
  91
1
  92
7
  72
1
  73
1
  93
2
  10
49.70001133002267
  20
60.60000000000001
  42
1
  10
53.10000879001759
  20
60.60000000000001
  42
1
  97
1
  330
1881
  75
0
  76
1
  47
0.8681437583925616
  98
1
  10
3.629517071192367
  20
33.92795499968543
  450
0
  451
0
  460
0
  461
0
  452
1
  462
1
  453
2
  463
0
  63
5
  421
255
  463
1
  63
7
  421
16777215
  470
LINEAR
  1001
ACAD
  1010
0
  1020
0
  1030
0
  0
HATCH
  5
1883
  100
AcDbEntity
  8
Hole Layer
  100
AcDbHatch
  10
0
  20
0
  30
0
  210
0
  220
0
  230
1
  2
SOLID
  70
1
  71
0
  91
1
  92
7
  72
1
  73
1
  93
2
  10
49.70001133002267
  20
60.60000000000001
  42
1
  10
53.10000879001759
  20
60.60000000000001
  42
1
  97
1
  330
1881
  75
0
  76
1
  47
0.8681437583925616
  98
1
  10
3.629517071192367
  20
33.92795499968543
  450
0
  451
0
  460
0
  461
0
  452
1
  462
1
  453
2
  463
0
  63
5
  421
255
  463
1
  63
7
  421
16777215
  470
LINEAR
  1001
ACAD
  1010
0
  1020
0
  1030
0
  0
HATCH
  5
1885
  100
AcDbEntity
  8
Hole Layer
  100
AcDbHatch
  10
0
  20
0
  30
0
  210
0
  220
0
  230
1
  2
SOLID
  70
1
  71
0
  91
1
  92
7
  72
1
  73
1
  93
2
  10
39.849998729997466
  20
1.55
  42
1
  10
40.75000127000254
  20
1.55
  42
1
  97
1
  330
1884
  75
0
  76
1
  47
0.8681437583925616
  98
1
  10
3.629517071192367
  20
33.92795499968543
  450
0
  451
0
  460
0
  461
0
  452
1
  462
1
  453
2
  463
0
  63
5
  421
255
  463
1
  63
7
  421
16777215
  470
LINEAR
  1001
ACAD
  1010
0
  1020
0
  1030
0
  0
HATCH
  5
1886
  100
AcDbEntity
  8
Hole Layer
  100
AcDbHatch
  10
0
  20
0
  30
0
  210
0
  220
0
  230
1
  2
SOLID
  70
1
  71
0
  91
1
  92
7
  72
1
  73
1
  93
2
  10
39.849998729997466
  20
1.55
  42
1
  10
40.75000127000254
  20
1.55
  42
1
  97
1
  330
1884
  75
0
  76
1
  47
0.8681437583925616
  98
1
  10
3.629517071192367
  20
33.92795499968543
  450
0
  451
0
  460
0
  461
0
  452
1
  462
1
  453
2
  463
0
  63
5
  421
255
  463
1
  63
7
  421
16777215
  470
LINEAR
  1001
ACAD
  1010
0
  1020
0
  1030
0
  0
HATCH
  5
1888
  100
AcDbEntity
  8
Hole Layer
  100
AcDbHatch
  10
0
  20
0
  30
0
  210
0
  220
0
  230
1
  2
SOLID
  70
1
  71
0
  91
1
  92
7
  72
1
  73
1
  93
2
  10
42.39000381000763
  20
1.55
  42
1
  10
43.2900063500127
  20
1.55
  42
1
  97
1
  330
1887
  75
0
  76
1
  47
0.8681437583925616
  98
1
  10
3.629517071192367
  20
33.92795499968543
  450
0
  451
0
  460
0
  461
0
  452
1
  462
1
  453
2
  463
0
  63
5
  421
255
  463
1
  63
7
  421
16777215
  470
LINEAR
  1001
ACAD
  1010
0
  1020
0
  1030
0
  0
HATCH
  5
1889
  100
AcDbEntity
  8
Hole Layer
  100
AcDbHatch
  10
0
  20
0
  30
0
  210
0
  220
0
  230
1
  2
SOLID
  70
1
  71
0
  91
1
  92
7
  72
1
  73
1
  93
2
  10
42.39000381000763
  20
1.55
  42
1
  10
43.2900063500127
  20
1.55
  42
1
  97
1
  330
1887
  75
0
  76
1
  47
0.8681437583925616
  98
1
  10
3.629517071192367
  20
33.92795499968543
  450
0
  451
0
  460
0
  461
0
  452
1
  462
1
  453
2
  463
0
  63
5
  421
255
  463
1
  63
7
  421
16777215
  470
LINEAR
  1001
ACAD
  1010
0
  1020
0
  1030
0
  0
HATCH
  5
1891
  100
AcDbEntity
  8
Hole Layer
  100
AcDbHatch
  10
0
  20
0
  30
0
  210
0
  220
0
  230
1
  2
SOLID
  70
1
  71
0
  91
1
  92
7
  72
1
  73
1
  93
2
  10
44.93001143002287
  20
1.55
  42
1
  10
45.83001397002795
  20
1.55
  42
1
  97
1
  330
1890
  75
0
  76
1
  47
0.8681437583925616
  98
1
  10
3.629517071192367
  20
33.92795499968543
  450
0
  451
0
  460
0
  461
0
  452
1
  462
1
  453
2
  463
0
  63
5
  421
255
  463
1
  63
7
  421
16777215
  470
LINEAR
  1001
ACAD
  1010
0
  1020
0
  1030
0
  0
HATCH
  5
1892
  100
AcDbEntity
  8
Hole Layer
  100
AcDbHatch
  10
0
  20
0
  30
0
  210
0
  220
0
  230
1
  2
SOLID
  70
1
  71
0
  91
1
  92
7
  72
1
  73
1
  93
2
  10
44.93001143002287
  20
1.55
  42
1
  10
45.83001397002795
  20
1.55
  42
1
  97
1
  330
1890
  75
0
  76
1
  47
0.8681437583925616
  98
1
  10
3.629517071192367
  20
33.92795499968543
  450
0
  451
0
  460
0
  461
0
  452
1
  462
1
  453
2
  463
0
  63
5
  421
255
  463
1
  63
7
  421
16777215
  470
LINEAR
  1001
ACAD
  1010
0
  1020
0
  1030
0
  0
HATCH
  5
1894
  100
AcDbEntity
  8
Hole Layer
  100
AcDbHatch
  10
0
  20
0
  30
0
  210
0
  220
0
  230
1
  2
SOLID
  70
1
  71
0
  91
1
  92
7
  72
1
  73
1
  93
2
  10
26.91998856997714
  20
1.6
  42
1
  10
27.819991109982222
  20
1.6
  42
1
  97
1
  330
1893
  75
0
  76
1
  47
0.8681437583925616
  98
1
  10
3.629517071192367
  20
33.92795499968543
  450
0
  451
0
  460
0
  461
0
  452
1
  462
1
  453
2
  463
0
  63
5
  421
255
  463
1
  63
7
  421
16777215
  470
LINEAR
  1001
ACAD
  1010
0
  1020
0
  1030
0
  0
HATCH
  5
1895
  100
AcDbEntity
  8
Hole Layer
  100
AcDbHatch
  10
0
  20
0
  30
0
  210
0
  220
0
  230
1
  2
SOLID
  70
1
  71
0
  91
1
  92
7
  72
1
  73
1
  93
2
  10
26.91998856997714
  20
1.6
  42
1
  10
27.819991109982222
  20
1.6
  42
1
  97
1
  330
1893
  75
0
  76
1
  47
0.8681437583925616
  98
1
  10
3.629517071192367
  20
33.92795499968543
  450
0
  451
0
  460
0
  461
0
  452
1
  462
1
  453
2
  463
0
  63
5
  421
255
  463
1
  63
7
  421
16777215
  470
LINEAR
  1001
ACAD
  1010
0
  1020
0
  1030
0
  0
HATCH
  5
1897
  100
AcDbEntity
  8
Hole Layer
  100
AcDbHatch
  10
0
  20
0
  30
0
  210
0
  220
0
  230
1
  2
SOLID
  70
1
  71
0
  91
1
  92
7
  72
1
  73
1
  93
2
  10
29.4599936499873
  20
1.6
  42
1
  10
30.359996189992383
  20
1.6
  42
1
  97
1
  330
1896
  75
0
  76
1
  47
0.8681437583925616
  98
1
  10
3.629517071192367
  20
33.92795499968543
  450
0
  451
0
  460
0
  461
0
  452
1
  462
1
  453
2
  463
0
  63
5
  421
255
  463
1
  63
7
  421
16777215
  470
LINEAR
  1001
ACAD
  1010
0
  1020
0
  1030
0
  0
HATCH
  5
1898
  100
AcDbEntity
  8
Hole Layer
  100
AcDbHatch
  10
0
  20
0
  30
0
  210
0
  220
0
  230
1
  2
SOLID
  70
1
  71
0
  91
1
  92
7
  72
1
  73
1
  93
2
  10
29.4599936499873
  20
1.6
  42
1
  10
30.359996189992383
  20
1.6
  42
1
  97
1
  330
1896
  75
0
  76
1
  47
0.8681437583925616
  98
1
  10
3.629517071192367
  20
33.92795499968543
  450
0
  451
0
  460
0
  461
0
  452
1
  462
1
  453
2
  463
0
  63
5
  421
255
  463
1
  63
7
  421
16777215
  470
LINEAR
  1001
ACAD
  1010
0
  1020
0
  1030
0
  0
HATCH
  5
1900
  100
AcDbEntity
  8
Hole Layer
  100
AcDbHatch
  10
0
  20
0
  30
0
  210
0
  220
0
  230
1
  2
SOLID
  70
1
  71
0
  91
1
  92
7
  72
1
  73
1
  93
2
  10
31.99999872999746
  20
1.6
  42
1
  10
32.90000127000254
  20
1.6
  42
1
  97
1
  330
1899
  75
0
  76
1
  47
0.8681437583925616
  98
1
  10
3.629517071192367
  20
33.92795499968543
  450
0
  451
0
  460
0
  461
0
  452
1
  462
1
  453
2
  463
0
  63
5
  421
255
  463
1
  63
7
  421
16777215
  470
LINEAR
  1001
ACAD
  1010
0
  1020
0
  1030
0
  0
HATCH
  5
1901
  100
AcDbEntity
  8
Hole Layer
  100
AcDbHatch
  10
0
  20
0
  30
0
  210
0
  220
0
  230
1
  2
SOLID
  70
1
  71
0
  91
1
  92
7
  72
1
  73
1
  93
2
  10
31.99999872999746
  20
1.6
  42
1
  10
32.90000127000254
  20
1.6
  42
1
  97
1
  330
1899
  75
0
  76
1
  47
0.8681437583925616
  98
1
  10
3.629517071192367
  20
33.92795499968543
  450
0
  451
0
  460
0
  461
0
  452
1
  462
1
  453
2
  463
0
  63
5
  421
255
  463
1
  63
7
  421
16777215
  470
LINEAR
  1001
ACAD
  1010
0
  1020
0
  1030
0
  0
HATCH
  5
1903
  100
AcDbEntity
  8
Hole Layer
  100
AcDbHatch
  10
0
  20
0
  30
0
  210
0
  220
0
  230
1
  2
SOLID
  70
1
  71
0
  91
1
  92
7
  72
1
  73
1
  93
2
  10
34.540003810007626
  20
1.6
  42
1
  10
35.4400063500127
  20
1.6
  42
1
  97
1
  330
1902
  75
0
  76
1
  47
0.8681437583925616
  98
1
  10
3.629517071192367
  20
33.92795499968543
  450
0
  451
0
  460
0
  461
0
  452
1
  462
1
  453
2
  463
0
  63
5
  421
255
  463
1
  63
7
  421
16777215
  470
LINEAR
  1001
ACAD
  1010
0
  1020
0
  1030
0
  0
HATCH
  5
1904
  100
AcDbEntity
  8
Hole Layer
  100
AcDbHatch
  10
0
  20
0
  30
0
  210
0
  220
0
  230
1
  2
SOLID
  70
1
  71
0
  91
1
  92
7
  72
1
  73
1
  93
2
  10
34.540003810007626
  20
1.6
  42
1
  10
35.4400063500127
  20
1.6
  42
1
  97
1
  330
1902
  75
0
  76
1
  47
0.8681437583925616
  98
1
  10
3.629517071192367
  20
33.92795499968543
  450
0
  451
0
  460
0
  461
0
  452
1
  462
1
  453
2
  463
0
  63
5
  421
255
  463
1
  63
7
  421
16777215
  470
LINEAR
  1001
ACAD
  1010
0
  1020
0
  1030
0
  0
HATCH
  5
1906
  100
AcDbEntity
  8
Hole Layer
  100
AcDbHatch
  10
0
  20
0
  30
0
  210
0
  220
0
  230
1
  2
SOLID
  70
1
  71
0
  91
1
  92
7
  72
1
  73
1
  93
2
  10
37.08000889001779
  20
1.6
  42
1
  10
37.98001143002286
  20
1.6
  42
1
  97
1
  330
1905
  75
0
  76
1
  47
0.8681437583925616
  98
1
  10
3.629517071192367
  20
33.92795499968543
  450
0
  451
0
  460
0
  461
0
  452
1
  462
1
  453
2
  463
0
  63
5
  421
255
  463
1
  63
7
  421
16777215
  470
LINEAR
  1001
ACAD
  1010
0
  1020
0
  1030
0
  0
HATCH
  5
1907
  100
AcDbEntity
  8
Hole Layer
  100
AcDbHatch
  10
0
  20
0
  30
0
  210
0
  220
0
  230
1
  2
SOLID
  70
1
  71
0
  91
1
  92
7
  72
1
  73
1
  93
2
  10
37.08000889001779
  20
1.6
  42
1
  10
37.98001143002286
  20
1.6
  42
1
  97
1
  330
1905
  75
0
  76
1
  47
0.8681437583925616
  98
1
  10
3.629517071192367
  20
33.92795499968543
  450
0
  451
0
  460
0
  461
0
  452
1
  462
1
  453
2
  463
0
  63
5
  421
255
  463
1
  63
7
  421
16777215
  470
LINEAR
  1001
ACAD
  1010
0
  1020
0
  1030
0
  0
ENDSEC
  0
SECTION
  2
OBJECTS
  0
DICTIONARY
  5
C
  330
0
  100
AcDbDictionary
  281
1
  3
ACAD_CIP_PREVIOUS_PRODUCT_INFO
  350
216
  3
ACAD_COLOR
  350
6B
  3
ACAD_DETAILVIEWSTYLE
  350
21B
  3
ACAD_GROUP
  350
D
  3
ACAD_LAYOUT
  350
1A
  3
ACAD_MATERIAL
  350
6A
  3
ACAD_MLEADERSTYLE
  350
12D
  3
ACAD_MLINESTYLE
  350
17
  3
ACAD_PLOTSETTINGS
  350
19
  3
ACAD_PLOTSTYLENAME
  350
E
  3
ACAD_SCALELIST
  350
10C
  3
ACAD_SECTIONVIEWSTYLE
  350
219
  3
ACAD_TABLESTYLE
  350
7E
  3
ACAD_VISUALSTYLE
  350
EF
  3
ACDB_RECOMPOSE_DATA
  350
2D7
  3
AcDbVariableDictionary
  350
5E
  3
AcDsDecomposeData
  350
2DD
  0
DICTIONARY
  5
1FF
  330
2
  100
AcDbDictionary
  280
1
  281
1
  3
ACAD_LAYERSTATES
  360
200
  0
DICTIONARY
  5
13C
  330
10
  100
AcDbDictionary
  280
1
  281
1
  0
DICTIONARY
  5
1CE
  330
1F
  100
AcDbDictionary
  280
1
  281
1
  0
XRECORD
  5
216
  102
{ACAD_REACTORS
  330
C
  102
}
  330
C
  100
AcDbXrecord
  280
1
  300
ACD
  300
2021
  300

  0
DICTIONARY
  5
6B
  102
{ACAD_REACTORS
  330
C
  102
}
  330
C
  100
AcDbDictionary
  281
1
  0
DICTIONARY
  5
21B
  102
{ACAD_REACTORS
  330
C
  102
}
  330
C
  100
AcDbDictionary
  281
1
  3
Metric50
  350
21C
  0
DICTIONARY
  5
D
  102
{ACAD_REACTORS
  330
C
  102
}
  330
C
  100
AcDbDictionary
  281
1
  0
DICTIONARY
  5
1A
  102
{ACAD_REACTORS
  330
C
  102
}
  330
C
  100
AcDbDictionary
  281
1
  3
Model
  350
22
  3
布局1
  350
D3
  3
布局2
  350
D7
  0
DICTIONARY
  5
6A
  102
{ACAD_REACTORS
  330
C
  102
}
  330
C
  100
AcDbDictionary
  281
1
  3
ByBlock
  350
ED
  3
ByLayer
  350
EC
  3
Global
  350
EE
  0
DICTIONARY
  5
12D
  102
{ACAD_REACTORS
  330
C
  102
}
  330
C
  100
AcDbDictionary
  281
1
  3
Annotative
  350
13B
  3
Standard
  350
12E
  0
DICTIONARY
  5
17
  102
{ACAD_REACTORS
  330
C
  102
}
  330
C
  100
AcDbDictionary
  281
1
  3
Standard
  350
18
  0
DICTIONARY
  5
19
  102
{ACAD_REACTORS
  330
C
  102
}
  330
C
  100
AcDbDictionary
  281
1
  0
ACDBDICTIONARYWDFLT
  5
E
  102
{ACAD_REACTORS
  330
C
  102
}
  330
C
  100
AcDbDictionary
  281
1
  3
Normal
  350
F
  100
AcDbDictionaryWithDefault
  340
F
  0
DICTIONARY
  5
10C
  102
{ACAD_REACTORS
  330
C
  102
}
  330
C
  100
AcDbDictionary
  281
1
  3
A0
  350
10D
  3
A1
  350
1BE
  3
A2
  350
1BF
  3
A3
  350
1C0
  3
A4
  350
1C1
  3
A5
  350
1C2
  3
A6
  350
1C3
  3
A7
  350
1C4
  3
A8
  350
1C5
  3
A9
  350
1C6
  3
B0
  350
1C7
  3
B1
  350
1C8
  3
B2
  350
1C9
  3
B3
  350
1CA
  3
B4
  350
1CB
  3
B5
  350
1CC
  3
B6
  350
1CD
  0
DICTIONARY
  5
219
  102
{ACAD_REACTORS
  330
C
  102
}
  330
C
  100
AcDbDictionary
  281
1
  3
Metric50
  350
21A
  0
DICTIONARY
  5
7E
  102
{ACAD_REACTORS
  330
C
  102
}
  330
C
  100
AcDbDictionary
  281
1
  3
Standard
  350
7F
  0
DICTIONARY
  5
EF
  102
{ACAD_REACTORS
  330
C
  102
}
  330
C
  100
AcDbDictionary
  281
1
  3
2dWireframe
  350
F5
  3
Basic
  350
F4
  3
Brighten
  350
FB
  3
ColorChange
  350
FF
  3
Conceptual
  350
F8
  3
Dim
  350
FA
  3
EdgeColorOff
  350
1E6
  3
Facepattern
  350
FE
  3
Flat
  350
F0
  3
FlatWithEdges
  350
F1
  3
Gouraud
  350
F2
  3
GouraudWithEdges
  350
F3
  3
Hidden
  350
F7
  3
JitterOff
  350
1E4
  3
Linepattern
  350
FD
  3
OverhangOff
  350
1E5
  3
Realistic
  350
F9
  3
Shaded
  350
1F3
  3
Shaded with edges
  350
1F2
  3
Shades of Gray
  350
1EF
  3
Sketchy
  350
1F0
  3
Thicken
  350
FC
  3
Wireframe
  350
F6
  3
X-Ray
  350
1F1
  0
XRECORD
  5
2D7
  102
{ACAD_REACTORS
  330
C
  102
}
  330
C
  100
AcDbXrecord
  280
1
  90
1
  330
7F
  0
DICTIONARY
  5
5E
  102
{ACAD_REACTORS
  330
C
  102
}
  330
C
  100
AcDbDictionary
  281
1
  3
CANNOSCALE
  350
146
  3
CENTEREXE
  350
259
  3
CENTERLTYPEFILE
  350
25A
  3
CMLEADERSTYLE
  350
145
  3
CTABLESTYLE
  350
84
  3
CVIEWDETAILSTYLE
  350
227
  3
CVIEWSECTIONSTYLE
  350
228
  3
DIMASSOC
  350
5F
  3
HIDETEXT
  350
63
  3
LAYEREVAL
  350
1AE
  3
LAYERNOTIFY
  350
1AF
  3
XCLIPFRAME
  350
2D5
  0
DICTIONARY
  5
2DD
  102
{ACAD_REACTORS
  330
C
  102
}
  330
C
  100
AcDbDictionary
  281
1
  3
AcDsRecords
  350
2DF
  3
AcDsSchemas
  350
2DE
  1001
ACAD
  1070
2
  0
DICTIONARY
  5
200
  102
{ACAD_REACTORS
  330
1FF
  102
}
  330
1FF
  100
AcDbDictionary
  281
1
  0
ACDBDETAILVIEWSTYLE
  5
21C
  102
{ACAD_XDICTIONARY
  360
312
  102
}
  102
{ACAD_REACTORS
  330
21B
  102
}
  330
21B
  100
AcDbModelDocViewStyle
  70
0
  3
Metric50
  290
0
  100
AcDbDetailViewStyle
  70
0
  71
0
  90
3
  71
1
  340
11
  62
256
  40
5
  340
0
  62
256
  40
5
  300

  40
0
  280
1
  71
2
  340
16
  90
25
  62
256
  71
3
  340
11
  62
256
  40
5
  90
0
  40
15
  90
1
  300
%<AcVar ViewDetailId>% (%<AcVar ViewScale  "%sn">%)
  71
4
  340
16
  90
25
  62
256
  340
16
  90
25
  62
256
  280
0
  0
LAYOUT
  5
22
  102
{ACAD_XDICTIONARY
  360
205
  102
}
  102
{ACAD_REACTORS
  330
1A
  102
}
  330
1A
  100
AcDbPlotSettings
  1

  2
none_device
  4
ISO_A4_(210.00_x_297.00_MM)
  6

  40
7.5
  41
20
  42
7.5
  43
20
  44
210
  45
297
  46
11.54999923706054
  47
-13.65000009536743
  48
0
  49
0
  140
0
  141
0
  142
1
  143
8.704084754739808
  70
11952
  72
1
  73
0
  74
0
  7

  75
0
  147
0.1148885871608098
  76
0
  77
2
  78
300
  148
0
  149
0
  100
AcDbLayout
  1
Model
  70
1
  71
0
  10
0
  20
0
  11
12
  21
9
  12
0
  22
0
  32
0
  14
0
  24
0
  34
0
  15
0
  25
0
  35
0
  146
0
  13
0
  23
0
  33
0
  16
1
  26
0
  36
0
  17
0
  27
1
  37
0
  76
0
  330
1F
  331
EA
  1001
ACAD_PSEXT
  1000
None
  1000
None
  1000
Not applicable
  1000
The layout will not be plotted unless a new plotter configuration name is selected.
  1070
0
  0
LAYOUT
  5
D3
  102
{ACAD_REACTORS
  330
1A
  102
}
  330
1A
  100
AcDbPlotSettings
  1

  2
C:Documents and SettingsasasApplication DataAutodeskAutoCAD 2005R16.1enuplottersDefault Windows System Printer.pc3
  4

  6

  40
0
  41
0
  42
0
  43
0
  44
0
  45
0
  46
0
  47
0
  48
0
  49
0
  140
0
  141
0
  142
1
  143
1
  70
688
  72
0
  73
0
  74
5
  7

  75
16
  147
1
  76
0
  77
2
  78
300
  148
0
  149
0
  100
AcDbLayout
  1
布局1
  70
1
  71
1
  10
0
  20
0
  11
12
  21
9
  12
0
  22
0
  32
0
  14
0
  24
0
  34
0
  15
0
  25
0
  35
0
  146
0
  13
0
  23
0
  33
0
  16
1
  26
0
  36
0
  17
0
  27
1
  37
0
  76
0
  330
D2
  0
LAYOUT
  5
D7
  102
{ACAD_REACTORS
  330
1A
  102
}
  330
1A
  100
AcDbPlotSettings
  1

  2
C:Documents and SettingsasasApplication DataAutodeskAutoCAD 2005R16.1enuplottersDefault Windows System Printer.pc3
  4

  6

  40
0
  41
0
  42
0
  43
0
  44
0
  45
0
  46
0
  47
0
  48
0
  49
0
  140
0
  141
0
  142
1
  143
1
  70
688
  72
0
  73
0
  74
5
  7

  75
16
  147
1
  76
0
  77
2
  78
300
  148
0
  149
0
  100
AcDbLayout
  1
布局2
  70
1
  71
2
  10
0
  20
0
  11
12
  21
9
  12
0
  22
0
  32
0
  14
0
  24
0
  34
0
  15
0
  25
0
  35
0
  146
0
  13
0
  23
0
  33
0
  16
1
  26
0
  36
0
  17
0
  27
1
  37
0
  76
0
  330
D6
  0
MATERIAL
  5
ED
  102
{ACAD_XDICTIONARY
  360
1F9
  102
}
  102
{ACAD_REACTORS
  330
6A
  102
}
  330
6A
  100
AcDbMaterial
  1
ByBlock
  94
63
  0
MATERIAL
  5
EC
  102
{ACAD_XDICTIONARY
  360
1F7
  102
}
  102
{ACAD_REACTORS
  330
6A
  102
}
  330
6A
  100
AcDbMaterial
  1
ByLayer
  94
63
  0
MATERIAL
  5
EE
  102
{ACAD_XDICTIONARY
  360
173
  102
}
  102
{ACAD_REACTORS
  330
6A
  102
}
  330
6A
  100
AcDbMaterial
  1
Global
  43
0.0007999999797903
  43
0
  43
0
  43
0
  43
0
  43
0.0007999999797903
  43
0
  43
0
  43
0
  43
0
  43
1
  43
0
  43
0
  43
0
  43
0
  43
1
  49
0.0007999999797903
  49
0
  49
0
  49
0
  49
0
  49
0.0007999999797903
  49
0
  49
0
  49
0
  49
0
  49
1
  49
0
  49
0
  49
0
  49
0
  49
1
  142
0.0007999999797903
  142
0
  142
0
  142
0
  142
0
  142
0.0007999999797903
  142
0
  142
0
  142
0
  142
0
  142
1
  142
0
  142
0
  142
0
  142
0
  142
1
  144
0.0007999999797903
  144
0
  144
0
  144
0
  144
0
  144
0.0007999999797903
  144
0
  144
0
  144
0
  144
0
  144
1
  144
0
  144
0
  144
0
  144
0
  144
1
  94
63
  1001
ACAD
  1070
-1
  1070
3
  1070
0
  1000

  1071
0
  1070
0
  0
MLEADERSTYLE
  5
13B
  102
{ACAD_REACTORS
  330
12D
  102
}
  330
12D
  100
AcDbMLeaderStyle
  170
2
  171
1
  172
0
  90
2
  40
0
  41
0
  173
1
  91
-1056964608
  340
14
  92
-2
  290
0
  42
2
  291
0
  43
8
  3
Standard
  44
4
  300

  342
11
  174
1
  178
1
  175
1
  176
0
  93
-1056964608
  45
4
  292
0
  297
0
  46
4
  94
-1056964608
  47
1
  49
1
  140
1
  293
0
  141
0
  294
0
  177
0
  142
1
  295
0
  296
0
  143
3.75
  1001
ACAD_MLEADERVER
  1070
2
  0
MLEADERSTYLE
  5
12E
  102
{ACAD_REACTORS
  330
12D
  102
}
  330
12D
  100
AcDbMLeaderStyle
  170
2
  171
1
  172
0
  90
2
  40
0
  41
0
  173
1
  91
-1056964608
  340
14
  92
-2
  290
0
  42
2
  291
0
  43
8
  3
Standard
  44
4
  300

  342
11
  174
1
  178
1
  175
1
  176
0
  93
-1056964608
  45
4
  292
0
  297
0
  46
4
  94
-1056964608
  47
1
  49
1
  140
1
  293
0
  141
0
  294
0
  177
0
  142
1
  295
0
  296
0
  143
3.75
  1001
ACAD_MLEADERVER
  1070
2
  0
MLINESTYLE
  5
18
  102
{ACAD_REACTORS
  330
17
  102
}
  330
17
  100
AcDbMlineStyle
  2
STANDARD
  70
0
  3

  62
256
  51
90
  52
90
  71
2
  49
0.5
  62
256
  6
BYLAYER
  49
-0.5
  62
256
  6
BYLAYER
  0
ACDBPLACEHOLDER
  5
F
  102
{ACAD_REACTORS
  330
E
  102
}
  330
E
  0
SCALE
  5
10D
  102
{ACAD_REACTORS
  330
10C
  102
}
  330
10C
  100
AcDbScale
  70
0
  300
1:1
  140
1
  141
1
  290
0
  0
SCALE
  5
1BE
  102
{ACAD_REACTORS
  330
10C
  102
}
  330
10C
  100
AcDbScale
  70
0
  300
1:2
  140
1
  141
2
  290
0
  0
SCALE
  5
1BF
  102
{ACAD_REACTORS
  330
10C
  102
}
  330
10C
  100
AcDbScale
  70
0
  300
1:4
  140
1
  141
4
  290
0
  0
SCALE
  5
1C0
  102
{ACAD_REACTORS
  330
10C
  102
}
  330
10C
  100
AcDbScale
  70
0
  300
1:5
  140
1
  141
5
  290
0
  0
SCALE
  5
1C1
  102
{ACAD_REACTORS
  330
10C
  102
}
  330
10C
  100
AcDbScale
  70
0
  300
1:8
  140
1
  141
8
  290
0
  0
SCALE
  5
1C2
  102
{ACAD_REACTORS
  330
10C
  102
}
  330
10C
  100
AcDbScale
  70
0
  300
1:10
  140
1
  141
10
  290
0
  0
SCALE
  5
1C3
  102
{ACAD_REACTORS
  330
10C
  102
}
  330
10C
  100
AcDbScale
  70
0
  300
1:16
  140
1
  141
16
  290
0
  0
SCALE
  5
1C4
  102
{ACAD_REACTORS
  330
10C
  102
}
  330
10C
  100
AcDbScale
  70
0
  300
1:20
  140
1
  141
20
  290
0
  0
SCALE
  5
1C5
  102
{ACAD_REACTORS
  330
10C
  102
}
  330
10C
  100
AcDbScale
  70
0
  300
1:30
  140
1
  141
30
  290
0
  0
SCALE
  5
1C6
  102
{ACAD_REACTORS
  330
10C
  102
}
  330
10C
  100
AcDbScale
  70
0
  300
1:40
  140
1
  141
40
  290
0
  0
SCALE
  5
1C7
  102
{ACAD_REACTORS
  330
10C
  102
}
  330
10C
  100
AcDbScale
  70
0
  300
1:50
  140
1
  141
50
  290
0
  0
SCALE
  5
1C8
  102
{ACAD_REACTORS
  330
10C
  102
}
  330
10C
  100
AcDbScale
  70
0
  300
1:100
  140
1
  141
100
  290
0
  0
SCALE
  5
1C9
  102
{ACAD_REACTORS
  330
10C
  102
}
  330
10C
  100
AcDbScale
  70
0
  300
2:1
  140
2
  141
1
  290
0
  0
SCALE
  5
1CA
  102
{ACAD_REACTORS
  330
10C
  102
}
  330
10C
  100
AcDbScale
  70
0
  300
4:1
  140
4
  141
1
  290
0
  0
SCALE
  5
1CB
  102
{ACAD_REACTORS
  330
10C
  102
}
  330
10C
  100
AcDbScale
  70
0
  300
8:1
  140
8
  141
1
  290
0
  0
SCALE
  5
1CC
  102
{ACAD_REACTORS
  330
10C
  102
}
  330
10C
  100
AcDbScale
  70
0
  300
10:1
  140
10
  141
1
  290
0
  0
SCALE
  5
1CD
  102
{ACAD_REACTORS
  330
10C
  102
}
  330
10C
  100
AcDbScale
  70
0
  300
100:1
  140
100
  141
1
  290
0
  0
ACDBSECTIONVIEWSTYLE
  5
21A
  102
{ACAD_XDICTIONARY
  360
310
  102
}
  102
{ACAD_REACTORS
  330
219
  102
}
  330
219
  100
AcDbModelDocViewStyle
  70
0
  3
Metric50
  290
0
  100
AcDbSectionViewStyle
  70
0
  71
0
  90
102
  71
1
  340
11
  62
256
  40
5
  340
0
  340
0
  62
256
  40
5
  300
I, O, Q, S, X, Z
  40
10
  90
0
  40
2.5
  90
0
  71
2
  340
16
  90
25
  62
256
  340
16
  90
50
  62
256
  40
5
  40
2.5
  40
5
  71
3
  340
11
  62
256
  40
5
  90
0
  40
15
  90
1
  300
%<AcVar ViewSectionStartId>%-%<AcVar ViewSectionEndId>% (%<AcVar ViewScale  "%sn">%)
  71
4
  62
256
  62
257
  300
ANSI31
  40
1
  90
0
  290
0
  290
0
  90
6
  40
0
  40
1.570796326794896
  40
0.2617993877991494
  40
1.308996938995747
  40
-0.2617993877991494
  40
1.832595714594046
  0
TABLESTYLE
  5
7F
  102
{ACAD_XDICTIONARY
  360
162
  102
}
  102
{ACAD_REACTORS
  330
7E
  102
}
  330
7E
  100
AcDbTableStyle
  3
Standard
  70
0
  71
0
  40
1.5
  41
1.5
  280
0
  281
0
  7
Standard
  140
4.5
  170
2
  62
0
  63
7
  283
0
  90
512
  91
0
  1

  274
-2
  284
1
  64
0
  275
-2
  285
1
  65
0
  276
-2
  286
1
  66
0
  277
-2
  287
1
  67
0
  278
-2
  288
1
  68
0
  279
-2
  289
1
  69
0
  7
Standard
  140
6
  170
5
  62
0
  63
7
  283
0
  90
512
  91
0
  1

  274
-2
  284
1
  64
0
  275
-2
  285
1
  65
0
  276
-2
  286
1
  66
0
  277
-2
  287
1
  67
0
  278
-2
  288
1
  68
0
  279
-2
  289
1
  69
0
  7
Standard
  140
4.5
  170
5
  62
0
  63
7
  283
0
  90
512
  91
0
  1

  274
-2
  284
1
  64
0
  275
-2
  285
1
  65
0
  276
-2
  286
1
  66
0
  277
-2
  287
1
  67
0
  278
-2
  288
1
  68
0
  279
-2
  289
1
  69
0
  0
VISUALSTYLE
  5
F5
  102
{ACAD_XDICTIONARY
  360
2EA
  102
}
  102
{ACAD_REACTORS
  330
EF
  102
}
  330
EF
  100
AcDbVisualStyle
  2
2dWireframe
  70
4
  71
0
  72
2
  73
1
  90
0
  40
-0.6
  41
-30
  62
5
  63
7
  421
16777215
  74
1
  91
4
  64
7
  65
257
  75
1
  175
1
  42
1
  92
0
  66
257
  43
1
  76
1
  77
6
  78
2
  67
7
  79
5
  170
0
  171
0
  290
0
  174
0
  93
1
  44
0
  173
0
  291
0
  45
0
  1001
ACAD
  1000
AcDbSavedByObjectVersion
  1070
0
  0
VISUALSTYLE
  5
F4
  102
{ACAD_XDICTIONARY
  360
2E8
  102
}
  102
{ACAD_REACTORS
  330
EF
  102
}
  330
EF
  100
AcDbVisualStyle
  2
Basic
  70
7
  71
1
  72
0
  73
1
  90
0
  40
-0.6
  41
-30
  62
5
  63
7
  421
16777215
  74
0
  91
4
  64
7
  65
257
  75
1
  175
1
  42
1
  92
8
  66
7
  43
1
  76
1
  77
6
  78
2
  67
7
  79
5
  170
0
  171
0
  290
0
  174
0
  93
1
  44
0
  173
0
  291
0
  45
0
  1001
ACAD
  1000
AcDbSavedByObjectVersion
  1070
0
  0
VISUALSTYLE
  5
FB
  102
{ACAD_XDICTIONARY
  360
2F6
  102
}
  102
{ACAD_REACTORS
  330
EF
  102
}
  330
EF
  100
AcDbVisualStyle
  2
Brighten
  70
12
  71
2
  72
2
  73
1
  90
0
  40
-0.6
  41
-30
  62
5
  63
7
  421
16777215
  74
1
  91
4
  64
7
  65
257
  75
1
  175
1
  42
1
  92
8
  66
7
  43
1
  76
1
  77
6
  78
2
  67
7
  79
5
  170
0
  171
0
  290
0
  174
0
  93
1
  44
50
  173
0
  291
0
  45
0
  1001
ACAD
  1000
AcDbSavedByObjectVersion
  1070
0
  0
VISUALSTYLE
  5
FF
  102
{ACAD_XDICTIONARY
  360
2FE
  102
}
  102
{ACAD_REACTORS
  330
EF
  102
}
  330
EF
  100
AcDbVisualStyle
  2
ColorChange
  70
16
  71
2
  72
2
  73
3
  90
0
  40
-0.6
  41
-30
  62
5
  63
8
  421
8421504
  74
1
  91
4
  64
7
  65
257
  75
1
  175
1
  42
1
  92
8
  66
8
  424
8421504
  43
1
  76
1
  77
6
  78
2
  67
7
  79
5
  170
0
  171
0
  290
0
  174
0
  93
1
  44
0
  173
0
  291
0
  45
0
  1001
ACAD
  1000
AcDbSavedByObjectVersion
  1070
0
  0
VISUALSTYLE
  5
F8
  102
{ACAD_XDICTIONARY
  360
2F0
  102
}
  102
{ACAD_REACTORS
  330
EF
  102
}
  330
EF
  100
AcDbVisualStyle
  2
Conceptual
  70
9
  71
3
  72
2
  73
1
  90
0
  40
-0.6
  41
-30
  62
5
  63
7
  421
16777215
  74
2
  91
2
  64
7
  65
257
  75
1
  175
1
  42
40
  92
8
  66
7
  43
1
  76
1
  77
6
  78
2
  67
7
  79
3
  170
0
  171
0
  290
0
  174
0
  93
1
  44
0
  173
0
  291
0
  45
0
  1001
ACAD
  1000
AcDbSavedByObjectVersion
  1070
0
  0
VISUALSTYLE
  5
FA
  102
{ACAD_XDICTIONARY
  360
2F4
  102
}
  102
{ACAD_REACTORS
  330
EF
  102
}
  330
EF
  100
AcDbVisualStyle
  2
Dim
  70
11
  71
2
  72
2
  73
1
  90
0
  40
-0.6
  41
-30
  62
5
  63
7
  421
16777215
  74
1
  91
4
  64
7
  65
257
  75
1
  175
1
  42
1
  92
8
  66
7
  43
1
  76
1
  77
6
  78
2
  67
7
  79
5
  170
0
  171
0
  290
0
  174
0
  93
1
  44
-50
  173
0
  291
0
  45
0
  1001
ACAD
  1000
AcDbSavedByObjectVersion
  1070
0
  0
VISUALSTYLE
  5
1E6
  102
{ACAD_XDICTIONARY
  360
304
  102
}
  102
{ACAD_REACTORS
  330
EF
  102
}
  330
EF
  100
AcDbVisualStyle
  2
EdgeColorOff
  70
22
  71
2
  72
2
  73
0
  90
0
  40
-0.6
  41
-30
  62
5
  63
7
  421
16777215
  74
1
  91
4
  64
7
  65
257
  75
1
  175
1
  42
1
  92
8
  66
7
  43
1
  76
1
  77
6
  78
2
  67
7
  79
5
  170
0
  171
0
  290
0
  174
0
  93
1
  44
0
  173
0
  291
0
  45
0
  1001
ACAD
  1000
AcDbSavedByObjectVersion
  1070
0
  0
VISUALSTYLE
  5
FE
  102
{ACAD_XDICTIONARY
  360
2FC
  102
}
  102
{ACAD_REACTORS
  330
EF
  102
}
  330
EF
  100
AcDbVisualStyle
  2
Facepattern
  70
15
  71
2
  72
2
  73
1
  90
0
  40
-0.6
  41
-30
  62
5
  63
7
  421
16777215
  74
1
  91
4
  64
7
  65
257
  75
1
  175
1
  42
1
  92
8
  66
7
  43
1
  76
1
  77
6
  78
2
  67
7
  79
5
  170
0
  171
0
  290
0
  174
0
  93
1
  44
0
  173
0
  291
0
  45
0
  1001
ACAD
  1000
AcDbSavedByObjectVersion
  1070
0
  0
VISUALSTYLE
  5
F0
  102
{ACAD_XDICTIONARY
  360
2E0
  102
}
  102
{ACAD_REACTORS
  330
EF
  102
}
  330
EF
  100
AcDbVisualStyle
  2
Flat
  70
0
  71
2
  72
1
  73
1
  90
2
  40
-0.6
  41
30
  62
5
  63
7
  421
16777215
  74
0
  91
0
  64
7
  65
257
  75
1
  175
1
  42
1
  92
8
  66
7
  43
1
  76
1
  77
6
  78
2
  67
7
  79
5
  170
0
  171
0
  290
0
  174
0
  93
13
  44
0
  173
0
  291
0
  45
0
  1001
ACAD
  1000
AcDbSavedByObjectVersion
  1070
0
  0
VISUALSTYLE
  5
F1
  102
{ACAD_XDICTIONARY
  360
2E2
  102
}
  102
{ACAD_REACTORS
  330
EF
  102
}
  330
EF
  100
AcDbVisualStyle
  2
FlatWithEdges
  70
1
  71
2
  72
1
  73
1
  90
2
  40
-0.6
  41
30
  62
5
  63
7
  421
16777215
  74
1
  91
0
  64
7
  65
257
  75
1
  175
1
  42
1
  92
0
  66
257
  43
1
  76
1
  77
6
  78
2
  67
7
  79
5
  170
0
  171
0
  290
0
  174
0
  93
13
  44
0
  173
0
  291
0
  45
0
  1001
ACAD
  1000
AcDbSavedByObjectVersion
  1070
0
  0
VISUALSTYLE
  5
F2
  102
{ACAD_XDICTIONARY
  360
2E4
  102
}
  102
{ACAD_REACTORS
  330
EF
  102
}
  330
EF
  100
AcDbVisualStyle
  2
Gouraud
  70
2
  71
2
  72
2
  73
1
  90
2
  40
-0.6
  41
30
  62
5
  63
7
  421
16777215
  74
0
  91
0
  64
7
  65
257
  75
1
  175
1
  42
1
  92
0
  66
7
  43
1
  76
1
  77
6
  78
2
  67
7
  79
5
  170
0
  171
0
  290
0
  174
0
  93
13
  44
0
  173
0
  291
0
  45
0
  1001
ACAD
  1000
AcDbSavedByObjectVersion
  1070
0
  0
VISUALSTYLE
  5
F3
  102
{ACAD_XDICTIONARY
  360
2E6
  102
}
  102
{ACAD_REACTORS
  330
EF
  102
}
  330
EF
  100
AcDbVisualStyle
  2
GouraudWithEdges
  70
3
  71
2
  72
2
  73
1
  90
2
  40
-0.6
  41
30
  62
5
  63
7
  421
16777215
  74
1
  91
0
  64
7
  65
257
  75
1
  175
1
  42
1
  92
0
  66
257
  43
1
  76
1
  77
6
  78
2
  67
7
  79
5
  170
0
  171
0
  290
0
  174
0
  93
13
  44
0
  173
0
  291
0
  45
0
  1001
ACAD
  1000
AcDbSavedByObjectVersion
  1070
0
  0
VISUALSTYLE
  5
F7
  102
{ACAD_XDICTIONARY
  360
2EE
  102
}
  102
{ACAD_REACTORS
  330
EF
  102
}
  330
EF
  100
AcDbVisualStyle
  2
Hidden
  70
6
  71
1
  72
2
  73
2
  90
0
  40
-0.6
  41
-30
  62
5
  63
7
  421
16777215
  74
2
  91
2
  64
7
  65
257
  75
2
  175
1
  42
40
  92
0
  66
257
  43
1
  76
1
  77
6
  78
2
  67
7
  79
3
  170
0
  171
0
  290
0
  174
0
  93
1
  44
0
  173
0
  291
0
  45
0
  1001
ACAD
  1000
AcDbSavedByObjectVersion
  1070
0
  0
VISUALSTYLE
  5
1E4
  102
{ACAD_XDICTIONARY
  360
300
  102
}
  102
{ACAD_REACTORS
  330
EF
  102
}
  330
EF
  100
AcDbVisualStyle
  2
JitterOff
  70
20
  71
2
  72
2
  73
0
  90
0
  40
-0.6
  41
-30
  62
5
  63
7
  421
16777215
  74
1
  91
4
  64
7
  65
257
  75
1
  175
1
  42
1
  92
10
  66
7
  43
1
  76
1
  77
6
  78
2
  67
7
  79
5
  170
0
  171
0
  290
0
  174
0
  93
1
  44
0
  173
0
  291
0
  45
0
  1001
ACAD
  1000
AcDbSavedByObjectVersion
  1070
0
  0
VISUALSTYLE
  5
FD
  102
{ACAD_XDICTIONARY
  360
2FA
  102
}
  102
{ACAD_REACTORS
  330
EF
  102
}
  330
EF
  100
AcDbVisualStyle
  2
Linepattern
  70
14
  71
2
  72
2
  73
1
  90
0
  40
-0.6
  41
-30
  62
5
  63
7
  421
16777215
  74
1
  91
4
  64
7
  65
257
  75
7
  175
7
  42
1
  92
8
  66
7
  43
1
  76
1
  77
6
  78
2
  67
7
  79
5
  170
0
  171
0
  290
0
  174
0
  93
1
  44
0
  173
0
  291
0
  45
0
  1001
ACAD
  1000
AcDbSavedByObjectVersion
  1070
0
  0
VISUALSTYLE
  5
1E5
  102
{ACAD_XDICTIONARY
  360
302
  102
}
  102
{ACAD_REACTORS
  330
EF
  102
}
  330
EF
  100
AcDbVisualStyle
  2
OverhangOff
  70
21
  71
2
  72
2
  73
0
  90
0
  40
-0.6
  41
-30
  62
5
  63
7
  421
16777215
  74
1
  91
4
  64
7
  65
257
  75
1
  175
1
  42
1
  92
9
  66
7
  43
1
  76
1
  77
6
  78
2
  67
7
  79
5
  170
0
  171
0
  290
0
  174
0
  93
1
  44
0
  173
0
  291
0
  45
0
  1001
ACAD
  1000
AcDbSavedByObjectVersion
  1070
0
  0
VISUALSTYLE
  5
F9
  102
{ACAD_XDICTIONARY
  360
2F2
  102
}
  102
{ACAD_REACTORS
  330
EF
  102
}
  330
EF
  100
AcDbVisualStyle
  2
Realistic
  70
8
  71
2
  72
3
  73
0
  90
2
  40
-0.6
  41
30
  62
5
  63
7
  421
16777215
  74
0
  91
0
  64
7
  65
257
  75
1
  175
1
  42
1
  92
8
  66
257
  43
1
  76
1
  77
6
  78
2
  67
7
  79
3
  170
0
  171
0
  290
0
  174
0
  93
13
  44
0
  173
0
  291
0
  45
0
  1001
ACAD
  1000
AcDbSavedByObjectVersion
  1070
0
  0
VISUALSTYLE
  5
1F3
  102
{ACAD_XDICTIONARY
  360
30E
  102
}
  102
{ACAD_REACTORS
  330
EF
  102
}
  330
EF
  100
AcDbVisualStyle
  2
Shaded
  70
27
  71
2
  72
2
  73
1
  90
2
  40
-0.6
  41
30
  62
5
  63
7
  421
16777215
  74
0
  91
4
  64
7
  65
257
  75
1
  175
1
  42
1
  92
8
  66
257
  43
1
  76
1
  77
6
  78
2
  67
8
  425
7895160
  79
3
  170
0
  171
0
  290
0
  174
0
  93
5
  44
0
  173
0
  291
0
  45
0
  1001
ACAD
  1000
AcDbSavedByObjectVersion
  1070
0
  0
VISUALSTYLE
  5
1F2
  102
{ACAD_XDICTIONARY
  360
30C
  102
}
  102
{ACAD_REACTORS
  330
EF
  102
}
  330
EF
  100
AcDbVisualStyle
  2
Shaded with edges
  70
26
  71
2
  72
2
  73
1
  90
2
  40
-0.6
  41
30
  62
5
  63
7
  421
16777215
  74
1
  91
2
  64
7
  65
257
  75
2
  175
1
  42
1
  92
8
  66
257
  43
1
  76
1
  77
6
  78
2
  67
7
  79
3
  170
0
  171
0
  290
0
  174
0
  93
5
  44
0
  173
0
  291
0
  45
0
  1001
ACAD
  1000
AcDbSavedByObjectVersion
  1070
0
  0
VISUALSTYLE
  5
1EF
  102
{ACAD_XDICTIONARY
  360
306
  102
}
  102
{ACAD_REACTORS
  330
EF
  102
}
  330
EF
  100
AcDbVisualStyle
  2
Shades of Gray
  70
23
  71
2
  72
2
  73
3
  90
0
  40
-0.6
  41
-30
  62
5
  63
7
  421
16777215
  74
2
  91
2
  64
7
  65
7
  75
1
  175
1
  42
40
  92
8
  66
7
  43
1
  76
1
  77
6
  78
2
  67
7
  79
3
  170
0
  171
0
  290
0
  174
0
  93
1
  44
0
  173
0
  291
0
  45
0
  1001
ACAD
  1000
AcDbSavedByObjectVersion
  1070
0
  0
VISUALSTYLE
  5
1F0
  102
{ACAD_XDICTIONARY
  360
308
  102
}
  102
{ACAD_REACTORS
  330
EF
  102
}
  330
EF
  100
AcDbVisualStyle
  2
Sketchy
  70
24
  71
1
  72
2
  73
2
  90
0
  40
-0.6
  41
-30
  62
5
  63
7
  421
16777215
  74
2
  91
2
  64
7
  65
7
  75
1
  175
1
  42
40
  92
11
  66
7
  43
1
  76
1
  77
6
  78
2
  67
7
  79
6
  170
0
  171
0
  290
0
  174
0
  93
1
  44
0
  173
0
  291
0
  45
0
  1001
ACAD
  1000
AcDbSavedByObjectVersion
  1070
0
  0
VISUALSTYLE
  5
FC
  102
{ACAD_XDICTIONARY
  360
2F8
  102
}
  102
{ACAD_REACTORS
  330
EF
  102
}
  330
EF
  100
AcDbVisualStyle
  2
Thicken
  70
13
  71
2
  72
2
  73
1
  90
0
  40
-0.6
  41
-30
  62
5
  63
7
  421
16777215
  74
1
  91
4
  64
7
  65
257
  75
1
  175
1
  42
1
  92
12
  66
7
  43
1
  76
1
  77
6
  78
2
  67
7
  79
5
  170
0
  171
0
  290
0
  174
0
  93
1
  44
0
  173
0
  291
0
  45
0
  1001
ACAD
  1000
AcDbSavedByObjectVersion
  1070
0
  0
VISUALSTYLE
  5
F6
  102
{ACAD_XDICTIONARY
  360
2EC
  102
}
  102
{ACAD_REACTORS
  330
EF
  102
}
  330
EF
  100
AcDbVisualStyle
  2
Wireframe
  70
5
  71
0
  72
2
  73
0
  90
0
  40
-0.6
  41
-30
  62
5
  63
7
  421
16777215
  74
1
  91
4
  64
7
  65
257
  75
1
  175
1
  42
1
  92
0
  66
257
  43
1
  76
1
  77
6
  78
2
  67
7
  79
3
  170
0
  171
0
  290
0
  174
0
  93
1
  44
0
  173
0
  291
0
  45
0
  1001
ACAD
  1000
AcDbSavedByObjectVersion
  1070
0
  0
VISUALSTYLE
  5
1F1
  102
{ACAD_XDICTIONARY
  360
30A
  102
}
  102
{ACAD_REACTORS
  330
EF
  102
}
  330
EF
  100
AcDbVisualStyle
  2
X-Ray
  70
25
  71
2
  72
2
  73
1
  90
1
  40
0.5
  41
-30
  62
5
  63
7
  421
16777215
  74
1
  91
0
  64
7
  65
257
  75
1
  175
1
  42
1
  92
8
  66
7
  43
1
  76
1
  77
6
  78
2
  67
7
  79
3
  170
0
  171
0
  290
0
  174
0
  93
13
  44
0
  173
0
  291
0
  45
0
  1001
ACAD
  1000
AcDbSavedByObjectVersion
  1070
0
  0
DICTIONARYVAR
  5
146
  102
{ACAD_REACTORS
  330
5E
  102
}
  330
5E
  100
DictionaryVariables
  280
0
  1
1:1
  0
DICTIONARYVAR
  5
259
  102
{ACAD_REACTORS
  330
5E
  102
}
  330
5E
  100
DictionaryVariables
  280
0
  1
3.500000
  0
DICTIONARYVAR
  5
25A
  102
{ACAD_REACTORS
  330
5E
  102
}
  330
5E
  100
DictionaryVariables
  280
0
  1
acadiso.lin
  0
DICTIONARYVAR
  5
145
  102
{ACAD_REACTORS
  330
5E
  102
}
  330
5E
  100
DictionaryVariables
  280
0
  1
STANDARD
  0
DICTIONARYVAR
  5
84
  102
{ACAD_REACTORS
  330
5E
  102
}
  330
5E
  100
DictionaryVariables
  280
0
  1
STANDARD
  0
DICTIONARYVAR
  5
227
  102
{ACAD_REACTORS
  330
5E
  102
}
  330
5E
  100
DictionaryVariables
  280
0
  1
Metric50
  0
DICTIONARYVAR
  5
228
  102
{ACAD_REACTORS
  330
5E
  102
}
  330
5E
  100
DictionaryVariables
  280
0
  1
Metric50
  0
DICTIONARYVAR
  5
5F
  102
{ACAD_REACTORS
  330
5E
  102
}
  330
5E
  100
DictionaryVariables
  280
0
  1
2
  0
DICTIONARYVAR
  5
63
  102
{ACAD_REACTORS
  330
5E
  102
}
  330
5E
  100
DictionaryVariables
  280
0
  1
1
  0
DICTIONARYVAR
  5
1AE
  102
{ACAD_REACTORS
  330
5E
  102
}
  330
5E
  100
DictionaryVariables
  280
0
  1
0
  0
DICTIONARYVAR
  5
1AF
  102
{ACAD_REACTORS
  330
5E
  102
}
  330
5E
  100
DictionaryVariables
  280
0
  1
0
  0
DICTIONARYVAR
  5
2D5
  102
{ACAD_REACTORS
  330
5E
  102
}
  330
5E
  100
DictionaryVariables
  280
0
  1
2
  0
DICTIONARY
  5
2DF
  102
{ACAD_REACTORS
  330
2DD
  102
}
  330
2DD
  100
AcDbDictionary
  281
1
  0
DICTIONARY
  5
2DE
  102
{ACAD_REACTORS
  330
2DD
  102
}
  330
2DD
  100
AcDbDictionary
  281
1
  3
1221658452224
  350
2D8
  3
1221658452240
  350
2D9
  3
1221658452256
  350
2DA
  3
1221658452272
  350
2DB
  3
1221658452288
  350
2DC
  0
DICTIONARY
  5
312
  330
21C
  100
AcDbDictionary
  280
1
  281
1
  3
ACAD_XREC_ROUNDTRIP
  360
313
  0
DICTIONARY
  5
205
  330
22
  100
AcDbDictionary
  280
1
  281
1
  0
DICTIONARY
  5
1F9
  330
ED
  100
AcDbDictionary
  280
1
  281
1
  3
FBXASSET
  360
1FA
  0
DICTIONARY
  5
1F7
  330
EC
  100
AcDbDictionary
  280
1
  281
1
  3
FBXASSET
  360
1F8
  0
DICTIONARY
  5
173
  330
EE
  100
AcDbDictionary
  280
1
  281
1
  3
BUMPTILE
  360
175
  3
DIFFUSETILE
  360
174
  3
FBXASSET
  360
1FB
  3
OPACITYTILE
  360
176
  3
REFLECTIONTILE
  360
177
  0
DICTIONARY
  5
310
  330
21A
  100
AcDbDictionary
  280
1
  281
1
  3
ACAD_XREC_ROUNDTRIP
  360
311
  0
DICTIONARY
  5
162
  330
7F
  100
AcDbDictionary
  280
1
  281
1
  3
ACAD_ROUNDTRIP_2008_TABLESTYLE_CELLSTYLEMAP
  360
2D6
  0
DICTIONARY
  5
2EA
  330
F5
  100
AcDbDictionary
  280
1
  281
1
  3
ACAD_XREC_ROUNDTRIP
  360
2EB
  0
DICTIONARY
  5
2E8
  330
F4
  100
AcDbDictionary
  280
1
  281
1
  3
ACAD_XREC_ROUNDTRIP
  360
2E9
  0
DICTIONARY
  5
2F6
  330
FB
  100
AcDbDictionary
  280
1
  281
1
  3
ACAD_XREC_ROUNDTRIP
  360
2F7
  0
DICTIONARY
  5
2FE
  330
FF
  100
AcDbDictionary
  280
1
  281
1
  3
ACAD_XREC_ROUNDTRIP
  360
2FF
  0
DICTIONARY
  5
2F0
  330
F8
  100
AcDbDictionary
  280
1
  281
1
  3
ACAD_XREC_ROUNDTRIP
  360
2F1
  0
DICTIONARY
  5
2F4
  330
FA
  100
AcDbDictionary
  280
1
  281
1
  3
ACAD_XREC_ROUNDTRIP
  360
2F5
  0
DICTIONARY
  5
304
  330
1E6
  100
AcDbDictionary
  280
1
  281
1
  3
ACAD_XREC_ROUNDTRIP
  360
305
  0
DICTIONARY
  5
2FC
  330
FE
  100
AcDbDictionary
  280
1
  281
1
  3
ACAD_XREC_ROUNDTRIP
  360
2FD
  0
DICTIONARY
  5
2E0
  330
F0
  100
AcDbDictionary
  280
1
  281
1
  3
ACAD_XREC_ROUNDTRIP
  360
2E1
  0
DICTIONARY
  5
2E2
  330
F1
  100
AcDbDictionary
  280
1
  281
1
  3
ACAD_XREC_ROUNDTRIP
  360
2E3
  0
DICTIONARY
  5
2E4
  330
F2
  100
AcDbDictionary
  280
1
  281
1
  3
ACAD_XREC_ROUNDTRIP
  360
2E5
  0
DICTIONARY
  5
2E6
  330
F3
  100
AcDbDictionary
  280
1
  281
1
  3
ACAD_XREC_ROUNDTRIP
  360
2E7
  0
DICTIONARY
  5
2EE
  330
F7
  100
AcDbDictionary
  280
1
  281
1
  3
ACAD_XREC_ROUNDTRIP
  360
2EF
  0
DICTIONARY
  5
300
  330
1E4
  100
AcDbDictionary
  280
1
  281
1
  3
ACAD_XREC_ROUNDTRIP
  360
301
  0
DICTIONARY
  5
2FA
  330
FD
  100
AcDbDictionary
  280
1
  281
1
  3
ACAD_XREC_ROUNDTRIP
  360
2FB
  0
DICTIONARY
  5
302
  330
1E5
  100
AcDbDictionary
  280
1
  281
1
  3
ACAD_XREC_ROUNDTRIP
  360
303
  0
DICTIONARY
  5
2F2
  330
F9
  100
AcDbDictionary
  280
1
  281
1
  3
ACAD_XREC_ROUNDTRIP
  360
2F3
  0
DICTIONARY
  5
30E
  330
1F3
  100
AcDbDictionary
  280
1
  281
1
  3
ACAD_XREC_ROUNDTRIP
  360
30F
  0
DICTIONARY
  5
30C
  330
1F2
  100
AcDbDictionary
  280
1
  281
1
  3
ACAD_XREC_ROUNDTRIP
  360
30D
  0
DICTIONARY
  5
306
  330
1EF
  100
AcDbDictionary
  280
1
  281
1
  3
ACAD_XREC_ROUNDTRIP
  360
307
  0
DICTIONARY
  5
308
  330
1F0
  100
AcDbDictionary
  280
1
  281
1
  3
ACAD_XREC_ROUNDTRIP
  360
309
  0
DICTIONARY
  5
2F8
  330
FC
  100
AcDbDictionary
  280
1
  281
1
  3
ACAD_XREC_ROUNDTRIP
  360
2F9
  0
DICTIONARY
  5
2EC
  330
F6
  100
AcDbDictionary
  280
1
  281
1
  3
ACAD_XREC_ROUNDTRIP
  360
2ED
  0
DICTIONARY
  5
30A
  330
1F1
  100
AcDbDictionary
  280
1
  281
1
  3
ACAD_XREC_ROUNDTRIP
  360
30B
  0
XRECORD
  5
2D8
  102
{ACAD_REACTORS
  330
2DE
  102
}
  330
2DE
  100
AcDbXrecord
  280
1
  1
AcDb_Thumbnail_Schema
  102
{ATTRRECORD
  341
2D9
  2
AcDbDs::TreatedAsObjectData
  280
1
  291
0
  102
ATTRRECORD}
  102
{ATTRRECORD
  341
2DA
  2
AcDbDs::Legacy
  280
1
  291
0
  102
ATTRRECORD}
  2
AcDbDs::ID
  280
10
  91
8
  102
{ATTRRECORD
  341
2DB
  2
AcDs:Indexable
  280
1
  291
0
  102
ATTRRECORD}
  102
{ATTRRECORD
  341
2DC
  2
AcDbDs::HandleAttribute
  280
7
  282
1
  102
ATTRRECORD}
  2
Thumbnail_Data
  280
15
  91
0
  0
XRECORD
  5
2D9
  102
{ACAD_REACTORS
  330
2DE
  102
}
  330
2DE
  100
AcDbXrecord
  280
1
  1
AcDbDs::TreatedAsObjectDataSchema
  2
AcDbDs::TreatedAsObjectData
  280
1
  91
0
  0
XRECORD
  5
2DA
  102
{ACAD_REACTORS
  330
2DE
  102
}
  330
2DE
  100
AcDbXrecord
  280
1
  1
AcDbDs::LegacySchema
  2
AcDbDs::Legacy
  280
1
  91
0
  0
XRECORD
  5
2DB
  102
{ACAD_REACTORS
  330
2DE
  102
}
  330
2DE
  100
AcDbXrecord
  280
1
  1
AcDbDs::IndexedPropertySchema
  2
AcDs:Indexable
  280
1
  91
0
  0
XRECORD
  5
2DC
  102
{ACAD_REACTORS
  330
2DE
  102
}
  330
2DE
  100
AcDbXrecord
  280
1
  1
AcDbDs::HandleAttributeSchema
  2
AcDbDs::HandleAttribute
  280
7
  91
1
  284
1
  0
XRECORD
  5
313
  102
{ACAD_REACTORS
  330
312
  102
}
  330
312
  100
AcDbXrecord
  280
1
  102
DISPLAYNAME
  1
Metric50
  102
FLAGS
  90
0
  0
XRECORD
  5
1FA
  102
{ACAD_REACTORS
  330
1F9
  102
}
  330
1F9
  100
AcDbXrecord
  280
1
  70
1
  90
429727718
  1
D62C5603-E3A1-4AEA-B7FB-FE5D8D0755AF
  310
504B03040A0000080000CC70623B3DEE336E79000000790000001B0000006175746F6465736B2D64657369676E2D7061636B6167652E786D6C3C3F786D6C2076657273696F6E3D22312E302220656E636F64696E673D227574662D3822203F3E3C666F726D6174733E3C666F726D61743E687474703A2F2F736368656D612E
  310
6175746F6465736B2E636F6D2F64657369676E2D7061636B6167652F323030393C2F666F726D61743E3C2F666F726D6174733E504B0304140006080800CC70623BD486FD9CA0000000F4000000130000005B436F6E74656E745F54797065735D2E786D6C7D8EC10E82300C865F65E91D8A1E8C310C0EEA1BF002731658846E
  310
D98AC1B77784ABF1D8FE5FBFBF75BBCE937A534CCEB38643598122B6FEE978D0B0485F9C41B54DDD7D022595594E1A469170414C76A4D9A4D207E29CF43ECE46F218070CC6BECC4078ACAA135ACF422C856C0E68EA1BF5669944DDD7BCDE7B1F8E415D77AECB980613C2E4AC91FC167A2B244592486606FC29C8FD7F045B9A
  310
EF7053A7E60B504B0304140006080800CC70623B853B8169EB0000007C01000008000000636F72652E786D6C8D90416EC3201045AF62CDB6C206821CC7C244919D9CA01740401C94182C03558F5F9C3852BBEB6A467FFE9B197D7EFC9E1EC5975982F5AE035262288C535E5B377690E21535501C055FBC8FBF6C503839990E
  310
5619041F179FE64D52DE45E362569DD7661365082642A11EB9E920A89B99642953CC8E702F67A9EE7234257977194EC9EAE275C4EABCCF5EAD5940D4AC6F0E35A568B8F43562CD7046CD199FD07E60174276A7BE677B5EADB0E0D14EEFFB6A31321A0D82627C4084204C3F096B71DD52F6819B16635EADF63F509AF53FA164
  310
5DDCD1EDDD17164090FCC8732078B56691CB33A85CD7DCC40F504B0304140006080800CC70623B55019EA25F0000007C00000007000000636E782E786D6C4DCB3B0E80201045D1AD90E915ED2CF8AC45050C11660C8261F98AB1B07AC9C97D42D718D865D3E909258CFD00CCE24AC6E326A164D74DC0B4128928FF32603847
  310
2BA13128B1252AC747C6BAB984FC68F0B87FE8960A5C09FE86CFB69FBA01504B0304140006080800CC70623BDBABAAF470010000D40300000C0000006662782F636F72652E786D6CC553D16E823014FD95A6AF4B694182CC941A83FA05FB810A9511A125A5257EFE2E82712ECEB8A7F100CD39F7F69E734AF9FADC366850B6
  310
AF8DCE7018308C942E4C59EB2AC3DE1D498AD15A706B8CFB56869196ADCAF00863C12B6B7C374385D14E6907A836A59A41D9F7CA615434B0C8705F7CAA5606D23BA8E84F41278B93AC54100640439DE0BDB320004D43C63716C7C399D30917DCFBBA9CD9BA8469F5B156168B24CED3F7248AC8769F27244EB73B92EED8862C
  310
B7F13E0C179B3C8F979C8ECD82BBBABDAA2BAC924E9558448CBD9330242CFA08E3154B5651FCC6D215639C8EE5774DBE2B5F6CF2B5768B68963BB5F5588420E442FC700B1139D4CB01F450C1E918227C2E09DF070D8140C84E1E9AAB8F1340832A9CB13130A5F1376A908D57309505ECF2A0DF179C4E9D30F5B239B87E3823
  310
7A79C6F31DE1A8A5AEC08474B03C7837EAE4938639B44E5932B833D2C6B6B279CDC613877FA26EE21F4A2A4C63EC7F29A2F301D1F9F7A0E37D145F504B0304140006080800CC70623B9C113CC27E0000009D0000000B0000006662782F636E782E786D6C4DCCDF0A83201C86E15B91DFB94BFB330DD428C8FB886521330DA7
  310
6397BF1A1DECE883878F57749FCDA1B7892F1BBC047A23808C7F84D9FA55424E0BE6803A256208E9EF06C84F9B91703228B1C690F78B66B34CD9A5439DF5CF0BFBF65E35BCA1B8D6A5C6F540381E886698B5741C695F9503EBA150A2F8958E3DC3EA0B504B0304140006080800CC70623B7DF2F77C2A010000120200003100
  310
00006662782F41393633353835312D344632462D344230382D423046372D3739314545314133324237412F636F72652E786D6C8D51DB8EC22014FC15C2939B0D2DB4B45643319AE817EC0F6041255A68B86CFCFC856D4D76DF7CE190393373060EDB3DC707F856CE6B6B7A480A0C81328395DA5C7B18C3057510EC3873D686
  310
3F34088C18550F330C39BB3A1BA7051AAC09CA84841A2BD5020AEF55806078A44B0FFD7053A328440C89E1EFC52486BBB8AA8214A99D789CF9E05200300FC927E4FB4D5B375D43103D5527440FB843077C5AA3F5861C8F645F5787F59E95B390B318B55CE45AA638FAA2957BD7248B390B7A7CC51F9C124149C82B8C378810
  310
84AB2F42B7B8DD56F413775B8C5999E9FF4471926F8AA236A1AE96B8B3CC434E5839373893369E1FAF30EA395917409EB7F26AF8801C171837A4A6AC9C89E9F9C9B1A58BA30FD6A5EF5DDDCF894B9AD9B6A59C957943A9FCAE2FD5BC4DFE03504B0304140006080800CC70623BAD7543B64E01000033030000300000006662
  310
782F41393633353835312D344632462D344230382D423046372D3739314545314133324237412F636E782E786D6CD593CD6EC32010845F0571AD6CE3D48AD20813A9873E410FBD12D82434182C7EAAE6EDBB2424CD25871E7B41D6EC30B3FA84F9E67BB2E40B4234DE8DB46F1925E094D7C6ED479AD3AE5951B2113C789FEE
  310
6C943839C1488B4C05DF079FE72A69D8C96C13AAD6B8631503449F83828872B949AC57D26200B826A308D316B4064D6E46FCDA41C05550DC9E483A00797BFD207EFB092A45DE9514C1BBD22178396BD39D891265658C238DEA00936C654E5E433CB65A26D9F6EDB5EBC14EBF49A45CB856E66048291F6939A9A81BB5C89177
  310
38143CA680F4AA299D66A042CEB3354A2684DC9D8D178FE0D9B8B41CAAD720F880EE7EF93C0C18769E099ECC04D5A102C8049A8A05632F4DDF376CF1DE0F6BB65C2F8627B65A33C6BB62177CEBBDAD973006829F89F22E814B54F4BC2BE347F8AA8F681390B50FA73F804400B5F542E796F19FF974E7F78DB802FE05E20750
  310
4B0304140006080800CC70623BE75B7789680500003C100000340000006662782F41393633353835312D344632462D344230382D423046372D3739314545314133324237412F6F626A656374732E786D6CAD575B8F9B3818FD2B887D06C22499CB8AA1CA655245D5B455A356FB305264C061D8018C6C3393D95FBFC7600890
  310
A4CD5EF210B0B1BFEBF98E3F7B1FF6596ABC522E1296DF9BAE3D320D9A872C4AF2F8DE2CE5CEBA358D0FBEC719939D65A691938CDE9B6ADAF4BD98B3B2D05311DD91329583D9D5FC0F438434A7A611A644887B5384CF34233629258BA878B12322891DEFF6B66BD70BFB62634E8AE781D082709A4B588AF91C528CDA28B73F
  310
1C998EEF39EABBEFA97FBD6A7C7E9553F9D3D79FE442923C3C523610337627CB87ABE99D359D4CC6D6E4FACAB5E6ABF9D2726FC6A3C5F56271377BB88362213924694B38DD99FE47C48627A1E7D49F5A8BB5E1A74C0A599ED3B0F21F1E56366B89112D681E218F0915D0D6F17AD41FBA2A369DCF6335D62ABBD39779D5DDD1
  310
11D4D8DE3CBB96B2E04FB8202E41051754A1AA8E8F76B4C6DFE810B580B1547F4B84911149794252234D024EF8BBE963A95AE27B3D310A9D5C215C7960FAEE415ED75694C6AFB17BCACA5D99A60A9AA65F217B0BFC53292ACB92BF283FAD0D3621576592CB5BED907C2FA8E9DF794E35E97BEA31BED21FEB401ABB94C44839
  310
DCACBF0E1C5DA8DA5B2F4DFFD32AD86F543D9E565E7056502E157C00AD2671CD534549AB752FCA9CDA00677A313F04E51B22FF19E57B300579E3C97EB29F682D92935CEC18CF901B7B54FD8C51F362B56FC72FE0B3C1EAE335EDCCBF5AEC39ADB17DC238973F804BA5E6F6BFE7AF1FB32E523BE9F3BD571418E3631DCA4D48
  310
5250CF639223210A9446CA30052EDF057BD35F8329C1ECD84552BF0DC8D18BE7BCE23BFE6BD960AB4A7DE79923A103BEBD80F911CBAA2C60DB19B01CF164A5583B772EE6D3FFA56666CBCDA74DC97724A48F9A58967497E489C4D979006FD7A05E227A1EBDD0F737C623387A9C844D3709995625106D157315F8B8392CD4E0
  310
A0B9A720C4BE9829CEF37EA1E13111214D53925356365ADA634861B52519DD27A00AEB808EAF0628E6F435519D446F45CF2C9CF5214F0A15B2F6D06B79DA3EE3CBF7F56780D2F4E7EF73A0F5E5B02A38D07DC852C6B7C1FBB6664213E0C39E3EBA7FF4E1AD23EA2829407C85E586727488B751B2DB9502BC7B228A3FD68B6E
  310
A65A22397E690AA8D158D7E404EC8CDA235CC3B7D1898680131CEC2CDF2638C65196279577750F15884AEE19F94199155B92B13297978469D4F8D358DF0AEF7631E28DC8F0D9F437D5D39A83B2231A1D52D543813A824EF8D44BCFF2FA6A31BD1E8DAD87F1CCB526B3879935BF59CDADD5C37479BB1CDD4CA7B3556B516589
  310
EF352754B706114D9C885EC9131DE6EFEB43D99AFE2391C2F958179413D7CFEF6B1B6DB1E7600F00DE6E5C67454A339A4BA2E0FBA85ED26F045D454F463DBFCE484C2F90F2E5E3666003662ED8F755951A7D1BECD5B30B550B2785C8E7320B7292A4838DDA71BBC863ED7613CAF659337A3354231D4FF4A182A54904C2898C
  310
98B28C4AD0CE056CCF332A80986E571EE9DBC305BB5FEB7E509220A58D25CF042D712A806AC0AD0C657FDEF80D2D9CEAA2EE4D1C76F60BFE74219A06527D6F82DF6412526107381E55E353090704D085B52408A8913C4ED159D79BDA71BB4BC506F4831350EB6F975CD22D69BF7AC49B91A2C0A9DDA3D5CA36AD20FC478E37
  310
E61844E2352865EBCB61A275A65283CAAA9DD27703B4102F5AF51EF5F573B75CBB5AD38BC845F7A49F82A0966A49C2E3EA5EA0ECD326CD965F1DB402C6FA8B51A4658C5C5E2EC9E214602E55810345408596591009A82E7E7FFACA19EEA299B14A0081A705CB3296EBC14CDF658DCD336EA6D1136881AAEB87B81AB9EE53D5
  310
F5EB8BC8362082DA24122F98680A4E7930C01A0079749CEA14382A0783E5EBA5A10F8C098456A03D6A4AEB6BB881E2513747552A5DB22C7EDAF83BD5528081A365F7FF06504B0304140006080000CC70623B000000000000000000000000350000006662782F41393633353835312D344632462D344230382D423046372D37
  310
39314545314133324237412F76657274696365732E62696E504B0304140006080800CC70623BF270F1330600000004000000360000006662782F41393633353835312D344632462D344230382D423046372D3739314545314133324237412F747269616E676C65732E62696E636660600000504B0304140006080000CC7062
  310
3B000000000000000000000000370000006662782F41393633353835312D344632462D344230382D423046372D3739314545314133324237412F617474726962757465732E62696E504B0304140006080800CC70623B08DA0BD19000000041010000360000006662782F41393633353835312D344632462D344230382D4230
  310
46372D3739314545314133324237412F6469726563746F72792E786D6C858F410AC3201045AF22B36F53E9A60B35CBEEBAE80D244E44489C6234F4F835464A48035D0DF398FF9F8AF63D0E6CC63039F212F8F9020C7D47C6792B21C5FE7403D62A1188E2E60C98D7234A5830286103A55745067B9D86B8A3CF9C7F90C11DE6
  310
07FB144396D7B6A82D282E9A152AD114D5EF2CB866EEE831B8EEA07A7BB5A8D7D61A2BAAEB7FD5F70921FF497D00504B0304140006080800CC70623BEDD1DC58FD000000A00100003B0000006662782F41393633353835312D344632462D344230382D423046372D3739314545314133324237412F7265736F75726365732F
  310
636F72652E786D6C8D504B6E833010BD0A9A6D65B00922041947112427E8052C33A156828DFCA97AFC9A40A576D7CDCCE87D344F8F9FBFE667F689CE6B6B3A6039850C8DB2A336530731DC4903D95970676DF82583CCC8193B5861107C72362E3BA4AC096842428D1D7107A5F7182053CF7474E0D507CE32973124857FE48B
  310
540F3961CEF244279DE03EB81420DB9EAC1384436FA353E879B1B182C7A8C75DA3C7F453DF353A1075D537A7BA6464B8F535A99AE14A9A2BBD90E350DD183B5CFABE3AF262350B1EF4FC9351399401471025A527C218A1E53BAB5A5AB765F5469B96525EACF23FA6B88CFF34456DC2A1DCE36E360F82A5202F42F062ED2BAD
  310
579969AFDD8A6F504B010214000A0000080000CC70623B3DEE336E79000000790000001B00000000000000000000000000000000006175746F6465736B2D64657369676E2D7061636B6167652E786D6C504B01021400140006080800CC70623BD486FD9CA0000000F40000001300000000000000000000000000B20000005B
  310
436F6E74656E745F54797065735D2E786D6C504B01021400140006080800CC70623B853B8169EB0000007C010000080000000000000000000000000083010000636F72652E786D6C504B01021400140006080800CC70623B55019EA25F0000007C000000070000000000000000000000000094020000636E782E786D6C504B
  310
01021400140006080800CC70623BDBABAAF470010000D40300000C00000000000000000000000000180300006662782F636F72652E786D6C504B01021400140006080800CC70623B9C113CC27E0000009D0000000B00000000000000000000000000B20400006662782F636E782E786D6C504B01021400140006080800CC70
  310
623B7DF2F77C2A010000120200003100000000000000000000000000590500006662782F41393633353835312D344632462D344230382D423046372D3739314545314133324237412F636F72652E786D6C504B01021400140006080800CC70623BAD7543B64E010000330300003000000000000000000000000000D2060000
  310
6662782F41393633353835312D344632462D344230382D423046372D3739314545314133324237412F636E782E786D6C504B01021400140006080800CC70623BE75B7789680500003C10000034000000000000000000000000006E0800006662782F41393633353835312D344632462D344230382D423046372D3739314545
  310
314133324237412F6F626A656374732E786D6C504B01021400140006080000CC70623B0000000000000000000000003500000000000000000000000000280E00006662782F41393633353835312D344632462D344230382D423046372D3739314545314133324237412F76657274696365732E62696E504B01021400140006
  310
080800CC70623BF270F133060000000400000036000000000000000000000000007B0E00006662782F41393633353835312D344632462D344230382D423046372D3739314545314133324237412F747269616E676C65732E62696E504B01021400140006080000CC70623B0000000000000000000000003700000000000000
  310
000000000000D50E00006662782F41393633353835312D344632462D344230382D423046372D3739314545314133324237412F617474726962757465732E62696E504B01021400140006080800CC70623B08DA0BD1900000004101000036000000000000000000000000002A0F00006662782F41393633353835312D344632
  310
462D344230382D423046372D3739314545314133324237412F6469726563746F72792E786D6C504B01021400140006080800CC70623BEDD1DC58FD000000A00100003B000000000000000000000000000E1000006662782F41393633353835312D344632462D344230382D423046372D3739314545314133324237412F7265
  310
736F75726365732F636F72652E786D6C504B0506000000000E000E0080040000641100000000
  0
XRECORD
  5
1F8
  102
{ACAD_REACTORS
  330
1F7
  102
}
  330
1F7
  100
AcDbXrecord
  280
1
  70
1
  90
429727718
  1
30362254-06B7-45E0-A893-8CFA70E3D6BC
  310
504B03040A0000080000CC70623B3DEE336E79000000790000001B0000006175746F6465736B2D64657369676E2D7061636B6167652E786D6C3C3F786D6C2076657273696F6E3D22312E302220656E636F64696E673D227574662D3822203F3E3C666F726D6174733E3C666F726D61743E687474703A2F2F736368656D612E
  310
6175746F6465736B2E636F6D2F64657369676E2D7061636B6167652F323030393C2F666F726D61743E3C2F666F726D6174733E504B0304140006080800CC70623BD486FD9CA0000000F4000000130000005B436F6E74656E745F54797065735D2E786D6C7D8EC10E82300C865F65E91D8A1E8C310C0EEA1BF002731658846E
  310
D98AC1B77784ABF1D8FE5FBFBF75BBCE937A534CCEB38643598122B6FEE978D0B0485F9C41B54DDD7D022595594E1A469170414C76A4D9A4D207E29CF43ECE46F218070CC6BECC4078ACAA135ACF422C856C0E68EA1BF5669944DDD7BCDE7B1F8E415D77AECB980613C2E4AC91FC167A2B244592486606FC29C8FD7F045B9A
  310
EF7053A7E60B504B0304140006080800CC70623B1EC5D7A3EB0000007C01000008000000636F72652E786D6C8D90416EC3201045AF82665B6103C6756C6122AB4D4ED00B204C5C94182C03558F5F9C3852BBEB6A467FFE9B197D71FC9E6FE8CBACC17AD7032D0820E3B41FAD9B7A48F1820F808E52ACDEC75F36404ECDA687
  310
4D0629A6D5A76597B477D1B89855E747B38B2A041301E95B6E7A08FAD3CCAA50296647B8168BD2573599823EBB0CA76447F43862C7BCCF5EAC59410E4DDD9C7973C2755553CCCFA4C603E3040F1565ED3B1FDE4E432BCA0D9622DAF9795FAF464533826484B498524CD807E51D79ED187F21878E10516EF63F505AC67F42C9
  310
BA58B1FDDD071640D2FCC87D2045B96591CB3DA85CB7DCE40F504B0304140006080800CC70623B55019EA25F0000007C00000007000000636E782E786D6C4DCB3B0E80201045D1AD90E915ED2CF8AC45050C11660C8261F98AB1B07AC9C97D42D718D865D3E909258CFD00CCE24AC6E326A164D74DC0B4128928FF32603847
  310
2BA13128B1252AC747C6BAB984FC68F0B87FE8960A5C09FE86CFB69FBA01504B0304140006080800CC70623B8C9102E971010000D40300000C0000006662782F636F72652E786D6CC5535B6E833010BC8AE5DF0A6C08340F1947A84D4ED00B38C6A128602363A31CBFCB234A53A551FA553EC09AD9F5CE8C31DB9E9B1AF5CA
  310
7695D1198E428A91D2D214952E33ECDD315861B4E5CC1AE3BE9561A445A3323CC098B3D21ADFCE9034DA29ED00D5A6503328BA4E398C640D8B0C77F253352214DE4145770A5B214FA2546114020D759C75CE8200340D19DE981F0F6746269C33EFAB6266AB02A655C74A59CCF365BADC27CB5D902ED22848F6340DF238A141
  310
BE88E2F57B92BFEDF23523433367AE6A2EEAA455C2A902F398D2751045018D3FA264435F3771F242571B4A1919CA6F9A7C5B3CD9E42BED16F12C776AEB308F40C848FC700B1139D4891EF410CEC810227CC6846F8386402064270EF5C5C709A05E49676C024C61FC95EA45ED154CA5211D1FF4FB8291A913A68E9B83EBBB33
  310
E2A7673CDE118E5AE8124C0807CB8377834E366998436B950D7A7746DAD846D4CFD978E0F04FD455FC5D49D2D4C6FE9722321F10997F0F32DC47FE05504B0304140006080800CC70623BFFEA85907E0000009D0000000B0000006662782F636E782E786D6C4DCCD10A83201886E15B91FFDC95D95A811AB6F23E625948A6C3
  310
E9D8E5AF46073BFAE0E1E365ED67B3E8ADC3CB78C7815C7240DA3DFC64DCC221C519D7805AC182F7F1EF06C88D9BE6703008B6049F9E274D7A1E938DBB5AE3D6131B2589BA0D3D965551E0B2EA732C9B9A624AAEB41E3A557677029960D9AFB4EF11165F504B0304140006080800CC70623B4FEEA4082C0100001202000031
  310
0000006662782F39464131463745442D413632322D343644302D413938332D3331353338454246344243312F636F72652E786D6C8D515B6EC32010BC0AE2AB55850DD871ED0813254D72825EC00192A2C460F1A872FC42ED48ED5F7E00CDCECCCEB26C731F6FE05B39AFADE921293004CA082BB5B9F43086336A21D870E6AC
  310
0D7F68109861543DCC30E4ECE26C9C164858139409093556AA051CBC570102714B8F1E7AF1A5C6A11862480C7F2DA6415C878B2A4891CA89C7990F2E050073937C42DE1DB7E4F87ED8A36D4329AA9B3D46DBAEAD504556557BD81DEBDD0761E52CE42C462D17B996298E3E6BE59E35C962CE821E1FF18553435012728A7187
  310
0841987E927A8D9B35ADDF70BBC6989599FE4F1427F9A4286A132ABAC49D651EF234CD5CE04CDA78BA3DC2A8FB645D00B9DF8B57E215725C60BCA2A463E54C4CE327C7A65E1C7DB02E7DEFCBF594B864C5CA6CDBD49C957943E9FA5D5FBAF336F90F504B0304140006080800CC70623BAD7543B64E01000033030000300000
  310
006662782F39464131463745442D413632322D343644302D413938332D3331353338454246344243312F636E782E786D6CD593CD6EC32010845F0571AD6CE3D48AD20813A9873E410FBD12D82434182C7EAAE6EDBB2424CD25871E7B41D6EC30B3FA84F9E67BB2E40B4234DE8DB46F1925E094D7C6ED479AD3AE5951B2113C
  310
789FEE6C943839C1488B4C05DF079FE72A69D8C96C13AAD6B8631503449F83828872B949AC57D26200B826A308D316B4064D6E46FCDA41C05550DC9E483A00797BFD207EFB092A45DE9514C1BBD22178396BD39D891265658C238DEA00936C654E5E433CB65A26D9F6EDB5EBC14EBF49A45CB856E66048291F6939A9A81BB5
  310
C8917738143CA680F4AA299D66A042CEB3354A2684DC9D8D178FE0D9B8B41CAAD720F880EE7EF93C0C18769E099ECC04D5A102C8049A8A05632F4DDF376CF1DE0F6BB65C2F8627B65A33C6BB62177CEBBDAD973006829F89F22E814B54F4BC2BE347F8AA8F681390B50FA73F804400B5F542E796F19FF974E7F78DB802FE05
  310
E207504B0304140006080800CC70623B16AB87BA640500003C100000340000006662782F39464131463745442D413632322D343644302D413938332D3331353338454246344243312F6F626A656374732E786D6CAD575B6FA33818FD2B887DE6924B3BED8A326A92B68A663B534DD4D13E548A0C38942D60649B369D5FBFC7
  310
600890A493BDE42160637FD7F31D7FF63E6FB3D478A55C242CBF3247B66B1A340F5994E4F19559CA8D75611A9F7D8F33263BCB4C232719BD32D5B4E97B316765A1A722BA21652A07B3B7B33F0D11D29C9A46981221AE4C113ED38CD8A4942CA2E2C58E882476BCD9DA23BB5ED8171B73523C0F841684D35CC252CCE79062D4
  310
468DFA43D7747CCF51DF7D4FFDEB5593E3AB9CCA9FBEFE241792E4E19EB28198C968BAB8199F5D5A67D3E9C49A9E8F47D6EC76B6B0469F26EEFC7C3EBFBCBEB98462213924694B38DD98FE1D62C393D073EA4FADC5DAF04326852CCF6958F90F0F2B9BB5C48816348F90C7840A68EB78EDF68723159BCEE7891A6B95DDE9D3
  310
BCEAEEE8086A6C6F9E5D4B59F0175C10A7A0820BAA5055C7473B5AE3CFDD452D602CD5DF12616444529E90D448938013FE6EFA58AA96F85E4F8C42275708571E98FE6827AF6B2B4AE3D7D83D64E5A64C53054DD3AF90BD06FEA9149565C94FCA0F6B834DC85599E4F2423B24DF0B6AFA979E534DFA9E7A4CC6FA631D486393
  310
921829879BF5D781A373557BCB85E97FB90DB62B558F8795179C15944B051F40AB495CF35451D26A4727654E6D8033BD98EF82F21D91FF8AF2DD9982BCF1643BDD4EB516C9492E368C67C88DED563FC36D5EACF66DFF057C3658BDBFA69DF9578B3DA735B64F18C7F20770A9D45CFCF7FCF563D6456A277DBEF78A02637CA2
  310
43B90A490AEAB94F72244481D24819A6C0E59B606BFA4B3025981DBB48EAB701D97BF19C577CC77F2D1B6C55A9EF3C732474C0B727303F625995056C3B02963D9EAC146BE78EC5FCEC7FA999EBC5EACBAAE41B12D27B4D2C0BBA49F244E2ECDC81B76B502F113D8F5EE8FB1BE3111CDD4FC2AA9B844CAB1288B68AB90A7CDC
  310
1C166AB0D3DC5310625FCC14E779BFD0709F8890A629C9292B1B2DED31A4B0DA928CEE135085754027E3018A397D4D5427D15BD1330B677DC8934285AC3DF45A9EB68FF8F2B8FC0A509AFEECFD0FF2DE25CC6047F7214B195F07EFEB9A094D800F7BFAE8FED187B78EA8A3A400F115961BCAD1215E47C966530AF0EE8128FE
  310
58CEBB996A8964FFA529A046635D9353B0336A8F700DDF46271A024E70B0B37C9DE01847591E54DED53D54202AB947E4076556AC49C6CA5C9E1226B7F1A7B1BE15DEED62C41B91E1B3E9AFAAA735036547343A925075041DF0A9979E893B391F8FCFA6967B3EFB644DCF6E5CEBFAE272625DCC6FAF3FB93793C5F90CE1EF57
  310
407342756B10D1C489E8953CD1617E5CEECAD6F4EF8914CE5D5D504E5C3F1F9736DA62CFC11E00BCDDB8CC8A9466349744C1F75EBDA4DF09BA8A9E8C7A7E9991989E20E5DBDD6A6003664ED8F7A04A8DBE0DF6EAD9B9AA858342E47399053949D2C146EDB85DE4B176BB0965FBAC19BD19AA918E27FA50C1D22402E144464C
  310
59462568E704B6E71915404CB72B8FF4EDE184DDAF753F284990D2C6926782963815403548A70C657FDEF80D2D9CEAA2AE4C1C76F60BFE74219A06527D6582DF6412526107381E55E353090704D085B52408D0933C4ED159D79BDA71BB4BC506F4831350EB6F979CD22D69BF7AC49B91A2C0A9DDA3D5CA36AD20FC478E37E6
  310
1844E2352865EBCB6EA275A652E3836BE04EFB400BF1A2556F515F1FBB35B2AB35BD889C744FFA1004B5544B121E57F70215746DD2F5E2C1412B602CBF19455AC6C8E5E9922C4E01E65215385004546899059180EAFCF7A707CE7017CD8CDB0410789AB32C63B91E5CEBBBACB17AC6CD347A022D5075FD106377347AAABA7E
  310
7D11590744509B44E205134DC1290F06580320F78E537D3D73540E06CB970B431F185308AD40BBD794D6D77003C5A36E8EAA54BA64597CD8F83BD552A080A365F7FF06504B0304140006080000CC70623B000000000000000000000000350000006662782F39464131463745442D413632322D343644302D413938332D3331
  310
353338454246344243312F76657274696365732E62696E504B0304140006080800CC70623BF270F1330600000004000000360000006662782F39464131463745442D413632322D343644302D413938332D3331353338454246344243312F747269616E676C65732E62696E636660600000504B0304140006080000CC70623B
  310
000000000000000000000000370000006662782F39464131463745442D413632322D343644302D413938332D3331353338454246344243312F617474726962757465732E62696E504B0304140006080800CC70623B08DA0BD19000000041010000360000006662782F39464131463745442D413632322D343644302D413938
  310
332D3331353338454246344243312F6469726563746F72792E786D6C858F410AC3201045AF22B36F53E9A60B35CBEEBAE80D244E44489C6234F4F835464A48035D0DF398FF9F8AF63D0E6CC63039F212F8F9020C7D47C6792B21C5FE7403D62A1188E2E60C98D7234A5830286103A55745067B9D86B8A3CF9C7F90C11DE607
  310
FB144396D7B6A82D282E9A152AD114D5EF2CB866EEE831B8EEA07A7BB5A8D7D61A2BAAEB7FD5F70921FF497D00504B0304140006080800CC70623B0D6EF93BFE000000A00100003B0000006662782F39464131463745442D413632322D343644302D413938332D3331353338454246344243312F7265736F75726365732F63
  310
6F72652E786D6C8D50596E833010BD0A9ADFCA60B334011947A8694ED00B586642AC041B79A97AFC9A40A5F6AF3F33A3B7689E1E3F7DCD8FEC139DD7D6F4C0720A191A65476DA61E62B892236427C19DB5E1970C322367EC618541F0C9D9B8EC90B226A009093576C41D94DE63804C3DD2D18357379C652E63480A7FCF17A9
  310
EE72C29CE5894E3AC17D702940B63D59270887DE46A7D0F36263058F518FBB468FE9A7BE6A7420864373B8D4873369AA8691FA421B3294352543C5CAF65C0F6FEF43CB8BD52C78D0F34F46E550061C419494B6843142CB0F5677F4B52BEB177AEC28E5C52AFF638ACBF84F53D42654E51E77B379102C05791282176B5F693D
  310
CB4C7BED567C03504B010214000A0000080000CC70623B3DEE336E79000000790000001B00000000000000000000000000000000006175746F6465736B2D64657369676E2D7061636B6167652E786D6C504B01021400140006080800CC70623BD486FD9CA0000000F40000001300000000000000000000000000B20000005B
  310
436F6E74656E745F54797065735D2E786D6C504B01021400140006080800CC70623B1EC5D7A3EB0000007C010000080000000000000000000000000083010000636F72652E786D6C504B01021400140006080800CC70623B55019EA25F0000007C000000070000000000000000000000000094020000636E782E786D6C504B
  310
01021400140006080800CC70623B8C9102E971010000D40300000C00000000000000000000000000180300006662782F636F72652E786D6C504B01021400140006080800CC70623BFFEA85907E0000009D0000000B00000000000000000000000000B30400006662782F636E782E786D6C504B01021400140006080800CC70
  310
623B4FEEA4082C0100001202000031000000000000000000000000005A0500006662782F39464131463745442D413632322D343644302D413938332D3331353338454246344243312F636F72652E786D6C504B01021400140006080800CC70623BAD7543B64E010000330300003000000000000000000000000000D5060000
  310
6662782F39464131463745442D413632322D343644302D413938332D3331353338454246344243312F636E782E786D6C504B01021400140006080800CC70623B16AB87BA640500003C1000003400000000000000000000000000710800006662782F39464131463745442D413632322D343644302D413938332D3331353338
  310
454246344243312F6F626A656374732E786D6C504B01021400140006080000CC70623B0000000000000000000000003500000000000000000000000000270E00006662782F39464131463745442D413632322D343644302D413938332D3331353338454246344243312F76657274696365732E62696E504B01021400140006
  310
080800CC70623BF270F133060000000400000036000000000000000000000000007A0E00006662782F39464131463745442D413632322D343644302D413938332D3331353338454246344243312F747269616E676C65732E62696E504B01021400140006080000CC70623B0000000000000000000000003700000000000000
  310
000000000000D40E00006662782F39464131463745442D413632322D343644302D413938332D3331353338454246344243312F617474726962757465732E62696E504B01021400140006080800CC70623B08DA0BD190000000410100003600000000000000000000000000290F00006662782F39464131463745442D413632
  310
322D343644302D413938332D3331353338454246344243312F6469726563746F72792E786D6C504B01021400140006080800CC70623B0D6EF93BFE000000A00100003B000000000000000000000000000D1000006662782F39464131463745442D413632322D343644302D413938332D3331353338454246344243312F7265
  310
736F75726365732F636F72652E786D6C504B0506000000000E000E0080040000641100000000
  0
XRECORD
  5
175
  102
{ACAD_REACTORS
  330
173
  102
}
  330
173
  100
AcDbXrecord
  280
1
  270
1
  271
1
  0
XRECORD
  5
174
  102
{ACAD_REACTORS
  330
173
  102
}
  330
173
  100
AcDbXrecord
  280
1
  270
1
  271
1
  0
XRECORD
  5
1FB
  102
{ACAD_REACTORS
  330
173
  102
}
  330
173
  100
AcDbXrecord
  280
1
  70
0
  90
1673772943
  1
ECE7A1D2-D628-4531-984C-D00F80459256
  310
504B03040A0000080000CC70623B3DEE336E79000000790000001B0000006175746F6465736B2D64657369676E2D7061636B6167652E786D6C3C3F786D6C2076657273696F6E3D22312E302220656E636F64696E673D227574662D3822203F3E3C666F726D6174733E3C666F726D61743E687474703A2F2F736368656D612E
  310
6175746F6465736B2E636F6D2F64657369676E2D7061636B6167652F323030393C2F666F726D61743E3C2F666F726D6174733E504B0304140006080800CC70623BD486FD9CA0000000F4000000130000005B436F6E74656E745F54797065735D2E786D6C7D8EC10E82300C865F65E91D8A1E8C310C0EEA1BF002731658846E
  310
D98AC1B77784ABF1D8FE5FBFBF75BBCE937A534CCEB38643598122B6FEE978D0B0485F9C41B54DDD7D022595594E1A469170414C76A4D9A4D207E29CF43ECE46F218070CC6BECC4078ACAA135ACF422C856C0E68EA1BF5669944DDD7BCDE7B1F8E415D77AECB980613C2E4AC91FC167A2B244592486606FC29C8FD7F045B9A
  310
EF7053A7E60B504B0304140006080800CC70623BD9DDAED0EC0000007C01000008000000636F72652E786D6C8D90416EC3201045AF82665B61836D9CD8C2444DD39CA01740405C94182C03558F5F9C3852BBEB6A467FFE9B197D7EF89E6EE8CB2CC17A37002D0820E394D7D68D03A478C17B4007C117EFE32F1B20272733C0
  310
2A83E0E3E2D3BC49CABB685CCCAAF3DA6CA20CC14440EA969B0182FA34932C648AD911AEC52CD5558EA6A0CF2EC329598D1E47ACCEFBECC59A050463A7EA5833865FEBDD0E37353BE3EE8DBDE3F6786A48D375FBF6CC78B9C282473B3DEFABC5C86834888A900E538A49F5419B9EB47DD5BC907D4F082F57FB1F28CDFA9F50
  310
B22ED6D5F6EE030B20687EE43E10BC5CB3C8E51E54AE6B6EE207504B0304140006080800CC70623B55019EA25F0000007C00000007000000636E782E786D6C4DCB3B0E80201045D1AD90E915ED2CF8AC45050C11660C8261F98AB1B07AC9C97D42D718D865D3E909258CFD00CCE24AC6E326A164D74DC0B4128928FF326038
  310
472BA13128B1252AC747C6BAB984FC68F0B87FE8960A5C09FE86CFB69FBA01504B0304140006080800CC70623BA24EB22D72010000D40300000C0000006662782F636F72652E786D6CC5535B6E833010BC8AE5DF0A6C5E49888CA3A6694ED00B38E05014B091B1518EDFE511A5A9D228FD2A1F60CDEC7A67C6986DCE4D8D7A
  310
69BA4AAB0C073EC548AA5C17952A33ECECD15B61B4E1CC686DBF9561A44423333CC098B3D268D7CE50AE9595CA02AA74216750749DB418E5352C32DCE59FB211BE70162ABA93DF8AFC244AE9073ED050C759670D0840D390E18DF9F1706664C23973AE2A66B62A605A75ACA4C13C4976E1364A12EF355A2EBD384AF65EFA96
  310
BC7B8BED2EA6719AAE16FB8491A199335B351775B991C2CA02F390D2D40B028F861F41BCA68B7518BFD0D59A524686F29B26D7164F36B94AD9289CE54E6D1DE6010819891F6E21228B3AD1831EC219194284CF98F06DD01008846CC5A1BEF83801D4CBDC6A1303536877A57A513B0953A94FC707FDBE6064EA84A9E3E6E0FA
  310
EE8CF0E9198F7784A316AA0413C2C2F2E0ECA0934D1AE6D05A69BCDE9E91D2A611F573361E38FC1375157F5752AE6B6DFE4B11990F88CCBF0719EE23FF02504B0304140006080800CC70623B408A7D3B7C0000009D0000000B0000006662782F636E782E786D6C4DCCD10A83201886E15B91FFDC552A92A0064DBC8F581632
  310
D3703A76F9ABD1C18E3E78F878E5F0D9027ABBFCF2292AE86E2D20171F69F6715550CB827B40839639A5F2770314A7CD293819B45C73AAFB45B35BA61ACAA1C1C7E7855C58C15BC331339661262CC762340413D68D77DA5B42298546CBE6573AF60CEB2F504B0304140006080800CC70623B449FB9BD290100001202000031
  310
0000006662782F36394639363044362D344446342D343946362D394244322D3234314243333846323333332F636F72652E786D6C8D515B6EC32010BC0AE22B55850D98B871848994463E412FE002495162B07854397EA176A4F62F3F2C9A9D991D587EB84F37F0AD7D30CEF6905418026DA553C65E7A98E219ED203808EE9D
  310
8B7F6810D871D23D2C3014FCE25D9A57483A1BB58D19B54EE9151C43D0110279CB971E06F9A5A7B11A53CC8C70ADE6515EC78BAE4895DB992778883E0700CB907242D17643D7E2538BD869608875438BBAE38922CAC8F1BDD90DB4691A5E2F42C153326A951B95E398B3D1FE599322163C9AE9115F7A3D46ADA0A018778810
  310
84E907617BDCEE297BC5BB3DC6BC2EF47FA234AB2745C9D8D8D035EE220B50105E2F0DC1954B9FB747187D9F9D8FA0CCDB042D5FA0C015C65B42DF78BD10F3F3B363CB56C7109DCFDFBBB97E662ED92EB62D13BC2E1BCAE5777DB9966D8A1F504B0304140006080800CC70623BAD7543B64E01000033030000300000006662
  310
782F36394639363044362D344446342D343946362D394244322D3234314243333846323333332F636E782E786D6CD593CD6EC32010845F0571AD6CE3D48AD20813A9873E410FBD12D82434182C7EAAE6EDBB2424CD25871E7B41D6EC30B3FA84F9E67BB2E40B4234DE8DB46F1925E094D7C6ED479AD3AE5951B2113C789FEE
  310
6C943839C1488B4C05DF079FE72A69D8C96C13AAD6B8631503449F83828872B949AC57D26200B826A308D316B4064D6E46FCDA41C05550DC9E483A00797BFD207EFB092A45DE9514C1BBD22178396BD39D891265658C238DEA00936C654E5E433CB65A26D9F6EDB5EBC14EBF49A45CB856E66048291F6939A9A81BB5C89177
  310
38143CA680F4AA299D66A042CEB3354A2684DC9D8D178FE0D9B8B41CAAD720F880EE7EF93C0C18769E099ECC04D5A102C8049A8A05632F4DDF376CF1DE0F6BB65C2F8627B65A33C6BB62177CEBBDAD973006829F89F22E814B54F4BC2BE347F8AA8F681390B50FA73F804400B5F542E796F19FF974E7F78DB802FE05E20750
  310
4B0304140006080800CC70623B8D05915C650500003B100000340000006662782F36394639363044362D344446342D343946362D394244322D3234314243333846323333332F6F626A656374732E786D6CAD575B6FA33814FE2B887D06429276DA1565D4266D158D3A339A6846FB502932E050B66023DB74D2FDF5FB190C01
  310
9276B2973C046C8ECFF53B17071F77456EBD502133CEAE6CDF9DD81665314F32965ED995DA3A17B6F5310C04E7AA47665B8C14F4CAD6DB7618A48257A5D94AE89654B91AEDDEDDFC61C998326A5B714EA4BCB265FC440BE2924AF184CA6737218AB8E976E7FA6E4338649B0A523E8D98964450A6A029F619B8588D52FE7039
  310
B1BD30F0F4F730D0FF866AF6369557DB33949F31A9088B0F848DD8CCFCF9F2767A76E99CCDE733677E3EF59D9BBB9BA5E37F984D16E78BC5E5F5ED25044B25C0C96822E8D60EEFE11B91C581D77CEA34368A1F5329E68CD1B8B61F16D63A1B8E092D294B10C78C4A48EB593D192E7DED9BDEE7995E1B91FDEDD3ACEA9FE831
  310
6A756F9F7D4D79F4274C90A7A04248AA51D5F8C718DAE06FB2F75AC4796EBE65D22A88A22223B995679120E2D50E41AA49C260C046A35368846B0BECD0DFF3EBEB8AD4F835768F69B9ADF25C43D30E6B646F807FAA64AD59F61715C7A54127C4AACA98BA3006A9D792DAE165E0D59B61A01FB3A9F9D838D2DAE62445C86166
  310
F37564E842E7DE6A69879FEEA2DD5AE7E371E1A5E025154AC307D06A03D73EB5978C58FFA4C8E9033066E0F3BD53BEC1F39F91BE7B55103791EDE6BBB991A2046172CB4581D8B893FA674DDA17A77B3B7C413D1B511FD2743BFF8A38F03A658705E3ADF8015C3A3417FF3D7E439FF591DA0B5F18BC20C1B8981957AE6392A3
  310
F43C640C01D1A0B4728E2DD4F26DB4B3C3152A252A3B4E913CEC1C72F012782FF88EFF8637AA552DBEF76408E8A8DE9E50F9E1CB3A2DA0DB1B6039A893B56063DC5B3E3FFB5F72E67AB9FEB4AEC496C4F4C1149625DD662C53E89D7BF0F6151A046260D1337DFDC94502430F83B0EE07A130A224BCAD7DAE1D9FB6CD422FF6
  310
920702629C4BB9AE79C12F243C6432A6794E18E5552BA56B431AAB5D91317302B2B071E86C3A42B1A02F999E24061403B5D0EB639195DA655DD3EBEAB4FB862DDF579F014AD0E73C22F99E28DA57FB98E75C6CA2D74D53086D600F4786E0FE3144B771A8A7B900F03594DB8A633CBC49B2EDB69228BB479CF863B5E807AAAB
  310
23872F6DFEB4129B949CA33823F58830E86D65621E10047D9DB34D862E8EAC3C2ABC2F7B2C40D67CDFE01F5545B92105AF983AC54D93D69E56FB8E797F88913F898A9FEC705D3F9D1B54EC8426FB500D40A03BD0119B06E1B95DDC7EB8F6975367793EBD70E66733DFB9BC982F9CE564727731999F5D4ECFCE3B8D6A4DC2A0
  310
6D50FD148437D110834A64C6CDDF57FBACB5C307A2A477DFE4939736CFEF2B175371E0E10CF0DD1D5C15654E0BCA14D1E87DD02FF93782A162C0A3D95F1524A52770F972BF1EE9809D13CE7DD599467F8ECE9ADD85CE85A34CD45355448C64F9E8A031DC2D596ACC6E5DD93D9B82DE2EF5CAF81363A8E47996A0DE24564A79
  310
4115AACE09C55E14540231FDA13C319787134EBF34E3A022514E5B4D9E0826E25C02D5805B15ABE1BEF51B26383D445DD9E875EE33FE4C22DA16427D65A3BCA92CA6D28DD01DF5DC53330704308475351050232CCD31583787BA75774AFB06E5070DD0C8EF484E19968C5D83BA5B90B244D31E54D55A372320FE4786B7EA58
  310
44E135AA5467CB7EA333A61683CC6A8C3257034C10CF46F40EF9F5BE59BE5BD30C3C72D235E95D10345C1D45445A5F0BB47E46A5EBE5570F9380B5FA629579952296A773720405982B9DE04011506178964401AA8BDF1FBF0A8EAB6861DD6580C0E38217056766716DAEB2D6FA0917D3E4116581EADB879C4E7CFFB11EFACD
  310
3D641311495D92C8676CB409A72D18610D803CE8A626049E8EC1887CB5B44CC39883690DDA8399B4B9855B481E7D71D4A9D22F96E5BB73BF5793020C02137BF837504B0304140006080000CC70623B000000000000000000000000350000006662782F36394639363044362D344446342D343946362D394244322D32343142
  310
43333846323333332F76657274696365732E62696E504B0304140006080800CC70623BF270F1330600000004000000360000006662782F36394639363044362D344446342D343946362D394244322D3234314243333846323333332F747269616E676C65732E62696E636660600000504B0304140006080000CC70623B0000
  310
00000000000000000000370000006662782F36394639363044362D344446342D343946362D394244322D3234314243333846323333332F617474726962757465732E62696E504B0304140006080800CC70623B08DA0BD19000000041010000360000006662782F36394639363044362D344446342D343946362D394244322D
  310
3234314243333846323333332F6469726563746F72792E786D6C858F410AC3201045AF22B36F53E9A60B35CBEEBAE80D244E44489C6234F4F835464A48035D0DF398FF9F8AF63D0E6CC63039F212F8F9020C7D47C6792B21C5FE7403D62A1188E2E60C98D7234A5830286103A55745067B9D86B8A3CF9C7F90C11DE607FB14
  310
4396D7B6A82D282E9A152AD114D5EF2CB866EEE831B8EEA07A7BB5A8D7D61A2BAAEB7FD5F70921FF497D00504B0304140006080800CC70623BCA768048FE000000A00100003B0000006662782F36394639363044362D344446342D343946362D394244322D3234314243333846323333332F7265736F75726365732F636F72
  310
652E786D6C8D50596E833010BD0A9ADFCA60D600328E9AA639412F609909B1126CE4A5EAF16B0295DABFFECC8CDEA2797AECF8353F924FB44E193D409E5248504B332A3D0D10FC95B4901C39B3C6F85F3248B49871801506CE266BC2B243D2688FDA47549B11775038871E12F988C7004EDE7016A9083E2ADC3D5D84BC8B09
  310
D33C8D74D471E6BC8D0192EDC93A815B742658898E651BCB59086ADC356A8C3FD555A1055ED7E7E254D615792D0F075295F585746FF53B694EE78A565DD736979A65AB9933AFE69F8CD2A2F038022F28ED489E135A7CE4554F9BBEA85E68DB53CAB255FEC71496F19FA6A0B42F8B3DEE6673C0F318E4497096AD7DC5F52C33
  310
EEB55BFE0D504B010214000A0000080000CC70623B3DEE336E79000000790000001B00000000000000000000000000000000006175746F6465736B2D64657369676E2D7061636B6167652E786D6C504B01021400140006080800CC70623BD486FD9CA0000000F40000001300000000000000000000000000B20000005B436F
  310
6E74656E745F54797065735D2E786D6C504B01021400140006080800CC70623BD9DDAED0EC0000007C010000080000000000000000000000000083010000636F72652E786D6C504B01021400140006080800CC70623B55019EA25F0000007C000000070000000000000000000000000095020000636E782E786D6C504B0102
  310
1400140006080800CC70623BA24EB22D72010000D40300000C00000000000000000000000000190300006662782F636F72652E786D6C504B01021400140006080800CC70623B408A7D3B7C0000009D0000000B00000000000000000000000000B50400006662782F636E782E786D6C504B01021400140006080800CC70623B
  310
449FB9BD290100001202000031000000000000000000000000005A0500006662782F36394639363044362D344446342D343946362D394244322D3234314243333846323333332F636F72652E786D6C504B01021400140006080800CC70623BAD7543B64E010000330300003000000000000000000000000000D20600006662
  310
782F36394639363044362D344446342D343946362D394244322D3234314243333846323333332F636E782E786D6C504B01021400140006080800CC70623B8D05915C650500003B10000034000000000000000000000000006E0800006662782F36394639363044362D344446342D343946362D394244322D32343142433338
  310
46323333332F6F626A656374732E786D6C504B01021400140006080000CC70623B0000000000000000000000003500000000000000000000000000250E00006662782F36394639363044362D344446342D343946362D394244322D3234314243333846323333332F76657274696365732E62696E504B010214001400060808
  310
00CC70623BF270F13306000000040000003600000000000000000000000000780E00006662782F36394639363044362D344446342D343946362D394244322D3234314243333846323333332F747269616E676C65732E62696E504B01021400140006080000CC70623B00000000000000000000000037000000000000000000
  310
00000000D20E00006662782F36394639363044362D344446342D343946362D394244322D3234314243333846323333332F617474726962757465732E62696E504B01021400140006080800CC70623B08DA0BD190000000410100003600000000000000000000000000270F00006662782F36394639363044362D344446342D
  310
343946362D394244322D3234314243333846323333332F6469726563746F72792E786D6C504B01021400140006080800CC70623BCA768048FE000000A00100003B000000000000000000000000000B1000006662782F36394639363044362D344446342D343946362D394244322D3234314243333846323333332F7265736F
  310
75726365732F636F72652E786D6C504B0506000000000E000E0080040000621100000000
  0
XRECORD
  5
176
  102
{ACAD_REACTORS
  330
173
  102
}
  330
173
  100
AcDbXrecord
  280
1
  270
1
  271
1
  0
XRECORD
  5
177
  102
{ACAD_REACTORS
  330
173
  102
}
  330
173
  100
AcDbXrecord
  280
1
  270
1
  271
1
  0
XRECORD
  5
311
  102
{ACAD_REACTORS
  330
310
  102
}
  330
310
  100
AcDbXrecord
  280
1
  102
DISPLAYNAME
  1
Metric50
  102
FLAGS
  90
0
  0
CELLSTYLEMAP
  5
2D6
  102
{ACAD_REACTORS
  330
162
  102
}
  330
162
  100
AcDbCellStyleMap
  90
3
  300
CELLSTYLE
  1
TABLEFORMAT_BEGIN
  90
5
  170
1
  91
0
  92
32768
  62
257
  93
1
  300
CONTENTFORMAT
  1
CONTENTFORMAT_BEGIN
  90
0
  91
0
  92
512
  93
0
  300

  40
0
  140
1
  94
5
  62
0
  340
11
  144
6
  309
CONTENTFORMAT_END
  171
1
  301
MARGIN
  1
CELLMARGIN_BEGIN
  40
1.5
  40
1.5
  40
1.5
  40
1.5
  40
4.5
  40
4.5
  309
CELLMARGIN_END
  94
6
  95
1
  302
GRIDFORMAT
  1
GRIDFORMAT_BEGIN
  90
0
  91
1
  62
0
  92
-2
  340
14
  93
0
  40
1.125
  309
GRIDFORMAT_END
  95
2
  302
GRIDFORMAT
  1
GRIDFORMAT_BEGIN
  90
0
  91
1
  62
0
  92
-2
  340
14
  93
0
  40
1.125
  309
GRIDFORMAT_END
  95
4
  302
GRIDFORMAT
  1
GRIDFORMAT_BEGIN
  90
0
  91
1
  62
0
  92
-2
  340
14
  93
0
  40
1.125
  309
GRIDFORMAT_END
  95
8
  302
GRIDFORMAT
  1
GRIDFORMAT_BEGIN
  90
0
  91
1
  62
0
  92
-2
  340
14
  93
0
  40
1.125
  309
GRIDFORMAT_END
  95
16
  302
GRIDFORMAT
  1
GRIDFORMAT_BEGIN
  90
0
  91
1
  62
0
  92
-2
  340
14
  93
0
  40
1.125
  309
GRIDFORMAT_END
  95
32
  302
GRIDFORMAT
  1
GRIDFORMAT_BEGIN
  90
0
  91
1
  62
0
  92
-2
  340
14
  93
0
  40
1.125
  309
GRIDFORMAT_END
  309
TABLEFORMAT_END
  1
CELLSTYLE_BEGIN
  90
1
  91
1
  300
_TITLE
  309
CELLSTYLE_END
  300
CELLSTYLE
  1
TABLEFORMAT_BEGIN
  90
5
  170
1
  91
0
  92
0
  62
257
  93
1
  300
CONTENTFORMAT
  1
CONTENTFORMAT_BEGIN
  90
0
  91
0
  92
512
  93
0
  300

  40
0
  140
1
  94
5
  62
0
  340
11
  144
4.5
  309
CONTENTFORMAT_END
  171
1
  301
MARGIN
  1
CELLMARGIN_BEGIN
  40
1.5
  40
1.5
  40
1.5
  40
1.5
  40
4.5
  40
4.5
  309
CELLMARGIN_END
  94
6
  95
1
  302
GRIDFORMAT
  1
GRIDFORMAT_BEGIN
  90
0
  91
1
  62
0
  92
-2
  340
14
  93
0
  40
1.125
  309
GRIDFORMAT_END
  95
2
  302
GRIDFORMAT
  1
GRIDFORMAT_BEGIN
  90
0
  91
1
  62
0
  92
-2
  340
14
  93
0
  40
1.125
  309
GRIDFORMAT_END
  95
4
  302
GRIDFORMAT
  1
GRIDFORMAT_BEGIN
  90
0
  91
1
  62
0
  92
-2
  340
14
  93
0
  40
1.125
  309
GRIDFORMAT_END
  95
8
  302
GRIDFORMAT
  1
GRIDFORMAT_BEGIN
  90
0
  91
1
  62
0
  92
-2
  340
14
  93
0
  40
1.125
  309
GRIDFORMAT_END
  95
16
  302
GRIDFORMAT
  1
GRIDFORMAT_BEGIN
  90
0
  91
1
  62
0
  92
-2
  340
14
  93
0
  40
1.125
  309
GRIDFORMAT_END
  95
32
  302
GRIDFORMAT
  1
GRIDFORMAT_BEGIN
  90
0
  91
1
  62
0
  92
-2
  340
14
  93
0
  40
1.125
  309
GRIDFORMAT_END
  309
TABLEFORMAT_END
  1
CELLSTYLE_BEGIN
  90
2
  91
1
  300
_HEADER
  309
CELLSTYLE_END
  300
CELLSTYLE
  1
TABLEFORMAT_BEGIN
  90
5
  170
1
  91
0
  92
0
  62
257
  93
1
  300
CONTENTFORMAT
  1
CONTENTFORMAT_BEGIN
  90
0
  91
0
  92
512
  93
0
  300

  40
0
  140
1
  94
2
  62
0
  340
11
  144
4.5
  309
CONTENTFORMAT_END
  171
1
  301
MARGIN
  1
CELLMARGIN_BEGIN
  40
1.5
  40
1.5
  40
1.5
  40
1.5
  40
4.5
  40
4.5
  309
CELLMARGIN_END
  94
6
  95
1
  302
GRIDFORMAT
  1
GRIDFORMAT_BEGIN
  90
0
  91
1
  62
0
  92
-2
  340
14
  93
0
  40
1.125
  309
GRIDFORMAT_END
  95
2
  302
GRIDFORMAT
  1
GRIDFORMAT_BEGIN
  90
0
  91
1
  62
0
  92
-2
  340
14
  93
0
  40
1.125
  309
GRIDFORMAT_END
  95
4
  302
GRIDFORMAT
  1
GRIDFORMAT_BEGIN
  90
0
  91
1
  62
0
  92
-2
  340
14
  93
0
  40
1.125
  309
GRIDFORMAT_END
  95
8
  302
GRIDFORMAT
  1
GRIDFORMAT_BEGIN
  90
0
  91
1
  62
0
  92
-2
  340
14
  93
0
  40
1.125
  309
GRIDFORMAT_END
  95
16
  302
GRIDFORMAT
  1
GRIDFORMAT_BEGIN
  90
0
  91
1
  62
0
  92
-2
  340
14
  93
0
  40
1.125
  309
GRIDFORMAT_END
  95
32
  302
GRIDFORMAT
  1
GRIDFORMAT_BEGIN
  90
0
  91
1
  62
0
  92
-2
  340
14
  93
0
  40
1.125
  309
GRIDFORMAT_END
  309
TABLEFORMAT_END
  1
CELLSTYLE_BEGIN
  90
3
  91
2
  300
_DATA
  309
CELLSTYLE_END
  0
XRECORD
  5
2EB
  102
{ACAD_REACTORS
  330
2EA
  102
}
  330
2EA
  100
AcDbXrecord
  280
1
  102
RTVSPost2010Prop28
  280
1
  102
RTVSPost2010PropOp28
  70
1
  102
RTVSPost2010Prop29
  280
1
  102
RTVSPost2010PropOp29
  70
1
  102
RTVSPost2010Prop30
  280
0
  102
RTVSPost2010PropOp30
  70
1
  102
RTVSPost2010Prop31
  280
0
  102
RTVSPost2010PropOp31
  70
1
  102
RTVSPost2010Prop32
  280
0
  102
RTVSPost2010PropOp32
  70
1
  102
RTVSPost2010Prop33
  280
0
  102
RTVSPost2010PropOp33
  70
1
  102
RTVSPost2010Prop34
  280
0
  102
RTVSPost2010PropOp34
  70
1
  102
RTVSPost2010Prop35
  280
0
  102
RTVSPost2010PropOp35
  70
1
  102
RTVSPost2010Prop36
  280
0
  102
RTVSPost2010PropOp36
  70
1
  102
RTVSPost2010Prop37
  90
50
  102
RTVSPost2010PropOp37
  70
1
  102
RTVSPost2010Prop38
  140
0
  102
RTVSPost2010PropOp38
  70
1
  102
RTVSPost2010Prop39
  140
1
  102
RTVSPost2010PropOp39
  70
1
  102
RTVSPost2010Prop40
  90
0
  102
RTVSPost2010PropOp40
  70
1
  102
RTVSPost2010Prop41ColorIndex
  90
18
  102
RTVSPost2010Prop41ColorRGB
  90
0
  102
RTVSPost2010PropOp41
  70
1
  102
RTVSPost2010Prop42
  90
50
  102
RTVSPost2010PropOp42
  70
1
  102
RTVSPost2010Prop43
  90
3
  102
RTVSPost2010PropOp43
  70
1
  102
RTVSPost2010Prop44ColorIndex
  90
5
  102
RTVSPost2010Prop44ColorRGB
  90
255
  102
RTVSPost2010PropOp44
  70
1
  102
RTVSPost2010Prop45
  280
0
  102
RTVSPost2010PropOp45
  70
1
  102
RTVSPost2010Prop46
  90
50
  102
RTVSPost2010PropOp46
  70
1
  102
RTVSPost2010Prop47
  90
50
  102
RTVSPost2010PropOp47
  70
1
  102
RTVSPost2010Prop48
  90
50
  102
RTVSPost2010PropOp48
  70
1
  102
RTVSPost2010Prop49
  280
0
  102
RTVSPost2010PropOp49
  70
1
  102
RTVSPost2010Prop50
  90
50
  102
RTVSPost2010PropOp50
  70
1
  102
RTVSPost2010Prop51ColorIndex
  90
256
  102
RTVSPost2010Prop51ColorRGB
  90
-16777216
  102
RTVSPost2010PropOp51
  70
0
  102
RTVSPost2010Prop52
  140
1
  102
RTVSPost2010PropOp52
  70
0
  102
RTVSPost2010Prop53
  90
2
  102
RTVSPost2010PropOp53
  70
1
  102
RTVSPost2010Prop54
  1
strokes_ogs.tif
  102
RTVSPost2010PropOp54
  70
1
  102
RTVSPost2010Prop55
  280
0
  102
RTVSPost2010PropOp55
  70
1
  102
RTVSPost2010Prop56
  140
1
  102
RTVSPost2010PropOp56
  70
1
  102
RTVSPost2010Prop57
  140
1
  102
RTVSPost2010PropOp57
  70
1
  102
RTVSPropertyOp0
  70
1
  102
RTVSPropertyOp1
  70
1
  102
RTVSPropertyOp2
  70
1
  102
RTVSPropertyOp3
  70
1
  102
RTVSPropertyOp4
  70
1
  102
RTVSPropertyOp5
  70
1
  102
RTVSPropertyOp6
  70
1
  102
RTVSPropertyOp7
  70
1
  102
RTVSPropertyOp8
  70
1
  102
RTVSPropertyOp9
  70
1
  102
RTVSPropertyOp10
  70
1
  102
RTVSPropertyOp11
  70
1
  102
RTVSPropertyOp12
  70
1
  102
RTVSPropertyOp13
  70
1
  102
RTVSPropertyOp14
  70
1
  102
RTVSPropertyOp15
  70
1
  102
RTVSPropertyOp16
  70
1
  102
RTVSPropertyOp17
  70
1
  102
RTVSPropertyOp18
  70
1
  102
RTVSPropertyOp19
  70
1
  102
RTVSPropertyOp20
  70
1
  102
RTVSPropertyOp21
  70
1
  102
RTVSPropertyOp22
  70
1
  102
RTVSPropertyOp23
  70
1
  102
RTVSPropertyOp24
  70
1
  102
RTVSPropertyOp25
  70
1
  102
RTVSPropertyOp26
  70
1
  102
RTVSPropertyOp27
  70
1
  102
RTVSPropertyOp28
  70
1
  102
RTVSPropertyOp29
  70
1
  102
RTVSPropertyOp30
  70
1
  102
RTVSPropertyOp31
  70
1
  102
RTVSPropertyOp32
  70
1
  102
RTVSPropertyOp33
  70
1
  102
RTVSPropertyOp34
  70
1
  102
RTVSPropertyOp35
  70
1
  102
RTVSPropertyOp36
  70
1
  102
RTVSPropertyOp37
  70
1
  102
RTVSPropertyOp38
  70
1
  102
RTVSPropertyOp39
  70
1
  102
RTVSPropertyOp40
  70
1
  102
RTVSPropertyOp41
  70
1
  102
RTVSPropertyOp42
  70
1
  102
RTVSPropertyOp43
  70
1
  102
RTVSPropertyOp44
  70
1
  102
RTVSPropertyOp45
  70
1
  102
RTVSPropertyOp46
  70
1
  102
RTVSPropertyOp47
  70
1
  102
RTVSPropertyOp48
  70
1
  102
RTVSPropertyOp49
  70
1
  102
RTVSPropertyOp50
  70
1
  102
RTVSPropertyOp51
  70
0
  102
RTVSPropertyOp52
  70
0
  102
RTVSPropertyOp53
  70
1
  102
RTVSPropertyOp54
  70
1
  102
RTVSPropertyOp55
  70
1
  102
RTVSPropertyOp56
  70
1
  102
RTVSPropertyOp57
  70
1
  102
RTVSPropertyOp58
  70
1
  102
RTVSPropertyOp59
  70
1
  102
RTVSPropertyOp60
  70
1
  102
RTVSPropertyOp61
  70
1
  102
RTVSPropertyOp62
  70
1
  0
XRECORD
  5
2E9
  102
{ACAD_REACTORS
  330
2E8
  102
}
  330
2E8
  100
AcDbXrecord
  280
1
  102
RTVSPost2010Prop28
  280
0
  102
RTVSPost2010PropOp28
  70
1
  102
RTVSPost2010Prop29
  280
1
  102
RTVSPost2010PropOp29
  70
1
  102
RTVSPost2010Prop30
  280
1
  102
RTVSPost2010PropOp30
  70
1
  102
RTVSPost2010Prop31
  280
0
  102
RTVSPost2010PropOp31
  70
1
  102
RTVSPost2010Prop32
  280
0
  102
RTVSPost2010PropOp32
  70
1
  102
RTVSPost2010Prop33
  280
0
  102
RTVSPost2010PropOp33
  70
1
  102
RTVSPost2010Prop34
  280
0
  102
RTVSPost2010PropOp34
  70
1
  102
RTVSPost2010Prop35
  280
0
  102
RTVSPost2010PropOp35
  70
1
  102
RTVSPost2010Prop36
  280
0
  102
RTVSPost2010PropOp36
  70
1
  102
RTVSPost2010Prop37
  90
50
  102
RTVSPost2010PropOp37
  70
1
  102
RTVSPost2010Prop38
  140
0
  102
RTVSPost2010PropOp38
  70
1
  102
RTVSPost2010Prop39
  140
1
  102
RTVSPost2010PropOp39
  70
1
  102
RTVSPost2010Prop40
  90
0
  102
RTVSPost2010PropOp40
  70
1
  102
RTVSPost2010Prop41ColorIndex
  90
18
  102
RTVSPost2010Prop41ColorRGB
  90
0
  102
RTVSPost2010PropOp41
  70
1
  102
RTVSPost2010Prop42
  90
50
  102
RTVSPost2010PropOp42
  70
1
  102
RTVSPost2010Prop43
  90
3
  102
RTVSPost2010PropOp43
  70
1
  102
RTVSPost2010Prop44ColorIndex
  90
5
  102
RTVSPost2010Prop44ColorRGB
  90
255
  102
RTVSPost2010PropOp44
  70
1
  102
RTVSPost2010Prop45
  280
0
  102
RTVSPost2010PropOp45
  70
1
  102
RTVSPost2010Prop46
  90
50
  102
RTVSPost2010PropOp46
  70
1
  102
RTVSPost2010Prop47
  90
50
  102
RTVSPost2010PropOp47
  70
1
  102
RTVSPost2010Prop48
  90
50
  102
RTVSPost2010PropOp48
  70
1
  102
RTVSPost2010Prop49
  280
0
  102
RTVSPost2010PropOp49
  70
1
  102
RTVSPost2010Prop50
  90
50
  102
RTVSPost2010PropOp50
  70
1
  102
RTVSPost2010Prop51ColorIndex
  90
256
  102
RTVSPost2010Prop51ColorRGB
  90
-16777216
  102
RTVSPost2010PropOp51
  70
0
  102
RTVSPost2010Prop52
  140
1
  102
RTVSPost2010PropOp52
  70
0
  102
RTVSPost2010Prop53
  90
2
  102
RTVSPost2010PropOp53
  70
1
  102
RTVSPost2010Prop54
  1
strokes_ogs.tif
  102
RTVSPost2010PropOp54
  70
1
  102
RTVSPost2010Prop55
  280
0
  102
RTVSPost2010PropOp55
  70
1
  102
RTVSPost2010Prop56
  140
1
  102
RTVSPost2010PropOp56
  70
1
  102
RTVSPost2010Prop57
  140
1
  102
RTVSPost2010PropOp57
  70
1
  102
RTVSPropertyOp0
  70
1
  102
RTVSPropertyOp1
  70
1
  102
RTVSPropertyOp2
  70
1
  102
RTVSPropertyOp3
  70
1
  102
RTVSPropertyOp4
  70
1
  102
RTVSPropertyOp5
  70
1
  102
RTVSPropertyOp6
  70
1
  102
RTVSPropertyOp7
  70
1
  102
RTVSPropertyOp8
  70
1
  102
RTVSPropertyOp9
  70
1
  102
RTVSPropertyOp10
  70
1
  102
RTVSPropertyOp11
  70
1
  102
RTVSPropertyOp12
  70
1
  102
RTVSPropertyOp13
  70
1
  102
RTVSPropertyOp14
  70
1
  102
RTVSPropertyOp15
  70
1
  102
RTVSPropertyOp16
  70
1
  102
RTVSPropertyOp17
  70
1
  102
RTVSPropertyOp18
  70
1
  102
RTVSPropertyOp19
  70
1
  102
RTVSPropertyOp20
  70
1
  102
RTVSPropertyOp21
  70
1
  102
RTVSPropertyOp22
  70
1
  102
RTVSPropertyOp23
  70
1
  102
RTVSPropertyOp24
  70
1
  102
RTVSPropertyOp25
  70
1
  102
RTVSPropertyOp26
  70
1
  102
RTVSPropertyOp27
  70
1
  102
RTVSPropertyOp28
  70
1
  102
RTVSPropertyOp29
  70
1
  102
RTVSPropertyOp30
  70
1
  102
RTVSPropertyOp31
  70
1
  102
RTVSPropertyOp32
  70
1
  102
RTVSPropertyOp33
  70
1
  102
RTVSPropertyOp34
  70
1
  102
RTVSPropertyOp35
  70
1
  102
RTVSPropertyOp36
  70
1
  102
RTVSPropertyOp37
  70
1
  102
RTVSPropertyOp38
  70
1
  102
RTVSPropertyOp39
  70
1
  102
RTVSPropertyOp40
  70
1
  102
RTVSPropertyOp41
  70
1
  102
RTVSPropertyOp42
  70
1
  102
RTVSPropertyOp43
  70
1
  102
RTVSPropertyOp44
  70
1
  102
RTVSPropertyOp45
  70
1
  102
RTVSPropertyOp46
  70
1
  102
RTVSPropertyOp47
  70
1
  102
RTVSPropertyOp48
  70
1
  102
RTVSPropertyOp49
  70
1
  102
RTVSPropertyOp50
  70
1
  102
RTVSPropertyOp51
  70
0
  102
RTVSPropertyOp52
  70
0
  102
RTVSPropertyOp53
  70
1
  102
RTVSPropertyOp54
  70
1
  102
RTVSPropertyOp55
  70
1
  102
RTVSPropertyOp56
  70
1
  102
RTVSPropertyOp57
  70
1
  102
RTVSPropertyOp58
  70
1
  102
RTVSPropertyOp59
  70
1
  102
RTVSPropertyOp60
  70
1
  102
RTVSPropertyOp61
  70
1
  102
RTVSPropertyOp62
  70
1
  0
XRECORD
  5
2F7
  102
{ACAD_REACTORS
  330
2F6
  102
}
  330
2F6
  100
AcDbXrecord
  280
1
  102
RTVSPost2010Prop28
  280
0
  102
RTVSPost2010PropOp28
  70
1
  102
RTVSPost2010Prop29
  280
1
  102
RTVSPost2010PropOp29
  70
1
  102
RTVSPost2010Prop30
  280
1
  102
RTVSPost2010PropOp30
  70
1
  102
RTVSPost2010Prop31
  280
0
  102
RTVSPost2010PropOp31
  70
1
  102
RTVSPost2010Prop32
  280
0
  102
RTVSPost2010PropOp32
  70
1
  102
RTVSPost2010Prop33
  280
0
  102
RTVSPost2010PropOp33
  70
1
  102
RTVSPost2010Prop34
  280
0
  102
RTVSPost2010PropOp34
  70
1
  102
RTVSPost2010Prop35
  280
0
  102
RTVSPost2010PropOp35
  70
1
  102
RTVSPost2010Prop36
  280
0
  102
RTVSPost2010PropOp36
  70
1
  102
RTVSPost2010Prop37
  90
50
  102
RTVSPost2010PropOp37
  70
1
  102
RTVSPost2010Prop38
  140
0
  102
RTVSPost2010PropOp38
  70
1
  102
RTVSPost2010Prop39
  140
1
  102
RTVSPost2010PropOp39
  70
1
  102
RTVSPost2010Prop40
  90
0
  102
RTVSPost2010PropOp40
  70
1
  102
RTVSPost2010Prop41ColorIndex
  90
18
  102
RTVSPost2010Prop41ColorRGB
  90
0
  102
RTVSPost2010PropOp41
  70
1
  102
RTVSPost2010Prop42
  90
50
  102
RTVSPost2010PropOp42
  70
1
  102
RTVSPost2010Prop43
  90
3
  102
RTVSPost2010PropOp43
  70
1
  102
RTVSPost2010Prop44ColorIndex
  90
5
  102
RTVSPost2010Prop44ColorRGB
  90
255
  102
RTVSPost2010PropOp44
  70
1
  102
RTVSPost2010Prop45
  280
0
  102
RTVSPost2010PropOp45
  70
1
  102
RTVSPost2010Prop46
  90
50
  102
RTVSPost2010PropOp46
  70
1
  102
RTVSPost2010Prop47
  90
50
  102
RTVSPost2010PropOp47
  70
1
  102
RTVSPost2010Prop48
  90
50
  102
RTVSPost2010PropOp48
  70
1
  102
RTVSPost2010Prop49
  280
0
  102
RTVSPost2010PropOp49
  70
1
  102
RTVSPost2010Prop50
  90
50
  102
RTVSPost2010PropOp50
  70
1
  102
RTVSPost2010Prop51ColorIndex
  90
256
  102
RTVSPost2010Prop51ColorRGB
  90
-16777216
  102
RTVSPost2010PropOp51
  70
0
  102
RTVSPost2010Prop52
  140
1
  102
RTVSPost2010PropOp52
  70
0
  102
RTVSPost2010Prop53
  90
2
  102
RTVSPost2010PropOp53
  70
1
  102
RTVSPost2010Prop54
  1
strokes_ogs.tif
  102
RTVSPost2010PropOp54
  70
1
  102
RTVSPost2010Prop55
  280
0
  102
RTVSPost2010PropOp55
  70
1
  102
RTVSPost2010Prop56
  140
1
  102
RTVSPost2010PropOp56
  70
1
  102
RTVSPost2010Prop57
  140
1
  102
RTVSPost2010PropOp57
  70
1
  102
RTVSPropertyOp0
  70
1
  102
RTVSPropertyOp1
  70
1
  102
RTVSPropertyOp2
  70
1
  102
RTVSPropertyOp3
  70
1
  102
RTVSPropertyOp4
  70
1
  102
RTVSPropertyOp5
  70
1
  102
RTVSPropertyOp6
  70
1
  102
RTVSPropertyOp7
  70
1
  102
RTVSPropertyOp8
  70
1
  102
RTVSPropertyOp9
  70
1
  102
RTVSPropertyOp10
  70
1
  102
RTVSPropertyOp11
  70
1
  102
RTVSPropertyOp12
  70
1
  102
RTVSPropertyOp13
  70
1
  102
RTVSPropertyOp14
  70
1
  102
RTVSPropertyOp15
  70
1
  102
RTVSPropertyOp16
  70
1
  102
RTVSPropertyOp17
  70
1
  102
RTVSPropertyOp18
  70
1
  102
RTVSPropertyOp19
  70
1
  102
RTVSPropertyOp20
  70
1
  102
RTVSPropertyOp21
  70
1
  102
RTVSPropertyOp22
  70
1
  102
RTVSPropertyOp23
  70
1
  102
RTVSPropertyOp24
  70
1
  102
RTVSPropertyOp25
  70
1
  102
RTVSPropertyOp26
  70
1
  102
RTVSPropertyOp27
  70
1
  102
RTVSPropertyOp28
  70
1
  102
RTVSPropertyOp29
  70
1
  102
RTVSPropertyOp30
  70
1
  102
RTVSPropertyOp31
  70
1
  102
RTVSPropertyOp32
  70
1
  102
RTVSPropertyOp33
  70
1
  102
RTVSPropertyOp34
  70
1
  102
RTVSPropertyOp35
  70
1
  102
RTVSPropertyOp36
  70
1
  102
RTVSPropertyOp37
  70
1
  102
RTVSPropertyOp38
  70
1
  102
RTVSPropertyOp39
  70
1
  102
RTVSPropertyOp40
  70
1
  102
RTVSPropertyOp41
  70
1
  102
RTVSPropertyOp42
  70
1
  102
RTVSPropertyOp43
  70
1
  102
RTVSPropertyOp44
  70
1
  102
RTVSPropertyOp45
  70
1
  102
RTVSPropertyOp46
  70
1
  102
RTVSPropertyOp47
  70
1
  102
RTVSPropertyOp48
  70
1
  102
RTVSPropertyOp49
  70
1
  102
RTVSPropertyOp50
  70
1
  102
RTVSPropertyOp51
  70
0
  102
RTVSPropertyOp52
  70
0
  102
RTVSPropertyOp53
  70
1
  102
RTVSPropertyOp54
  70
1
  102
RTVSPropertyOp55
  70
1
  102
RTVSPropertyOp56
  70
1
  102
RTVSPropertyOp57
  70
1
  102
RTVSPropertyOp58
  70
1
  102
RTVSPropertyOp59
  70
1
  102
RTVSPropertyOp60
  70
1
  102
RTVSPropertyOp61
  70
1
  102
RTVSPropertyOp62
  70
1
  0
XRECORD
  5
2FF
  102
{ACAD_REACTORS
  330
2FE
  102
}
  330
2FE
  100
AcDbXrecord
  280
1
  102
RTVSPost2010Prop28
  280
0
  102
RTVSPost2010PropOp28
  70
1
  102
RTVSPost2010Prop29
  280
1
  102
RTVSPost2010PropOp29
  70
1
  102
RTVSPost2010Prop30
  280
1
  102
RTVSPost2010PropOp30
  70
1
  102
RTVSPost2010Prop31
  280
0
  102
RTVSPost2010PropOp31
  70
1
  102
RTVSPost2010Prop32
  280
0
  102
RTVSPost2010PropOp32
  70
1
  102
RTVSPost2010Prop33
  280
0
  102
RTVSPost2010PropOp33
  70
1
  102
RTVSPost2010Prop34
  280
0
  102
RTVSPost2010PropOp34
  70
1
  102
RTVSPost2010Prop35
  280
0
  102
RTVSPost2010PropOp35
  70
1
  102
RTVSPost2010Prop36
  280
0
  102
RTVSPost2010PropOp36
  70
1
  102
RTVSPost2010Prop37
  90
50
  102
RTVSPost2010PropOp37
  70
1
  102
RTVSPost2010Prop38
  140
0
  102
RTVSPost2010PropOp38
  70
1
  102
RTVSPost2010Prop39
  140
1
  102
RTVSPost2010PropOp39
  70
1
  102
RTVSPost2010Prop40
  90
0
  102
RTVSPost2010PropOp40
  70
1
  102
RTVSPost2010Prop41ColorIndex
  90
18
  102
RTVSPost2010Prop41ColorRGB
  90
0
  102
RTVSPost2010PropOp41
  70
1
  102
RTVSPost2010Prop42
  90
50
  102
RTVSPost2010PropOp42
  70
1
  102
RTVSPost2010Prop43
  90
3
  102
RTVSPost2010PropOp43
  70
1
  102
RTVSPost2010Prop44ColorIndex
  90
5
  102
RTVSPost2010Prop44ColorRGB
  90
255
  102
RTVSPost2010PropOp44
  70
1
  102
RTVSPost2010Prop45
  280
0
  102
RTVSPost2010PropOp45
  70
1
  102
RTVSPost2010Prop46
  90
50
  102
RTVSPost2010PropOp46
  70
1
  102
RTVSPost2010Prop47
  90
50
  102
RTVSPost2010PropOp47
  70
1
  102
RTVSPost2010Prop48
  90
50
  102
RTVSPost2010PropOp48
  70
1
  102
RTVSPost2010Prop49
  280
0
  102
RTVSPost2010PropOp49
  70
1
  102
RTVSPost2010Prop50
  90
50
  102
RTVSPost2010PropOp50
  70
1
  102
RTVSPost2010Prop51ColorIndex
  90
256
  102
RTVSPost2010Prop51ColorRGB
  90
-16777216
  102
RTVSPost2010PropOp51
  70
0
  102
RTVSPost2010Prop52
  140
1
  102
RTVSPost2010PropOp52
  70
0
  102
RTVSPost2010Prop53
  90
2
  102
RTVSPost2010PropOp53
  70
1
  102
RTVSPost2010Prop54
  1
strokes_ogs.tif
  102
RTVSPost2010PropOp54
  70
1
  102
RTVSPost2010Prop55
  280
0
  102
RTVSPost2010PropOp55
  70
1
  102
RTVSPost2010Prop56
  140
1
  102
RTVSPost2010PropOp56
  70
1
  102
RTVSPost2010Prop57
  140
1
  102
RTVSPost2010PropOp57
  70
1
  102
RTVSPropertyOp0
  70
1
  102
RTVSPropertyOp1
  70
1
  102
RTVSPropertyOp2
  70
1
  102
RTVSPropertyOp3
  70
1
  102
RTVSPropertyOp4
  70
1
  102
RTVSPropertyOp5
  70
1
  102
RTVSPropertyOp6
  70
1
  102
RTVSPropertyOp7
  70
1
  102
RTVSPropertyOp8
  70
1
  102
RTVSPropertyOp9
  70
1
  102
RTVSPropertyOp10
  70
1
  102
RTVSPropertyOp11
  70
1
  102
RTVSPropertyOp12
  70
1
  102
RTVSPropertyOp13
  70
1
  102
RTVSPropertyOp14
  70
1
  102
RTVSPropertyOp15
  70
1
  102
RTVSPropertyOp16
  70
1
  102
RTVSPropertyOp17
  70
1
  102
RTVSPropertyOp18
  70
1
  102
RTVSPropertyOp19
  70
1
  102
RTVSPropertyOp20
  70
1
  102
RTVSPropertyOp21
  70
1
  102
RTVSPropertyOp22
  70
1
  102
RTVSPropertyOp23
  70
1
  102
RTVSPropertyOp24
  70
1
  102
RTVSPropertyOp25
  70
1
  102
RTVSPropertyOp26
  70
1
  102
RTVSPropertyOp27
  70
1
  102
RTVSPropertyOp28
  70
1
  102
RTVSPropertyOp29
  70
1
  102
RTVSPropertyOp30
  70
1
  102
RTVSPropertyOp31
  70
1
  102
RTVSPropertyOp32
  70
1
  102
RTVSPropertyOp33
  70
1
  102
RTVSPropertyOp34
  70
1
  102
RTVSPropertyOp35
  70
1
  102
RTVSPropertyOp36
  70
1
  102
RTVSPropertyOp37
  70
1
  102
RTVSPropertyOp38
  70
1
  102
RTVSPropertyOp39
  70
1
  102
RTVSPropertyOp40
  70
1
  102
RTVSPropertyOp41
  70
1
  102
RTVSPropertyOp42
  70
1
  102
RTVSPropertyOp43
  70
1
  102
RTVSPropertyOp44
  70
1
  102
RTVSPropertyOp45
  70
1
  102
RTVSPropertyOp46
  70
1
  102
RTVSPropertyOp47
  70
1
  102
RTVSPropertyOp48
  70
1
  102
RTVSPropertyOp49
  70
1
  102
RTVSPropertyOp50
  70
1
  102
RTVSPropertyOp51
  70
0
  102
RTVSPropertyOp52
  70
0
  102
RTVSPropertyOp53
  70
1
  102
RTVSPropertyOp54
  70
1
  102
RTVSPropertyOp55
  70
1
  102
RTVSPropertyOp56
  70
1
  102
RTVSPropertyOp57
  70
1
  102
RTVSPropertyOp58
  70
1
  102
RTVSPropertyOp59
  70
1
  102
RTVSPropertyOp60
  70
1
  102
RTVSPropertyOp61
  70
1
  102
RTVSPropertyOp62
  70
1
  0
XRECORD
  5
2F1
  102
{ACAD_REACTORS
  330
2F0
  102
}
  330
2F0
  100
AcDbXrecord
  280
1
  102
RTVSPost2010Prop28
  280
0
  102
RTVSPost2010PropOp28
  70
1
  102
RTVSPost2010Prop29
  280
1
  102
RTVSPost2010PropOp29
  70
1
  102
RTVSPost2010Prop30
  280
1
  102
RTVSPost2010PropOp30
  70
1
  102
RTVSPost2010Prop31
  280
0
  102
RTVSPost2010PropOp31
  70
1
  102
RTVSPost2010Prop32
  280
0
  102
RTVSPost2010PropOp32
  70
1
  102
RTVSPost2010Prop33
  280
0
  102
RTVSPost2010PropOp33
  70
1
  102
RTVSPost2010Prop34
  280
0
  102
RTVSPost2010PropOp34
  70
1
  102
RTVSPost2010Prop35
  280
0
  102
RTVSPost2010PropOp35
  70
1
  102
RTVSPost2010Prop36
  280
0
  102
RTVSPost2010PropOp36
  70
1
  102
RTVSPost2010Prop37
  90
50
  102
RTVSPost2010PropOp37
  70
1
  102
RTVSPost2010Prop38
  140
0
  102
RTVSPost2010PropOp38
  70
1
  102
RTVSPost2010Prop39
  140
1
  102
RTVSPost2010PropOp39
  70
1
  102
RTVSPost2010Prop40
  90
0
  102
RTVSPost2010PropOp40
  70
1
  102
RTVSPost2010Prop41ColorIndex
  90
18
  102
RTVSPost2010Prop41ColorRGB
  90
0
  102
RTVSPost2010PropOp41
  70
1
  102
RTVSPost2010Prop42
  90
50
  102
RTVSPost2010PropOp42
  70
1
  102
RTVSPost2010Prop43
  90
3
  102
RTVSPost2010PropOp43
  70
1
  102
RTVSPost2010Prop44ColorIndex
  90
5
  102
RTVSPost2010Prop44ColorRGB
  90
255
  102
RTVSPost2010PropOp44
  70
1
  102
RTVSPost2010Prop45
  280
0
  102
RTVSPost2010PropOp45
  70
1
  102
RTVSPost2010Prop46
  90
50
  102
RTVSPost2010PropOp46
  70
1
  102
RTVSPost2010Prop47
  90
50
  102
RTVSPost2010PropOp47
  70
1
  102
RTVSPost2010Prop48
  90
50
  102
RTVSPost2010PropOp48
  70
1
  102
RTVSPost2010Prop49
  280
0
  102
RTVSPost2010PropOp49
  70
1
  102
RTVSPost2010Prop50
  90
50
  102
RTVSPost2010PropOp50
  70
1
  102
RTVSPost2010Prop51ColorIndex
  90
256
  102
RTVSPost2010Prop51ColorRGB
  90
-16777216
  102
RTVSPost2010PropOp51
  70
0
  102
RTVSPost2010Prop52
  140
1
  102
RTVSPost2010PropOp52
  70
0
  102
RTVSPost2010Prop53
  90
2
  102
RTVSPost2010PropOp53
  70
1
  102
RTVSPost2010Prop54
  1
strokes_ogs.tif
  102
RTVSPost2010PropOp54
  70
1
  102
RTVSPost2010Prop55
  280
0
  102
RTVSPost2010PropOp55
  70
1
  102
RTVSPost2010Prop56
  140
1
  102
RTVSPost2010PropOp56
  70
1
  102
RTVSPost2010Prop57
  140
1
  102
RTVSPost2010PropOp57
  70
1
  102
RTVSPropertyOp0
  70
1
  102
RTVSPropertyOp1
  70
1
  102
RTVSPropertyOp2
  70
1
  102
RTVSPropertyOp3
  70
1
  102
RTVSPropertyOp4
  70
1
  102
RTVSPropertyOp5
  70
1
  102
RTVSPropertyOp6
  70
1
  102
RTVSPropertyOp7
  70
1
  102
RTVSPropertyOp8
  70
1
  102
RTVSPropertyOp9
  70
1
  102
RTVSPropertyOp10
  70
1
  102
RTVSPropertyOp11
  70
1
  102
RTVSPropertyOp12
  70
1
  102
RTVSPropertyOp13
  70
1
  102
RTVSPropertyOp14
  70
1
  102
RTVSPropertyOp15
  70
1
  102
RTVSPropertyOp16
  70
1
  102
RTVSPropertyOp17
  70
1
  102
RTVSPropertyOp18
  70
1
  102
RTVSPropertyOp19
  70
1
  102
RTVSPropertyOp20
  70
1
  102
RTVSPropertyOp21
  70
1
  102
RTVSPropertyOp22
  70
1
  102
RTVSPropertyOp23
  70
1
  102
RTVSPropertyOp24
  70
1
  102
RTVSPropertyOp25
  70
1
  102
RTVSPropertyOp26
  70
1
  102
RTVSPropertyOp27
  70
1
  102
RTVSPropertyOp28
  70
1
  102
RTVSPropertyOp29
  70
1
  102
RTVSPropertyOp30
  70
1
  102
RTVSPropertyOp31
  70
1
  102
RTVSPropertyOp32
  70
1
  102
RTVSPropertyOp33
  70
1
  102
RTVSPropertyOp34
  70
1
  102
RTVSPropertyOp35
  70
1
  102
RTVSPropertyOp36
  70
1
  102
RTVSPropertyOp37
  70
1
  102
RTVSPropertyOp38
  70
1
  102
RTVSPropertyOp39
  70
1
  102
RTVSPropertyOp40
  70
1
  102
RTVSPropertyOp41
  70
1
  102
RTVSPropertyOp42
  70
1
  102
RTVSPropertyOp43
  70
1
  102
RTVSPropertyOp44
  70
1
  102
RTVSPropertyOp45
  70
1
  102
RTVSPropertyOp46
  70
1
  102
RTVSPropertyOp47
  70
1
  102
RTVSPropertyOp48
  70
1
  102
RTVSPropertyOp49
  70
1
  102
RTVSPropertyOp50
  70
1
  102
RTVSPropertyOp51
  70
0
  102
RTVSPropertyOp52
  70
0
  102
RTVSPropertyOp53
  70
1
  102
RTVSPropertyOp54
  70
1
  102
RTVSPropertyOp55
  70
1
  102
RTVSPropertyOp56
  70
1
  102
RTVSPropertyOp57
  70
1
  102
RTVSPropertyOp58
  70
1
  102
RTVSPropertyOp59
  70
1
  102
RTVSPropertyOp60
  70
1
  102
RTVSPropertyOp61
  70
1
  102
RTVSPropertyOp62
  70
1
  0
XRECORD
  5
2F5
  102
{ACAD_REACTORS
  330
2F4
  102
}
  330
2F4
  100
AcDbXrecord
  280
1
  102
RTVSPost2010Prop28
  280
0
  102
RTVSPost2010PropOp28
  70
1
  102
RTVSPost2010Prop29
  280
1
  102
RTVSPost2010PropOp29
  70
1
  102
RTVSPost2010Prop30
  280
1
  102
RTVSPost2010PropOp30
  70
1
  102
RTVSPost2010Prop31
  280
0
  102
RTVSPost2010PropOp31
  70
1
  102
RTVSPost2010Prop32
  280
0
  102
RTVSPost2010PropOp32
  70
1
  102
RTVSPost2010Prop33
  280
0
  102
RTVSPost2010PropOp33
  70
1
  102
RTVSPost2010Prop34
  280
0
  102
RTVSPost2010PropOp34
  70
1
  102
RTVSPost2010Prop35
  280
0
  102
RTVSPost2010PropOp35
  70
1
  102
RTVSPost2010Prop36
  280
0
  102
RTVSPost2010PropOp36
  70
1
  102
RTVSPost2010Prop37
  90
50
  102
RTVSPost2010PropOp37
  70
1
  102
RTVSPost2010Prop38
  140
0
  102
RTVSPost2010PropOp38
  70
1
  102
RTVSPost2010Prop39
  140
1
  102
RTVSPost2010PropOp39
  70
1
  102
RTVSPost2010Prop40
  90
0
  102
RTVSPost2010PropOp40
  70
1
  102
RTVSPost2010Prop41ColorIndex
  90
18
  102
RTVSPost2010Prop41ColorRGB
  90
0
  102
RTVSPost2010PropOp41
  70
1
  102
RTVSPost2010Prop42
  90
50
  102
RTVSPost2010PropOp42
  70
1
  102
RTVSPost2010Prop43
  90
3
  102
RTVSPost2010PropOp43
  70
1
  102
RTVSPost2010Prop44ColorIndex
  90
5
  102
RTVSPost2010Prop44ColorRGB
  90
255
  102
RTVSPost2010PropOp44
  70
1
  102
RTVSPost2010Prop45
  280
0
  102
RTVSPost2010PropOp45
  70
1
  102
RTVSPost2010Prop46
  90
50
  102
RTVSPost2010PropOp46
  70
1
  102
RTVSPost2010Prop47
  90
50
  102
RTVSPost2010PropOp47
  70
1
  102
RTVSPost2010Prop48
  90
50
  102
RTVSPost2010PropOp48
  70
1
  102
RTVSPost2010Prop49
  280
0
  102
RTVSPost2010PropOp49
  70
1
  102
RTVSPost2010Prop50
  90
50
  102
RTVSPost2010PropOp50
  70
1
  102
RTVSPost2010Prop51ColorIndex
  90
256
  102
RTVSPost2010Prop51ColorRGB
  90
-16777216
  102
RTVSPost2010PropOp51
  70
0
  102
RTVSPost2010Prop52
  140
1
  102
RTVSPost2010PropOp52
  70
0
  102
RTVSPost2010Prop53
  90
2
  102
RTVSPost2010PropOp53
  70
1
  102
RTVSPost2010Prop54
  1
strokes_ogs.tif
  102
RTVSPost2010PropOp54
  70
1
  102
RTVSPost2010Prop55
  280
0
  102
RTVSPost2010PropOp55
  70
1
  102
RTVSPost2010Prop56
  140
1
  102
RTVSPost2010PropOp56
  70
1
  102
RTVSPost2010Prop57
  140
1
  102
RTVSPost2010PropOp57
  70
1
  102
RTVSPropertyOp0
  70
1
  102
RTVSPropertyOp1
  70
1
  102
RTVSPropertyOp2
  70
1
  102
RTVSPropertyOp3
  70
1
  102
RTVSPropertyOp4
  70
1
  102
RTVSPropertyOp5
  70
1
  102
RTVSPropertyOp6
  70
1
  102
RTVSPropertyOp7
  70
1
  102
RTVSPropertyOp8
  70
1
  102
RTVSPropertyOp9
  70
1
  102
RTVSPropertyOp10
  70
1
  102
RTVSPropertyOp11
  70
1
  102
RTVSPropertyOp12
  70
1
  102
RTVSPropertyOp13
  70
1
  102
RTVSPropertyOp14
  70
1
  102
RTVSPropertyOp15
  70
1
  102
RTVSPropertyOp16
  70
1
  102
RTVSPropertyOp17
  70
1
  102
RTVSPropertyOp18
  70
1
  102
RTVSPropertyOp19
  70
1
  102
RTVSPropertyOp20
  70
1
  102
RTVSPropertyOp21
  70
1
  102
RTVSPropertyOp22
  70
1
  102
RTVSPropertyOp23
  70
1
  102
RTVSPropertyOp24
  70
1
  102
RTVSPropertyOp25
  70
1
  102
RTVSPropertyOp26
  70
1
  102
RTVSPropertyOp27
  70
1
  102
RTVSPropertyOp28
  70
1
  102
RTVSPropertyOp29
  70
1
  102
RTVSPropertyOp30
  70
1
  102
RTVSPropertyOp31
  70
1
  102
RTVSPropertyOp32
  70
1
  102
RTVSPropertyOp33
  70
1
  102
RTVSPropertyOp34
  70
1
  102
RTVSPropertyOp35
  70
1
  102
RTVSPropertyOp36
  70
1
  102
RTVSPropertyOp37
  70
1
  102
RTVSPropertyOp38
  70
1
  102
RTVSPropertyOp39
  70
1
  102
RTVSPropertyOp40
  70
1
  102
RTVSPropertyOp41
  70
1
  102
RTVSPropertyOp42
  70
1
  102
RTVSPropertyOp43
  70
1
  102
RTVSPropertyOp44
  70
1
  102
RTVSPropertyOp45
  70
1
  102
RTVSPropertyOp46
  70
1
  102
RTVSPropertyOp47
  70
1
  102
RTVSPropertyOp48
  70
1
  102
RTVSPropertyOp49
  70
1
  102
RTVSPropertyOp50
  70
1
  102
RTVSPropertyOp51
  70
0
  102
RTVSPropertyOp52
  70
0
  102
RTVSPropertyOp53
  70
1
  102
RTVSPropertyOp54
  70
1
  102
RTVSPropertyOp55
  70
1
  102
RTVSPropertyOp56
  70
1
  102
RTVSPropertyOp57
  70
1
  102
RTVSPropertyOp58
  70
1
  102
RTVSPropertyOp59
  70
1
  102
RTVSPropertyOp60
  70
1
  102
RTVSPropertyOp61
  70
1
  102
RTVSPropertyOp62
  70
1
  0
XRECORD
  5
305
  102
{ACAD_REACTORS
  330
304
  102
}
  330
304
  100
AcDbXrecord
  280
1
  102
RTVSPost2010Prop28
  280
0
  102
RTVSPost2010PropOp28
  70
1
  102
RTVSPost2010Prop29
  280
1
  102
RTVSPost2010PropOp29
  70
1
  102
RTVSPost2010Prop30
  280
1
  102
RTVSPost2010PropOp30
  70
1
  102
RTVSPost2010Prop31
  280
0
  102
RTVSPost2010PropOp31
  70
1
  102
RTVSPost2010Prop32
  280
0
  102
RTVSPost2010PropOp32
  70
1
  102
RTVSPost2010Prop33
  280
0
  102
RTVSPost2010PropOp33
  70
1
  102
RTVSPost2010Prop34
  280
0
  102
RTVSPost2010PropOp34
  70
1
  102
RTVSPost2010Prop35
  280
0
  102
RTVSPost2010PropOp35
  70
1
  102
RTVSPost2010Prop36
  280
0
  102
RTVSPost2010PropOp36
  70
1
  102
RTVSPost2010Prop37
  90
50
  102
RTVSPost2010PropOp37
  70
1
  102
RTVSPost2010Prop38
  140
0
  102
RTVSPost2010PropOp38
  70
1
  102
RTVSPost2010Prop39
  140
1
  102
RTVSPost2010PropOp39
  70
1
  102
RTVSPost2010Prop40
  90
0
  102
RTVSPost2010PropOp40
  70
1
  102
RTVSPost2010Prop41ColorIndex
  90
18
  102
RTVSPost2010Prop41ColorRGB
  90
0
  102
RTVSPost2010PropOp41
  70
1
  102
RTVSPost2010Prop42
  90
50
  102
RTVSPost2010PropOp42
  70
1
  102
RTVSPost2010Prop43
  90
3
  102
RTVSPost2010PropOp43
  70
1
  102
RTVSPost2010Prop44ColorIndex
  90
5
  102
RTVSPost2010Prop44ColorRGB
  90
255
  102
RTVSPost2010PropOp44
  70
1
  102
RTVSPost2010Prop45
  280
0
  102
RTVSPost2010PropOp45
  70
1
  102
RTVSPost2010Prop46
  90
50
  102
RTVSPost2010PropOp46
  70
1
  102
RTVSPost2010Prop47
  90
50
  102
RTVSPost2010PropOp47
  70
1
  102
RTVSPost2010Prop48
  90
50
  102
RTVSPost2010PropOp48
  70
1
  102
RTVSPost2010Prop49
  280
0
  102
RTVSPost2010PropOp49
  70
1
  102
RTVSPost2010Prop50
  90
50
  102
RTVSPost2010PropOp50
  70
1
  102
RTVSPost2010Prop51ColorIndex
  90
256
  102
RTVSPost2010Prop51ColorRGB
  90
-16777216
  102
RTVSPost2010PropOp51
  70
0
  102
RTVSPost2010Prop52
  140
1
  102
RTVSPost2010PropOp52
  70
0
  102
RTVSPost2010Prop53
  90
2
  102
RTVSPost2010PropOp53
  70
1
  102
RTVSPost2010Prop54
  1
strokes_ogs.tif
  102
RTVSPost2010PropOp54
  70
1
  102
RTVSPost2010Prop55
  280
0
  102
RTVSPost2010PropOp55
  70
1
  102
RTVSPost2010Prop56
  140
1
  102
RTVSPost2010PropOp56
  70
1
  102
RTVSPost2010Prop57
  140
1
  102
RTVSPost2010PropOp57
  70
1
  102
RTVSPropertyOp0
  70
0
  102
RTVSPropertyOp1
  70
0
  102
RTVSPropertyOp2
  70
0
  102
RTVSPropertyOp3
  70
0
  102
RTVSPropertyOp4
  70
0
  102
RTVSPropertyOp5
  70
0
  102
RTVSPropertyOp6
  70
0
  102
RTVSPropertyOp7
  70
0
  102
RTVSPropertyOp8
  70
0
  102
RTVSPropertyOp9
  70
0
  102
RTVSPropertyOp10
  70
0
  102
RTVSPropertyOp11
  70
0
  102
RTVSPropertyOp12
  70
0
  102
RTVSPropertyOp13
  70
0
  102
RTVSPropertyOp14
  70
2
  102
RTVSPropertyOp15
  70
0
  102
RTVSPropertyOp16
  70
0
  102
RTVSPropertyOp17
  70
0
  102
RTVSPropertyOp18
  70
0
  102
RTVSPropertyOp19
  70
0
  102
RTVSPropertyOp20
  70
0
  102
RTVSPropertyOp21
  70
0
  102
RTVSPropertyOp22
  70
0
  102
RTVSPropertyOp23
  70
0
  102
RTVSPropertyOp24
  70
0
  102
RTVSPropertyOp25
  70
0
  102
RTVSPropertyOp26
  70
0
  102
RTVSPropertyOp27
  70
0
  102
RTVSPropertyOp28
  70
1
  102
RTVSPropertyOp29
  70
1
  102
RTVSPropertyOp30
  70
1
  102
RTVSPropertyOp31
  70
1
  102
RTVSPropertyOp32
  70
1
  102
RTVSPropertyOp33
  70
1
  102
RTVSPropertyOp34
  70
1
  102
RTVSPropertyOp35
  70
1
  102
RTVSPropertyOp36
  70
1
  102
RTVSPropertyOp37
  70
1
  102
RTVSPropertyOp38
  70
1
  102
RTVSPropertyOp39
  70
1
  102
RTVSPropertyOp40
  70
1
  102
RTVSPropertyOp41
  70
1
  102
RTVSPropertyOp42
  70
1
  102
RTVSPropertyOp43
  70
1
  102
RTVSPropertyOp44
  70
1
  102
RTVSPropertyOp45
  70
1
  102
RTVSPropertyOp46
  70
1
  102
RTVSPropertyOp47
  70
1
  102
RTVSPropertyOp48
  70
1
  102
RTVSPropertyOp49
  70
1
  102
RTVSPropertyOp50
  70
1
  102
RTVSPropertyOp51
  70
0
  102
RTVSPropertyOp52
  70
0
  102
RTVSPropertyOp53
  70
1
  102
RTVSPropertyOp54
  70
1
  102
RTVSPropertyOp55
  70
1
  102
RTVSPropertyOp56
  70
1
  102
RTVSPropertyOp57
  70
1
  102
RTVSPropertyOp58
  70
1
  102
RTVSPropertyOp59
  70
1
  102
RTVSPropertyOp60
  70
1
  102
RTVSPropertyOp61
  70
1
  102
RTVSPropertyOp62
  70
1
  0
XRECORD
  5
2FD
  102
{ACAD_REACTORS
  330
2FC
  102
}
  330
2FC
  100
AcDbXrecord
  280
1
  102
RTVSPost2010Prop28
  280
0
  102
RTVSPost2010PropOp28
  70
1
  102
RTVSPost2010Prop29
  280
1
  102
RTVSPost2010PropOp29
  70
1
  102
RTVSPost2010Prop30
  280
1
  102
RTVSPost2010PropOp30
  70
1
  102
RTVSPost2010Prop31
  280
0
  102
RTVSPost2010PropOp31
  70
1
  102
RTVSPost2010Prop32
  280
0
  102
RTVSPost2010PropOp32
  70
1
  102
RTVSPost2010Prop33
  280
0
  102
RTVSPost2010PropOp33
  70
1
  102
RTVSPost2010Prop34
  280
0
  102
RTVSPost2010PropOp34
  70
1
  102
RTVSPost2010Prop35
  280
0
  102
RTVSPost2010PropOp35
  70
1
  102
RTVSPost2010Prop36
  280
0
  102
RTVSPost2010PropOp36
  70
1
  102
RTVSPost2010Prop37
  90
50
  102
RTVSPost2010PropOp37
  70
1
  102
RTVSPost2010Prop38
  140
0
  102
RTVSPost2010PropOp38
  70
1
  102
RTVSPost2010Prop39
  140
1
  102
RTVSPost2010PropOp39
  70
1
  102
RTVSPost2010Prop40
  90
0
  102
RTVSPost2010PropOp40
  70
1
  102
RTVSPost2010Prop41ColorIndex
  90
18
  102
RTVSPost2010Prop41ColorRGB
  90
0
  102
RTVSPost2010PropOp41
  70
1
  102
RTVSPost2010Prop42
  90
50
  102
RTVSPost2010PropOp42
  70
1
  102
RTVSPost2010Prop43
  90
3
  102
RTVSPost2010PropOp43
  70
1
  102
RTVSPost2010Prop44ColorIndex
  90
5
  102
RTVSPost2010Prop44ColorRGB
  90
255
  102
RTVSPost2010PropOp44
  70
1
  102
RTVSPost2010Prop45
  280
0
  102
RTVSPost2010PropOp45
  70
1
  102
RTVSPost2010Prop46
  90
50
  102
RTVSPost2010PropOp46
  70
1
  102
RTVSPost2010Prop47
  90
50
  102
RTVSPost2010PropOp47
  70
1
  102
RTVSPost2010Prop48
  90
50
  102
RTVSPost2010PropOp48
  70
1
  102
RTVSPost2010Prop49
  280
0
  102
RTVSPost2010PropOp49
  70
1
  102
RTVSPost2010Prop50
  90
50
  102
RTVSPost2010PropOp50
  70
1
  102
RTVSPost2010Prop51ColorIndex
  90
256
  102
RTVSPost2010Prop51ColorRGB
  90
-16777216
  102
RTVSPost2010PropOp51
  70
0
  102
RTVSPost2010Prop52
  140
1
  102
RTVSPost2010PropOp52
  70
0
  102
RTVSPost2010Prop53
  90
2
  102
RTVSPost2010PropOp53
  70
1
  102
RTVSPost2010Prop54
  1
strokes_ogs.tif
  102
RTVSPost2010PropOp54
  70
1
  102
RTVSPost2010Prop55
  280
0
  102
RTVSPost2010PropOp55
  70
1
  102
RTVSPost2010Prop56
  140
1
  102
RTVSPost2010PropOp56
  70
1
  102
RTVSPost2010Prop57
  140
1
  102
RTVSPost2010PropOp57
  70
1
  102
RTVSPropertyOp0
  70
1
  102
RTVSPropertyOp1
  70
1
  102
RTVSPropertyOp2
  70
1
  102
RTVSPropertyOp3
  70
1
  102
RTVSPropertyOp4
  70
1
  102
RTVSPropertyOp5
  70
1
  102
RTVSPropertyOp6
  70
1
  102
RTVSPropertyOp7
  70
1
  102
RTVSPropertyOp8
  70
1
  102
RTVSPropertyOp9
  70
1
  102
RTVSPropertyOp10
  70
1
  102
RTVSPropertyOp11
  70
1
  102
RTVSPropertyOp12
  70
1
  102
RTVSPropertyOp13
  70
1
  102
RTVSPropertyOp14
  70
1
  102
RTVSPropertyOp15
  70
1
  102
RTVSPropertyOp16
  70
1
  102
RTVSPropertyOp17
  70
1
  102
RTVSPropertyOp18
  70
1
  102
RTVSPropertyOp19
  70
1
  102
RTVSPropertyOp20
  70
1
  102
RTVSPropertyOp21
  70
1
  102
RTVSPropertyOp22
  70
1
  102
RTVSPropertyOp23
  70
1
  102
RTVSPropertyOp24
  70
1
  102
RTVSPropertyOp25
  70
1
  102
RTVSPropertyOp26
  70
1
  102
RTVSPropertyOp27
  70
1
  102
RTVSPropertyOp28
  70
1
  102
RTVSPropertyOp29
  70
1
  102
RTVSPropertyOp30
  70
1
  102
RTVSPropertyOp31
  70
1
  102
RTVSPropertyOp32
  70
1
  102
RTVSPropertyOp33
  70
1
  102
RTVSPropertyOp34
  70
1
  102
RTVSPropertyOp35
  70
1
  102
RTVSPropertyOp36
  70
1
  102
RTVSPropertyOp37
  70
1
  102
RTVSPropertyOp38
  70
1
  102
RTVSPropertyOp39
  70
1
  102
RTVSPropertyOp40
  70
1
  102
RTVSPropertyOp41
  70
1
  102
RTVSPropertyOp42
  70
1
  102
RTVSPropertyOp43
  70
1
  102
RTVSPropertyOp44
  70
1
  102
RTVSPropertyOp45
  70
1
  102
RTVSPropertyOp46
  70
1
  102
RTVSPropertyOp47
  70
1
  102
RTVSPropertyOp48
  70
1
  102
RTVSPropertyOp49
  70
1
  102
RTVSPropertyOp50
  70
1
  102
RTVSPropertyOp51
  70
0
  102
RTVSPropertyOp52
  70
0
  102
RTVSPropertyOp53
  70
1
  102
RTVSPropertyOp54
  70
1
  102
RTVSPropertyOp55
  70
1
  102
RTVSPropertyOp56
  70
1
  102
RTVSPropertyOp57
  70
1
  102
RTVSPropertyOp58
  70
1
  102
RTVSPropertyOp59
  70
1
  102
RTVSPropertyOp60
  70
1
  102
RTVSPropertyOp61
  70
1
  102
RTVSPropertyOp62
  70
1
  0
XRECORD
  5
2E1
  102
{ACAD_REACTORS
  330
2E0
  102
}
  330
2E0
  100
AcDbXrecord
  280
1
  102
RTVSPost2010Prop28
  280
0
  102
RTVSPost2010PropOp28
  70
1
  102
RTVSPost2010Prop29
  280
1
  102
RTVSPost2010PropOp29
  70
1
  102
RTVSPost2010Prop30
  280
1
  102
RTVSPost2010PropOp30
  70
1
  102
RTVSPost2010Prop31
  280
0
  102
RTVSPost2010PropOp31
  70
1
  102
RTVSPost2010Prop32
  280
0
  102
RTVSPost2010PropOp32
  70
1
  102
RTVSPost2010Prop33
  280
0
  102
RTVSPost2010PropOp33
  70
1
  102
RTVSPost2010Prop34
  280
0
  102
RTVSPost2010PropOp34
  70
1
  102
RTVSPost2010Prop35
  280
0
  102
RTVSPost2010PropOp35
  70
1
  102
RTVSPost2010Prop36
  280
0
  102
RTVSPost2010PropOp36
  70
1
  102
RTVSPost2010Prop37
  90
50
  102
RTVSPost2010PropOp37
  70
1
  102
RTVSPost2010Prop38
  140
0
  102
RTVSPost2010PropOp38
  70
1
  102
RTVSPost2010Prop39
  140
1
  102
RTVSPost2010PropOp39
  70
1
  102
RTVSPost2010Prop40
  90
0
  102
RTVSPost2010PropOp40
  70
1
  102
RTVSPost2010Prop41ColorIndex
  90
18
  102
RTVSPost2010Prop41ColorRGB
  90
0
  102
RTVSPost2010PropOp41
  70
1
  102
RTVSPost2010Prop42
  90
50
  102
RTVSPost2010PropOp42
  70
1
  102
RTVSPost2010Prop43
  90
3
  102
RTVSPost2010PropOp43
  70
1
  102
RTVSPost2010Prop44ColorIndex
  90
5
  102
RTVSPost2010Prop44ColorRGB
  90
255
  102
RTVSPost2010PropOp44
  70
1
  102
RTVSPost2010Prop45
  280
0
  102
RTVSPost2010PropOp45
  70
1
  102
RTVSPost2010Prop46
  90
50
  102
RTVSPost2010PropOp46
  70
1
  102
RTVSPost2010Prop47
  90
50
  102
RTVSPost2010PropOp47
  70
1
  102
RTVSPost2010Prop48
  90
50
  102
RTVSPost2010PropOp48
  70
1
  102
RTVSPost2010Prop49
  280
0
  102
RTVSPost2010PropOp49
  70
1
  102
RTVSPost2010Prop50
  90
50
  102
RTVSPost2010PropOp50
  70
1
  102
RTVSPost2010Prop51ColorIndex
  90
256
  102
RTVSPost2010Prop51ColorRGB
  90
-16777216
  102
RTVSPost2010PropOp51
  70
0
  102
RTVSPost2010Prop52
  140
1
  102
RTVSPost2010PropOp52
  70
0
  102
RTVSPost2010Prop53
  90
2
  102
RTVSPost2010PropOp53
  70
1
  102
RTVSPost2010Prop54
  1
strokes_ogs.tif
  102
RTVSPost2010PropOp54
  70
1
  102
RTVSPost2010Prop55
  280
0
  102
RTVSPost2010PropOp55
  70
1
  102
RTVSPost2010Prop56
  140
1
  102
RTVSPost2010PropOp56
  70
1
  102
RTVSPost2010Prop57
  140
1
  102
RTVSPost2010PropOp57
  70
1
  102
RTVSPropertyOp0
  70
1
  102
RTVSPropertyOp1
  70
1
  102
RTVSPropertyOp2
  70
1
  102
RTVSPropertyOp3
  70
1
  102
RTVSPropertyOp4
  70
1
  102
RTVSPropertyOp5
  70
1
  102
RTVSPropertyOp6
  70
1
  102
RTVSPropertyOp7
  70
1
  102
RTVSPropertyOp8
  70
1
  102
RTVSPropertyOp9
  70
1
  102
RTVSPropertyOp10
  70
1
  102
RTVSPropertyOp11
  70
1
  102
RTVSPropertyOp12
  70
1
  102
RTVSPropertyOp13
  70
1
  102
RTVSPropertyOp14
  70
1
  102
RTVSPropertyOp15
  70
1
  102
RTVSPropertyOp16
  70
1
  102
RTVSPropertyOp17
  70
1
  102
RTVSPropertyOp18
  70
1
  102
RTVSPropertyOp19
  70
1
  102
RTVSPropertyOp20
  70
1
  102
RTVSPropertyOp21
  70
1
  102
RTVSPropertyOp22
  70
1
  102
RTVSPropertyOp23
  70
1
  102
RTVSPropertyOp24
  70
1
  102
RTVSPropertyOp25
  70
1
  102
RTVSPropertyOp26
  70
1
  102
RTVSPropertyOp27
  70
1
  102
RTVSPropertyOp28
  70
1
  102
RTVSPropertyOp29
  70
1
  102
RTVSPropertyOp30
  70
1
  102
RTVSPropertyOp31
  70
1
  102
RTVSPropertyOp32
  70
1
  102
RTVSPropertyOp33
  70
1
  102
RTVSPropertyOp34
  70
1
  102
RTVSPropertyOp35
  70
1
  102
RTVSPropertyOp36
  70
1
  102
RTVSPropertyOp37
  70
1
  102
RTVSPropertyOp38
  70
1
  102
RTVSPropertyOp39
  70
1
  102
RTVSPropertyOp40
  70
1
  102
RTVSPropertyOp41
  70
1
  102
RTVSPropertyOp42
  70
1
  102
RTVSPropertyOp43
  70
1
  102
RTVSPropertyOp44
  70
1
  102
RTVSPropertyOp45
  70
1
  102
RTVSPropertyOp46
  70
1
  102
RTVSPropertyOp47
  70
1
  102
RTVSPropertyOp48
  70
1
  102
RTVSPropertyOp49
  70
1
  102
RTVSPropertyOp50
  70
1
  102
RTVSPropertyOp51
  70
0
  102
RTVSPropertyOp52
  70
0
  102
RTVSPropertyOp53
  70
1
  102
RTVSPropertyOp54
  70
1
  102
RTVSPropertyOp55
  70
1
  102
RTVSPropertyOp56
  70
1
  102
RTVSPropertyOp57
  70
1
  102
RTVSPropertyOp58
  70
1
  102
RTVSPropertyOp59
  70
1
  102
RTVSPropertyOp60
  70
1
  102
RTVSPropertyOp61
  70
1
  102
RTVSPropertyOp62
  70
1
  0
XRECORD
  5
2E3
  102
{ACAD_REACTORS
  330
2E2
  102
}
  330
2E2
  100
AcDbXrecord
  280
1
  102
RTVSPost2010Prop28
  280
0
  102
RTVSPost2010PropOp28
  70
1
  102
RTVSPost2010Prop29
  280
1
  102
RTVSPost2010PropOp29
  70
1
  102
RTVSPost2010Prop30
  280
1
  102
RTVSPost2010PropOp30
  70
1
  102
RTVSPost2010Prop31
  280
0
  102
RTVSPost2010PropOp31
  70
1
  102
RTVSPost2010Prop32
  280
0
  102
RTVSPost2010PropOp32
  70
1
  102
RTVSPost2010Prop33
  280
0
  102
RTVSPost2010PropOp33
  70
1
  102
RTVSPost2010Prop34
  280
0
  102
RTVSPost2010PropOp34
  70
1
  102
RTVSPost2010Prop35
  280
0
  102
RTVSPost2010PropOp35
  70
1
  102
RTVSPost2010Prop36
  280
0
  102
RTVSPost2010PropOp36
  70
1
  102
RTVSPost2010Prop37
  90
50
  102
RTVSPost2010PropOp37
  70
1
  102
RTVSPost2010Prop38
  140
0
  102
RTVSPost2010PropOp38
  70
1
  102
RTVSPost2010Prop39
  140
1
  102
RTVSPost2010PropOp39
  70
1
  102
RTVSPost2010Prop40
  90
0
  102
RTVSPost2010PropOp40
  70
1
  102
RTVSPost2010Prop41ColorIndex
  90
18
  102
RTVSPost2010Prop41ColorRGB
  90
0
  102
RTVSPost2010PropOp41
  70
1
  102
RTVSPost2010Prop42
  90
50
  102
RTVSPost2010PropOp42
  70
1
  102
RTVSPost2010Prop43
  90
3
  102
RTVSPost2010PropOp43
  70
1
  102
RTVSPost2010Prop44ColorIndex
  90
5
  102
RTVSPost2010Prop44ColorRGB
  90
255
  102
RTVSPost2010PropOp44
  70
1
  102
RTVSPost2010Prop45
  280
0
  102
RTVSPost2010PropOp45
  70
1
  102
RTVSPost2010Prop46
  90
50
  102
RTVSPost2010PropOp46
  70
1
  102
RTVSPost2010Prop47
  90
50
  102
RTVSPost2010PropOp47
  70
1
  102
RTVSPost2010Prop48
  90
50
  102
RTVSPost2010PropOp48
  70
1
  102
RTVSPost2010Prop49
  280
0
  102
RTVSPost2010PropOp49
  70
1
  102
RTVSPost2010Prop50
  90
50
  102
RTVSPost2010PropOp50
  70
1
  102
RTVSPost2010Prop51ColorIndex
  90
256
  102
RTVSPost2010Prop51ColorRGB
  90
-16777216
  102
RTVSPost2010PropOp51
  70
0
  102
RTVSPost2010Prop52
  140
1
  102
RTVSPost2010PropOp52
  70
0
  102
RTVSPost2010Prop53
  90
2
  102
RTVSPost2010PropOp53
  70
1
  102
RTVSPost2010Prop54
  1
strokes_ogs.tif
  102
RTVSPost2010PropOp54
  70
1
  102
RTVSPost2010Prop55
  280
0
  102
RTVSPost2010PropOp55
  70
1
  102
RTVSPost2010Prop56
  140
1
  102
RTVSPost2010PropOp56
  70
1
  102
RTVSPost2010Prop57
  140
1
  102
RTVSPost2010PropOp57
  70
1
  102
RTVSPropertyOp0
  70
1
  102
RTVSPropertyOp1
  70
1
  102
RTVSPropertyOp2
  70
1
  102
RTVSPropertyOp3
  70
1
  102
RTVSPropertyOp4
  70
1
  102
RTVSPropertyOp5
  70
1
  102
RTVSPropertyOp6
  70
1
  102
RTVSPropertyOp7
  70
1
  102
RTVSPropertyOp8
  70
1
  102
RTVSPropertyOp9
  70
1
  102
RTVSPropertyOp10
  70
1
  102
RTVSPropertyOp11
  70
1
  102
RTVSPropertyOp12
  70
1
  102
RTVSPropertyOp13
  70
1
  102
RTVSPropertyOp14
  70
1
  102
RTVSPropertyOp15
  70
1
  102
RTVSPropertyOp16
  70
1
  102
RTVSPropertyOp17
  70
1
  102
RTVSPropertyOp18
  70
1
  102
RTVSPropertyOp19
  70
1
  102
RTVSPropertyOp20
  70
1
  102
RTVSPropertyOp21
  70
1
  102
RTVSPropertyOp22
  70
1
  102
RTVSPropertyOp23
  70
1
  102
RTVSPropertyOp24
  70
1
  102
RTVSPropertyOp25
  70
1
  102
RTVSPropertyOp26
  70
1
  102
RTVSPropertyOp27
  70
1
  102
RTVSPropertyOp28
  70
1
  102
RTVSPropertyOp29
  70
1
  102
RTVSPropertyOp30
  70
1
  102
RTVSPropertyOp31
  70
1
  102
RTVSPropertyOp32
  70
1
  102
RTVSPropertyOp33
  70
1
  102
RTVSPropertyOp34
  70
1
  102
RTVSPropertyOp35
  70
1
  102
RTVSPropertyOp36
  70
1
  102
RTVSPropertyOp37
  70
1
  102
RTVSPropertyOp38
  70
1
  102
RTVSPropertyOp39
  70
1
  102
RTVSPropertyOp40
  70
1
  102
RTVSPropertyOp41
  70
1
  102
RTVSPropertyOp42
  70
1
  102
RTVSPropertyOp43
  70
1
  102
RTVSPropertyOp44
  70
1
  102
RTVSPropertyOp45
  70
1
  102
RTVSPropertyOp46
  70
1
  102
RTVSPropertyOp47
  70
1
  102
RTVSPropertyOp48
  70
1
  102
RTVSPropertyOp49
  70
1
  102
RTVSPropertyOp50
  70
1
  102
RTVSPropertyOp51
  70
0
  102
RTVSPropertyOp52
  70
0
  102
RTVSPropertyOp53
  70
1
  102
RTVSPropertyOp54
  70
1
  102
RTVSPropertyOp55
  70
1
  102
RTVSPropertyOp56
  70
1
  102
RTVSPropertyOp57
  70
1
  102
RTVSPropertyOp58
  70
1
  102
RTVSPropertyOp59
  70
1
  102
RTVSPropertyOp60
  70
1
  102
RTVSPropertyOp61
  70
1
  102
RTVSPropertyOp62
  70
1
  0
XRECORD
  5
2E5
  102
{ACAD_REACTORS
  330
2E4
  102
}
  330
2E4
  100
AcDbXrecord
  280
1
  102
RTVSPost2010Prop28
  280
0
  102
RTVSPost2010PropOp28
  70
1
  102
RTVSPost2010Prop29
  280
1
  102
RTVSPost2010PropOp29
  70
1
  102
RTVSPost2010Prop30
  280
1
  102
RTVSPost2010PropOp30
  70
1
  102
RTVSPost2010Prop31
  280
0
  102
RTVSPost2010PropOp31
  70
1
  102
RTVSPost2010Prop32
  280
0
  102
RTVSPost2010PropOp32
  70
1
  102
RTVSPost2010Prop33
  280
0
  102
RTVSPost2010PropOp33
  70
1
  102
RTVSPost2010Prop34
  280
0
  102
RTVSPost2010PropOp34
  70
1
  102
RTVSPost2010Prop35
  280
0
  102
RTVSPost2010PropOp35
  70
1
  102
RTVSPost2010Prop36
  280
0
  102
RTVSPost2010PropOp36
  70
1
  102
RTVSPost2010Prop37
  90
50
  102
RTVSPost2010PropOp37
  70
1
  102
RTVSPost2010Prop38
  140
0
  102
RTVSPost2010PropOp38
  70
1
  102
RTVSPost2010Prop39
  140
1
  102
RTVSPost2010PropOp39
  70
1
  102
RTVSPost2010Prop40
  90
0
  102
RTVSPost2010PropOp40
  70
1
  102
RTVSPost2010Prop41ColorIndex
  90
18
  102
RTVSPost2010Prop41ColorRGB
  90
0
  102
RTVSPost2010PropOp41
  70
1
  102
RTVSPost2010Prop42
  90
50
  102
RTVSPost2010PropOp42
  70
1
  102
RTVSPost2010Prop43
  90
3
  102
RTVSPost2010PropOp43
  70
1
  102
RTVSPost2010Prop44ColorIndex
  90
5
  102
RTVSPost2010Prop44ColorRGB
  90
255
  102
RTVSPost2010PropOp44
  70
1
  102
RTVSPost2010Prop45
  280
0
  102
RTVSPost2010PropOp45
  70
1
  102
RTVSPost2010Prop46
  90
50
  102
RTVSPost2010PropOp46
  70
1
  102
RTVSPost2010Prop47
  90
50
  102
RTVSPost2010PropOp47
  70
1
  102
RTVSPost2010Prop48
  90
50
  102
RTVSPost2010PropOp48
  70
1
  102
RTVSPost2010Prop49
  280
0
  102
RTVSPost2010PropOp49
  70
1
  102
RTVSPost2010Prop50
  90
50
  102
RTVSPost2010PropOp50
  70
1
  102
RTVSPost2010Prop51ColorIndex
  90
256
  102
RTVSPost2010Prop51ColorRGB
  90
-16777216
  102
RTVSPost2010PropOp51
  70
0
  102
RTVSPost2010Prop52
  140
1
  102
RTVSPost2010PropOp52
  70
0
  102
RTVSPost2010Prop53
  90
2
  102
RTVSPost2010PropOp53
  70
1
  102
RTVSPost2010Prop54
  1
strokes_ogs.tif
  102
RTVSPost2010PropOp54
  70
1
  102
RTVSPost2010Prop55
  280
0
  102
RTVSPost2010PropOp55
  70
1
  102
RTVSPost2010Prop56
  140
1
  102
RTVSPost2010PropOp56
  70
1
  102
RTVSPost2010Prop57
  140
1
  102
RTVSPost2010PropOp57
  70
1
  102
RTVSPropertyOp0
  70
1
  102
RTVSPropertyOp1
  70
1
  102
RTVSPropertyOp2
  70
1
  102
RTVSPropertyOp3
  70
1
  102
RTVSPropertyOp4
  70
1
  102
RTVSPropertyOp5
  70
1
  102
RTVSPropertyOp6
  70
1
  102
RTVSPropertyOp7
  70
1
  102
RTVSPropertyOp8
  70
1
  102
RTVSPropertyOp9
  70
1
  102
RTVSPropertyOp10
  70
1
  102
RTVSPropertyOp11
  70
1
  102
RTVSPropertyOp12
  70
1
  102
RTVSPropertyOp13
  70
1
  102
RTVSPropertyOp14
  70
1
  102
RTVSPropertyOp15
  70
1
  102
RTVSPropertyOp16
  70
1
  102
RTVSPropertyOp17
  70
1
  102
RTVSPropertyOp18
  70
1
  102
RTVSPropertyOp19
  70
1
  102
RTVSPropertyOp20
  70
1
  102
RTVSPropertyOp21
  70
1
  102
RTVSPropertyOp22
  70
1
  102
RTVSPropertyOp23
  70
1
  102
RTVSPropertyOp24
  70
1
  102
RTVSPropertyOp25
  70
1
  102
RTVSPropertyOp26
  70
1
  102
RTVSPropertyOp27
  70
1
  102
RTVSPropertyOp28
  70
1
  102
RTVSPropertyOp29
  70
1
  102
RTVSPropertyOp30
  70
1
  102
RTVSPropertyOp31
  70
1
  102
RTVSPropertyOp32
  70
1
  102
RTVSPropertyOp33
  70
1
  102
RTVSPropertyOp34
  70
1
  102
RTVSPropertyOp35
  70
1
  102
RTVSPropertyOp36
  70
1
  102
RTVSPropertyOp37
  70
1
  102
RTVSPropertyOp38
  70
1
  102
RTVSPropertyOp39
  70
1
  102
RTVSPropertyOp40
  70
1
  102
RTVSPropertyOp41
  70
1
  102
RTVSPropertyOp42
  70
1
  102
RTVSPropertyOp43
  70
1
  102
RTVSPropertyOp44
  70
1
  102
RTVSPropertyOp45
  70
1
  102
RTVSPropertyOp46
  70
1
  102
RTVSPropertyOp47
  70
1
  102
RTVSPropertyOp48
  70
1
  102
RTVSPropertyOp49
  70
1
  102
RTVSPropertyOp50
  70
1
  102
RTVSPropertyOp51
  70
0
  102
RTVSPropertyOp52
  70
0
  102
RTVSPropertyOp53
  70
1
  102
RTVSPropertyOp54
  70
1
  102
RTVSPropertyOp55
  70
1
  102
RTVSPropertyOp56
  70
1
  102
RTVSPropertyOp57
  70
1
  102
RTVSPropertyOp58
  70
1
  102
RTVSPropertyOp59
  70
1
  102
RTVSPropertyOp60
  70
1
  102
RTVSPropertyOp61
  70
1
  102
RTVSPropertyOp62
  70
1
  0
XRECORD
  5
2E7
  102
{ACAD_REACTORS
  330
2E6
  102
}
  330
2E6
  100
AcDbXrecord
  280
1
  102
RTVSPost2010Prop28
  280
0
  102
RTVSPost2010PropOp28
  70
1
  102
RTVSPost2010Prop29
  280
1
  102
RTVSPost2010PropOp29
  70
1
  102
RTVSPost2010Prop30
  280
1
  102
RTVSPost2010PropOp30
  70
1
  102
RTVSPost2010Prop31
  280
0
  102
RTVSPost2010PropOp31
  70
1
  102
RTVSPost2010Prop32
  280
0
  102
RTVSPost2010PropOp32
  70
1
  102
RTVSPost2010Prop33
  280
0
  102
RTVSPost2010PropOp33
  70
1
  102
RTVSPost2010Prop34
  280
0
  102
RTVSPost2010PropOp34
  70
1
  102
RTVSPost2010Prop35
  280
0
  102
RTVSPost2010PropOp35
  70
1
  102
RTVSPost2010Prop36
  280
0
  102
RTVSPost2010PropOp36
  70
1
  102
RTVSPost2010Prop37
  90
50
  102
RTVSPost2010PropOp37
  70
1
  102
RTVSPost2010Prop38
  140
0
  102
RTVSPost2010PropOp38
  70
1
  102
RTVSPost2010Prop39
  140
1
  102
RTVSPost2010PropOp39
  70
1
  102
RTVSPost2010Prop40
  90
0
  102
RTVSPost2010PropOp40
  70
1
  102
RTVSPost2010Prop41ColorIndex
  90
18
  102
RTVSPost2010Prop41ColorRGB
  90
0
  102
RTVSPost2010PropOp41
  70
1
  102
RTVSPost2010Prop42
  90
50
  102
RTVSPost2010PropOp42
  70
1
  102
RTVSPost2010Prop43
  90
3
  102
RTVSPost2010PropOp43
  70
1
  102
RTVSPost2010Prop44ColorIndex
  90
5
  102
RTVSPost2010Prop44ColorRGB
  90
255
  102
RTVSPost2010PropOp44
  70
1
  102
RTVSPost2010Prop45
  280
0
  102
RTVSPost2010PropOp45
  70
1
  102
RTVSPost2010Prop46
  90
50
  102
RTVSPost2010PropOp46
  70
1
  102
RTVSPost2010Prop47
  90
50
  102
RTVSPost2010PropOp47
  70
1
  102
RTVSPost2010Prop48
  90
50
  102
RTVSPost2010PropOp48
  70
1
  102
RTVSPost2010Prop49
  280
0
  102
RTVSPost2010PropOp49
  70
1
  102
RTVSPost2010Prop50
  90
50
  102
RTVSPost2010PropOp50
  70
1
  102
RTVSPost2010Prop51ColorIndex
  90
256
  102
RTVSPost2010Prop51ColorRGB
  90
-16777216
  102
RTVSPost2010PropOp51
  70
0
  102
RTVSPost2010Prop52
  140
1
  102
RTVSPost2010PropOp52
  70
0
  102
RTVSPost2010Prop53
  90
2
  102
RTVSPost2010PropOp53
  70
1
  102
RTVSPost2010Prop54
  1
strokes_ogs.tif
  102
RTVSPost2010PropOp54
  70
1
  102
RTVSPost2010Prop55
  280
0
  102
RTVSPost2010PropOp55
  70
1
  102
RTVSPost2010Prop56
  140
1
  102
RTVSPost2010PropOp56
  70
1
  102
RTVSPost2010Prop57
  140
1
  102
RTVSPost2010PropOp57
  70
1
  102
RTVSPropertyOp0
  70
1
  102
RTVSPropertyOp1
  70
1
  102
RTVSPropertyOp2
  70
1
  102
RTVSPropertyOp3
  70
1
  102
RTVSPropertyOp4
  70
1
  102
RTVSPropertyOp5
  70
1
  102
RTVSPropertyOp6
  70
1
  102
RTVSPropertyOp7
  70
1
  102
RTVSPropertyOp8
  70
1
  102
RTVSPropertyOp9
  70
1
  102
RTVSPropertyOp10
  70
1
  102
RTVSPropertyOp11
  70
1
  102
RTVSPropertyOp12
  70
1
  102
RTVSPropertyOp13
  70
1
  102
RTVSPropertyOp14
  70
1
  102
RTVSPropertyOp15
  70
1
  102
RTVSPropertyOp16
  70
1
  102
RTVSPropertyOp17
  70
1
  102
RTVSPropertyOp18
  70
1
  102
RTVSPropertyOp19
  70
1
  102
RTVSPropertyOp20
  70
1
  102
RTVSPropertyOp21
  70
1
  102
RTVSPropertyOp22
  70
1
  102
RTVSPropertyOp23
  70
1
  102
RTVSPropertyOp24
  70
1
  102
RTVSPropertyOp25
  70
1
  102
RTVSPropertyOp26
  70
1
  102
RTVSPropertyOp27
  70
1
  102
RTVSPropertyOp28
  70
1
  102
RTVSPropertyOp29
  70
1
  102
RTVSPropertyOp30
  70
1
  102
RTVSPropertyOp31
  70
1
  102
RTVSPropertyOp32
  70
1
  102
RTVSPropertyOp33
  70
1
  102
RTVSPropertyOp34
  70
1
  102
RTVSPropertyOp35
  70
1
  102
RTVSPropertyOp36
  70
1
  102
RTVSPropertyOp37
  70
1
  102
RTVSPropertyOp38
  70
1
  102
RTVSPropertyOp39
  70
1
  102
RTVSPropertyOp40
  70
1
  102
RTVSPropertyOp41
  70
1
  102
RTVSPropertyOp42
  70
1
  102
RTVSPropertyOp43
  70
1
  102
RTVSPropertyOp44
  70
1
  102
RTVSPropertyOp45
  70
1
  102
RTVSPropertyOp46
  70
1
  102
RTVSPropertyOp47
  70
1
  102
RTVSPropertyOp48
  70
1
  102
RTVSPropertyOp49
  70
1
  102
RTVSPropertyOp50
  70
1
  102
RTVSPropertyOp51
  70
0
  102
RTVSPropertyOp52
  70
0
  102
RTVSPropertyOp53
  70
1
  102
RTVSPropertyOp54
  70
1
  102
RTVSPropertyOp55
  70
1
  102
RTVSPropertyOp56
  70
1
  102
RTVSPropertyOp57
  70
1
  102
RTVSPropertyOp58
  70
1
  102
RTVSPropertyOp59
  70
1
  102
RTVSPropertyOp60
  70
1
  102
RTVSPropertyOp61
  70
1
  102
RTVSPropertyOp62
  70
1
  0
XRECORD
  5
2EF
  102
{ACAD_REACTORS
  330
2EE
  102
}
  330
2EE
  100
AcDbXrecord
  280
1
  102
RTVSPost2010Prop28
  280
0
  102
RTVSPost2010PropOp28
  70
1
  102
RTVSPost2010Prop29
  280
1
  102
RTVSPost2010PropOp29
  70
1
  102
RTVSPost2010Prop30
  280
1
  102
RTVSPost2010PropOp30
  70
1
  102
RTVSPost2010Prop31
  280
0
  102
RTVSPost2010PropOp31
  70
1
  102
RTVSPost2010Prop32
  280
0
  102
RTVSPost2010PropOp32
  70
1
  102
RTVSPost2010Prop33
  280
0
  102
RTVSPost2010PropOp33
  70
1
  102
RTVSPost2010Prop34
  280
0
  102
RTVSPost2010PropOp34
  70
1
  102
RTVSPost2010Prop35
  280
0
  102
RTVSPost2010PropOp35
  70
1
  102
RTVSPost2010Prop36
  280
0
  102
RTVSPost2010PropOp36
  70
1
  102
RTVSPost2010Prop37
  90
50
  102
RTVSPost2010PropOp37
  70
1
  102
RTVSPost2010Prop38
  140
0
  102
RTVSPost2010PropOp38
  70
1
  102
RTVSPost2010Prop39
  140
1
  102
RTVSPost2010PropOp39
  70
1
  102
RTVSPost2010Prop40
  90
0
  102
RTVSPost2010PropOp40
  70
1
  102
RTVSPost2010Prop41ColorIndex
  90
18
  102
RTVSPost2010Prop41ColorRGB
  90
0
  102
RTVSPost2010PropOp41
  70
1
  102
RTVSPost2010Prop42
  90
50
  102
RTVSPost2010PropOp42
  70
1
  102
RTVSPost2010Prop43
  90
3
  102
RTVSPost2010PropOp43
  70
1
  102
RTVSPost2010Prop44ColorIndex
  90
5
  102
RTVSPost2010Prop44ColorRGB
  90
255
  102
RTVSPost2010PropOp44
  70
1
  102
RTVSPost2010Prop45
  280
0
  102
RTVSPost2010PropOp45
  70
1
  102
RTVSPost2010Prop46
  90
50
  102
RTVSPost2010PropOp46
  70
1
  102
RTVSPost2010Prop47
  90
50
  102
RTVSPost2010PropOp47
  70
1
  102
RTVSPost2010Prop48
  90
50
  102
RTVSPost2010PropOp48
  70
1
  102
RTVSPost2010Prop49
  280
0
  102
RTVSPost2010PropOp49
  70
1
  102
RTVSPost2010Prop50
  90
50
  102
RTVSPost2010PropOp50
  70
1
  102
RTVSPost2010Prop51ColorIndex
  90
256
  102
RTVSPost2010Prop51ColorRGB
  90
-16777216
  102
RTVSPost2010PropOp51
  70
0
  102
RTVSPost2010Prop52
  140
1
  102
RTVSPost2010PropOp52
  70
0
  102
RTVSPost2010Prop53
  90
2
  102
RTVSPost2010PropOp53
  70
1
  102
RTVSPost2010Prop54
  1
strokes_ogs.tif
  102
RTVSPost2010PropOp54
  70
1
  102
RTVSPost2010Prop55
  280
0
  102
RTVSPost2010PropOp55
  70
1
  102
RTVSPost2010Prop56
  140
1
  102
RTVSPost2010PropOp56
  70
1
  102
RTVSPost2010Prop57
  140
1
  102
RTVSPost2010PropOp57
  70
1
  102
RTVSPropertyOp0
  70
1
  102
RTVSPropertyOp1
  70
1
  102
RTVSPropertyOp2
  70
1
  102
RTVSPropertyOp3
  70
1
  102
RTVSPropertyOp4
  70
1
  102
RTVSPropertyOp5
  70
1
  102
RTVSPropertyOp6
  70
1
  102
RTVSPropertyOp7
  70
1
  102
RTVSPropertyOp8
  70
1
  102
RTVSPropertyOp9
  70
1
  102
RTVSPropertyOp10
  70
1
  102
RTVSPropertyOp11
  70
1
  102
RTVSPropertyOp12
  70
1
  102
RTVSPropertyOp13
  70
1
  102
RTVSPropertyOp14
  70
1
  102
RTVSPropertyOp15
  70
1
  102
RTVSPropertyOp16
  70
1
  102
RTVSPropertyOp17
  70
1
  102
RTVSPropertyOp18
  70
1
  102
RTVSPropertyOp19
  70
1
  102
RTVSPropertyOp20
  70
1
  102
RTVSPropertyOp21
  70
1
  102
RTVSPropertyOp22
  70
1
  102
RTVSPropertyOp23
  70
1
  102
RTVSPropertyOp24
  70
1
  102
RTVSPropertyOp25
  70
1
  102
RTVSPropertyOp26
  70
1
  102
RTVSPropertyOp27
  70
1
  102
RTVSPropertyOp28
  70
1
  102
RTVSPropertyOp29
  70
1
  102
RTVSPropertyOp30
  70
1
  102
RTVSPropertyOp31
  70
1
  102
RTVSPropertyOp32
  70
1
  102
RTVSPropertyOp33
  70
1
  102
RTVSPropertyOp34
  70
1
  102
RTVSPropertyOp35
  70
1
  102
RTVSPropertyOp36
  70
1
  102
RTVSPropertyOp37
  70
1
  102
RTVSPropertyOp38
  70
1
  102
RTVSPropertyOp39
  70
1
  102
RTVSPropertyOp40
  70
1
  102
RTVSPropertyOp41
  70
1
  102
RTVSPropertyOp42
  70
1
  102
RTVSPropertyOp43
  70
1
  102
RTVSPropertyOp44
  70
1
  102
RTVSPropertyOp45
  70
1
  102
RTVSPropertyOp46
  70
1
  102
RTVSPropertyOp47
  70
1
  102
RTVSPropertyOp48
  70
1
  102
RTVSPropertyOp49
  70
1
  102
RTVSPropertyOp50
  70
1
  102
RTVSPropertyOp51
  70
0
  102
RTVSPropertyOp52
  70
0
  102
RTVSPropertyOp53
  70
1
  102
RTVSPropertyOp54
  70
1
  102
RTVSPropertyOp55
  70
1
  102
RTVSPropertyOp56
  70
1
  102
RTVSPropertyOp57
  70
1
  102
RTVSPropertyOp58
  70
1
  102
RTVSPropertyOp59
  70
1
  102
RTVSPropertyOp60
  70
1
  102
RTVSPropertyOp61
  70
1
  102
RTVSPropertyOp62
  70
1
  0
XRECORD
  5
301
  102
{ACAD_REACTORS
  330
300
  102
}
  330
300
  100
AcDbXrecord
  280
1
  102
RTVSPost2010Prop28
  280
0
  102
RTVSPost2010PropOp28
  70
1
  102
RTVSPost2010Prop29
  280
1
  102
RTVSPost2010PropOp29
  70
1
  102
RTVSPost2010Prop30
  280
1
  102
RTVSPost2010PropOp30
  70
1
  102
RTVSPost2010Prop31
  280
0
  102
RTVSPost2010PropOp31
  70
1
  102
RTVSPost2010Prop32
  280
0
  102
RTVSPost2010PropOp32
  70
1
  102
RTVSPost2010Prop33
  280
0
  102
RTVSPost2010PropOp33
  70
1
  102
RTVSPost2010Prop34
  280
0
  102
RTVSPost2010PropOp34
  70
1
  102
RTVSPost2010Prop35
  280
0
  102
RTVSPost2010PropOp35
  70
1
  102
RTVSPost2010Prop36
  280
0
  102
RTVSPost2010PropOp36
  70
1
  102
RTVSPost2010Prop37
  90
50
  102
RTVSPost2010PropOp37
  70
1
  102
RTVSPost2010Prop38
  140
0
  102
RTVSPost2010PropOp38
  70
1
  102
RTVSPost2010Prop39
  140
1
  102
RTVSPost2010PropOp39
  70
1
  102
RTVSPost2010Prop40
  90
0
  102
RTVSPost2010PropOp40
  70
1
  102
RTVSPost2010Prop41ColorIndex
  90
18
  102
RTVSPost2010Prop41ColorRGB
  90
0
  102
RTVSPost2010PropOp41
  70
1
  102
RTVSPost2010Prop42
  90
50
  102
RTVSPost2010PropOp42
  70
1
  102
RTVSPost2010Prop43
  90
3
  102
RTVSPost2010PropOp43
  70
1
  102
RTVSPost2010Prop44ColorIndex
  90
5
  102
RTVSPost2010Prop44ColorRGB
  90
255
  102
RTVSPost2010PropOp44
  70
1
  102
RTVSPost2010Prop45
  280
0
  102
RTVSPost2010PropOp45
  70
1
  102
RTVSPost2010Prop46
  90
50
  102
RTVSPost2010PropOp46
  70
1
  102
RTVSPost2010Prop47
  90
50
  102
RTVSPost2010PropOp47
  70
1
  102
RTVSPost2010Prop48
  90
50
  102
RTVSPost2010PropOp48
  70
1
  102
RTVSPost2010Prop49
  280
0
  102
RTVSPost2010PropOp49
  70
1
  102
RTVSPost2010Prop50
  90
50
  102
RTVSPost2010PropOp50
  70
1
  102
RTVSPost2010Prop51ColorIndex
  90
256
  102
RTVSPost2010Prop51ColorRGB
  90
-16777216
  102
RTVSPost2010PropOp51
  70
0
  102
RTVSPost2010Prop52
  140
1
  102
RTVSPost2010PropOp52
  70
0
  102
RTVSPost2010Prop53
  90
2
  102
RTVSPost2010PropOp53
  70
1
  102
RTVSPost2010Prop54
  1
strokes_ogs.tif
  102
RTVSPost2010PropOp54
  70
1
  102
RTVSPost2010Prop55
  280
0
  102
RTVSPost2010PropOp55
  70
1
  102
RTVSPost2010Prop56
  140
1
  102
RTVSPost2010PropOp56
  70
1
  102
RTVSPost2010Prop57
  140
1
  102
RTVSPost2010PropOp57
  70
1
  102
RTVSPropertyOp0
  70
0
  102
RTVSPropertyOp1
  70
0
  102
RTVSPropertyOp2
  70
0
  102
RTVSPropertyOp3
  70
0
  102
RTVSPropertyOp4
  70
0
  102
RTVSPropertyOp5
  70
0
  102
RTVSPropertyOp6
  70
0
  102
RTVSPropertyOp7
  70
0
  102
RTVSPropertyOp8
  70
0
  102
RTVSPropertyOp9
  70
0
  102
RTVSPropertyOp10
  70
0
  102
RTVSPropertyOp11
  70
0
  102
RTVSPropertyOp12
  70
0
  102
RTVSPropertyOp13
  70
0
  102
RTVSPropertyOp14
  70
2
  102
RTVSPropertyOp15
  70
0
  102
RTVSPropertyOp16
  70
0
  102
RTVSPropertyOp17
  70
0
  102
RTVSPropertyOp18
  70
0
  102
RTVSPropertyOp19
  70
0
  102
RTVSPropertyOp20
  70
0
  102
RTVSPropertyOp21
  70
0
  102
RTVSPropertyOp22
  70
0
  102
RTVSPropertyOp23
  70
0
  102
RTVSPropertyOp24
  70
0
  102
RTVSPropertyOp25
  70
0
  102
RTVSPropertyOp26
  70
0
  102
RTVSPropertyOp27
  70
0
  102
RTVSPropertyOp28
  70
1
  102
RTVSPropertyOp29
  70
1
  102
RTVSPropertyOp30
  70
1
  102
RTVSPropertyOp31
  70
1
  102
RTVSPropertyOp32
  70
1
  102
RTVSPropertyOp33
  70
1
  102
RTVSPropertyOp34
  70
1
  102
RTVSPropertyOp35
  70
1
  102
RTVSPropertyOp36
  70
1
  102
RTVSPropertyOp37
  70
1
  102
RTVSPropertyOp38
  70
1
  102
RTVSPropertyOp39
  70
1
  102
RTVSPropertyOp40
  70
1
  102
RTVSPropertyOp41
  70
1
  102
RTVSPropertyOp42
  70
1
  102
RTVSPropertyOp43
  70
1
  102
RTVSPropertyOp44
  70
1
  102
RTVSPropertyOp45
  70
1
  102
RTVSPropertyOp46
  70
1
  102
RTVSPropertyOp47
  70
1
  102
RTVSPropertyOp48
  70
1
  102
RTVSPropertyOp49
  70
1
  102
RTVSPropertyOp50
  70
1
  102
RTVSPropertyOp51
  70
0
  102
RTVSPropertyOp52
  70
0
  102
RTVSPropertyOp53
  70
1
  102
RTVSPropertyOp54
  70
1
  102
RTVSPropertyOp55
  70
1
  102
RTVSPropertyOp56
  70
1
  102
RTVSPropertyOp57
  70
1
  102
RTVSPropertyOp58
  70
1
  102
RTVSPropertyOp59
  70
1
  102
RTVSPropertyOp60
  70
1
  102
RTVSPropertyOp61
  70
1
  102
RTVSPropertyOp62
  70
1
  0
XRECORD
  5
2FB
  102
{ACAD_REACTORS
  330
2FA
  102
}
  330
2FA
  100
AcDbXrecord
  280
1
  102
RTVSPost2010Prop28
  280
0
  102
RTVSPost2010PropOp28
  70
1
  102
RTVSPost2010Prop29
  280
1
  102
RTVSPost2010PropOp29
  70
1
  102
RTVSPost2010Prop30
  280
1
  102
RTVSPost2010PropOp30
  70
1
  102
RTVSPost2010Prop31
  280
0
  102
RTVSPost2010PropOp31
  70
1
  102
RTVSPost2010Prop32
  280
0
  102
RTVSPost2010PropOp32
  70
1
  102
RTVSPost2010Prop33
  280
0
  102
RTVSPost2010PropOp33
  70
1
  102
RTVSPost2010Prop34
  280
0
  102
RTVSPost2010PropOp34
  70
1
  102
RTVSPost2010Prop35
  280
0
  102
RTVSPost2010PropOp35
  70
1
  102
RTVSPost2010Prop36
  280
0
  102
RTVSPost2010PropOp36
  70
1
  102
RTVSPost2010Prop37
  90
50
  102
RTVSPost2010PropOp37
  70
1
  102
RTVSPost2010Prop38
  140
0
  102
RTVSPost2010PropOp38
  70
1
  102
RTVSPost2010Prop39
  140
1
  102
RTVSPost2010PropOp39
  70
1
  102
RTVSPost2010Prop40
  90
0
  102
RTVSPost2010PropOp40
  70
1
  102
RTVSPost2010Prop41ColorIndex
  90
18
  102
RTVSPost2010Prop41ColorRGB
  90
0
  102
RTVSPost2010PropOp41
  70
1
  102
RTVSPost2010Prop42
  90
50
  102
RTVSPost2010PropOp42
  70
1
  102
RTVSPost2010Prop43
  90
3
  102
RTVSPost2010PropOp43
  70
1
  102
RTVSPost2010Prop44ColorIndex
  90
5
  102
RTVSPost2010Prop44ColorRGB
  90
255
  102
RTVSPost2010PropOp44
  70
1
  102
RTVSPost2010Prop45
  280
0
  102
RTVSPost2010PropOp45
  70
1
  102
RTVSPost2010Prop46
  90
50
  102
RTVSPost2010PropOp46
  70
1
  102
RTVSPost2010Prop47
  90
50
  102
RTVSPost2010PropOp47
  70
1
  102
RTVSPost2010Prop48
  90
50
  102
RTVSPost2010PropOp48
  70
1
  102
RTVSPost2010Prop49
  280
0
  102
RTVSPost2010PropOp49
  70
1
  102
RTVSPost2010Prop50
  90
50
  102
RTVSPost2010PropOp50
  70
1
  102
RTVSPost2010Prop51ColorIndex
  90
256
  102
RTVSPost2010Prop51ColorRGB
  90
-16777216
  102
RTVSPost2010PropOp51
  70
0
  102
RTVSPost2010Prop52
  140
1
  102
RTVSPost2010PropOp52
  70
0
  102
RTVSPost2010Prop53
  90
2
  102
RTVSPost2010PropOp53
  70
1
  102
RTVSPost2010Prop54
  1
strokes_ogs.tif
  102
RTVSPost2010PropOp54
  70
1
  102
RTVSPost2010Prop55
  280
0
  102
RTVSPost2010PropOp55
  70
1
  102
RTVSPost2010Prop56
  140
1
  102
RTVSPost2010PropOp56
  70
1
  102
RTVSPost2010Prop57
  140
1
  102
RTVSPost2010PropOp57
  70
1
  102
RTVSPropertyOp0
  70
1
  102
RTVSPropertyOp1
  70
1
  102
RTVSPropertyOp2
  70
1
  102
RTVSPropertyOp3
  70
1
  102
RTVSPropertyOp4
  70
1
  102
RTVSPropertyOp5
  70
1
  102
RTVSPropertyOp6
  70
1
  102
RTVSPropertyOp7
  70
1
  102
RTVSPropertyOp8
  70
1
  102
RTVSPropertyOp9
  70
1
  102
RTVSPropertyOp10
  70
1
  102
RTVSPropertyOp11
  70
1
  102
RTVSPropertyOp12
  70
1
  102
RTVSPropertyOp13
  70
1
  102
RTVSPropertyOp14
  70
1
  102
RTVSPropertyOp15
  70
1
  102
RTVSPropertyOp16
  70
1
  102
RTVSPropertyOp17
  70
1
  102
RTVSPropertyOp18
  70
1
  102
RTVSPropertyOp19
  70
1
  102
RTVSPropertyOp20
  70
1
  102
RTVSPropertyOp21
  70
1
  102
RTVSPropertyOp22
  70
1
  102
RTVSPropertyOp23
  70
1
  102
RTVSPropertyOp24
  70
1
  102
RTVSPropertyOp25
  70
1
  102
RTVSPropertyOp26
  70
1
  102
RTVSPropertyOp27
  70
1
  102
RTVSPropertyOp28
  70
1
  102
RTVSPropertyOp29
  70
1
  102
RTVSPropertyOp30
  70
1
  102
RTVSPropertyOp31
  70
1
  102
RTVSPropertyOp32
  70
1
  102
RTVSPropertyOp33
  70
1
  102
RTVSPropertyOp34
  70
1
  102
RTVSPropertyOp35
  70
1
  102
RTVSPropertyOp36
  70
1
  102
RTVSPropertyOp37
  70
1
  102
RTVSPropertyOp38
  70
1
  102
RTVSPropertyOp39
  70
1
  102
RTVSPropertyOp40
  70
1
  102
RTVSPropertyOp41
  70
1
  102
RTVSPropertyOp42
  70
1
  102
RTVSPropertyOp43
  70
1
  102
RTVSPropertyOp44
  70
1
  102
RTVSPropertyOp45
  70
1
  102
RTVSPropertyOp46
  70
1
  102
RTVSPropertyOp47
  70
1
  102
RTVSPropertyOp48
  70
1
  102
RTVSPropertyOp49
  70
1
  102
RTVSPropertyOp50
  70
1
  102
RTVSPropertyOp51
  70
0
  102
RTVSPropertyOp52
  70
0
  102
RTVSPropertyOp53
  70
1
  102
RTVSPropertyOp54
  70
1
  102
RTVSPropertyOp55
  70
1
  102
RTVSPropertyOp56
  70
1
  102
RTVSPropertyOp57
  70
1
  102
RTVSPropertyOp58
  70
1
  102
RTVSPropertyOp59
  70
1
  102
RTVSPropertyOp60
  70
1
  102
RTVSPropertyOp61
  70
1
  102
RTVSPropertyOp62
  70
1
  0
XRECORD
  5
303
  102
{ACAD_REACTORS
  330
302
  102
}
  330
302
  100
AcDbXrecord
  280
1
  102
RTVSPost2010Prop28
  280
0
  102
RTVSPost2010PropOp28
  70
1
  102
RTVSPost2010Prop29
  280
1
  102
RTVSPost2010PropOp29
  70
1
  102
RTVSPost2010Prop30
  280
1
  102
RTVSPost2010PropOp30
  70
1
  102
RTVSPost2010Prop31
  280
0
  102
RTVSPost2010PropOp31
  70
1
  102
RTVSPost2010Prop32
  280
0
  102
RTVSPost2010PropOp32
  70
1
  102
RTVSPost2010Prop33
  280
0
  102
RTVSPost2010PropOp33
  70
1
  102
RTVSPost2010Prop34
  280
0
  102
RTVSPost2010PropOp34
  70
1
  102
RTVSPost2010Prop35
  280
0
  102
RTVSPost2010PropOp35
  70
1
  102
RTVSPost2010Prop36
  280
0
  102
RTVSPost2010PropOp36
  70
1
  102
RTVSPost2010Prop37
  90
50
  102
RTVSPost2010PropOp37
  70
1
  102
RTVSPost2010Prop38
  140
0
  102
RTVSPost2010PropOp38
  70
1
  102
RTVSPost2010Prop39
  140
1
  102
RTVSPost2010PropOp39
  70
1
  102
RTVSPost2010Prop40
  90
0
  102
RTVSPost2010PropOp40
  70
1
  102
RTVSPost2010Prop41ColorIndex
  90
18
  102
RTVSPost2010Prop41ColorRGB
  90
0
  102
RTVSPost2010PropOp41
  70
1
  102
RTVSPost2010Prop42
  90
50
  102
RTVSPost2010PropOp42
  70
1
  102
RTVSPost2010Prop43
  90
3
  102
RTVSPost2010PropOp43
  70
1
  102
RTVSPost2010Prop44ColorIndex
  90
5
  102
RTVSPost2010Prop44ColorRGB
  90
255
  102
RTVSPost2010PropOp44
  70
1
  102
RTVSPost2010Prop45
  280
0
  102
RTVSPost2010PropOp45
  70
1
  102
RTVSPost2010Prop46
  90
50
  102
RTVSPost2010PropOp46
  70
1
  102
RTVSPost2010Prop47
  90
50
  102
RTVSPost2010PropOp47
  70
1
  102
RTVSPost2010Prop48
  90
50
  102
RTVSPost2010PropOp48
  70
1
  102
RTVSPost2010Prop49
  280
0
  102
RTVSPost2010PropOp49
  70
1
  102
RTVSPost2010Prop50
  90
50
  102
RTVSPost2010PropOp50
  70
1
  102
RTVSPost2010Prop51ColorIndex
  90
256
  102
RTVSPost2010Prop51ColorRGB
  90
-16777216
  102
RTVSPost2010PropOp51
  70
0
  102
RTVSPost2010Prop52
  140
1
  102
RTVSPost2010PropOp52
  70
0
  102
RTVSPost2010Prop53
  90
2
  102
RTVSPost2010PropOp53
  70
1
  102
RTVSPost2010Prop54
  1
strokes_ogs.tif
  102
RTVSPost2010PropOp54
  70
1
  102
RTVSPost2010Prop55
  280
0
  102
RTVSPost2010PropOp55
  70
1
  102
RTVSPost2010Prop56
  140
1
  102
RTVSPost2010PropOp56
  70
1
  102
RTVSPost2010Prop57
  140
1
  102
RTVSPost2010PropOp57
  70
1
  102
RTVSPropertyOp0
  70
0
  102
RTVSPropertyOp1
  70
0
  102
RTVSPropertyOp2
  70
0
  102
RTVSPropertyOp3
  70
0
  102
RTVSPropertyOp4
  70
0
  102
RTVSPropertyOp5
  70
0
  102
RTVSPropertyOp6
  70
0
  102
RTVSPropertyOp7
  70
0
  102
RTVSPropertyOp8
  70
0
  102
RTVSPropertyOp9
  70
0
  102
RTVSPropertyOp10
  70
0
  102
RTVSPropertyOp11
  70
0
  102
RTVSPropertyOp12
  70
0
  102
RTVSPropertyOp13
  70
0
  102
RTVSPropertyOp14
  70
2
  102
RTVSPropertyOp15
  70
0
  102
RTVSPropertyOp16
  70
0
  102
RTVSPropertyOp17
  70
0
  102
RTVSPropertyOp18
  70
0
  102
RTVSPropertyOp19
  70
0
  102
RTVSPropertyOp20
  70
0
  102
RTVSPropertyOp21
  70
0
  102
RTVSPropertyOp22
  70
0
  102
RTVSPropertyOp23
  70
0
  102
RTVSPropertyOp24
  70
0
  102
RTVSPropertyOp25
  70
0
  102
RTVSPropertyOp26
  70
0
  102
RTVSPropertyOp27
  70
0
  102
RTVSPropertyOp28
  70
1
  102
RTVSPropertyOp29
  70
1
  102
RTVSPropertyOp30
  70
1
  102
RTVSPropertyOp31
  70
1
  102
RTVSPropertyOp32
  70
1
  102
RTVSPropertyOp33
  70
1
  102
RTVSPropertyOp34
  70
1
  102
RTVSPropertyOp35
  70
1
  102
RTVSPropertyOp36
  70
1
  102
RTVSPropertyOp37
  70
1
  102
RTVSPropertyOp38
  70
1
  102
RTVSPropertyOp39
  70
1
  102
RTVSPropertyOp40
  70
1
  102
RTVSPropertyOp41
  70
1
  102
RTVSPropertyOp42
  70
1
  102
RTVSPropertyOp43
  70
1
  102
RTVSPropertyOp44
  70
1
  102
RTVSPropertyOp45
  70
1
  102
RTVSPropertyOp46
  70
1
  102
RTVSPropertyOp47
  70
1
  102
RTVSPropertyOp48
  70
1
  102
RTVSPropertyOp49
  70
1
  102
RTVSPropertyOp50
  70
1
  102
RTVSPropertyOp51
  70
0
  102
RTVSPropertyOp52
  70
0
  102
RTVSPropertyOp53
  70
1
  102
RTVSPropertyOp54
  70
1
  102
RTVSPropertyOp55
  70
1
  102
RTVSPropertyOp56
  70
1
  102
RTVSPropertyOp57
  70
1
  102
RTVSPropertyOp58
  70
1
  102
RTVSPropertyOp59
  70
1
  102
RTVSPropertyOp60
  70
1
  102
RTVSPropertyOp61
  70
1
  102
RTVSPropertyOp62
  70
1
  0
XRECORD
  5
2F3
  102
{ACAD_REACTORS
  330
2F2
  102
}
  330
2F2
  100
AcDbXrecord
  280
1
  102
RTVSPost2010Prop28
  280
0
  102
RTVSPost2010PropOp28
  70
1
  102
RTVSPost2010Prop29
  280
1
  102
RTVSPost2010PropOp29
  70
1
  102
RTVSPost2010Prop30
  280
1
  102
RTVSPost2010PropOp30
  70
1
  102
RTVSPost2010Prop31
  280
0
  102
RTVSPost2010PropOp31
  70
1
  102
RTVSPost2010Prop32
  280
0
  102
RTVSPost2010PropOp32
  70
1
  102
RTVSPost2010Prop33
  280
0
  102
RTVSPost2010PropOp33
  70
1
  102
RTVSPost2010Prop34
  280
0
  102
RTVSPost2010PropOp34
  70
1
  102
RTVSPost2010Prop35
  280
0
  102
RTVSPost2010PropOp35
  70
1
  102
RTVSPost2010Prop36
  280
0
  102
RTVSPost2010PropOp36
  70
1
  102
RTVSPost2010Prop37
  90
50
  102
RTVSPost2010PropOp37
  70
1
  102
RTVSPost2010Prop38
  140
0
  102
RTVSPost2010PropOp38
  70
1
  102
RTVSPost2010Prop39
  140
1
  102
RTVSPost2010PropOp39
  70
1
  102
RTVSPost2010Prop40
  90
0
  102
RTVSPost2010PropOp40
  70
1
  102
RTVSPost2010Prop41ColorIndex
  90
18
  102
RTVSPost2010Prop41ColorRGB
  90
0
  102
RTVSPost2010PropOp41
  70
1
  102
RTVSPost2010Prop42
  90
50
  102
RTVSPost2010PropOp42
  70
1
  102
RTVSPost2010Prop43
  90
3
  102
RTVSPost2010PropOp43
  70
1
  102
RTVSPost2010Prop44ColorIndex
  90
5
  102
RTVSPost2010Prop44ColorRGB
  90
255
  102
RTVSPost2010PropOp44
  70
1
  102
RTVSPost2010Prop45
  280
0
  102
RTVSPost2010PropOp45
  70
1
  102
RTVSPost2010Prop46
  90
50
  102
RTVSPost2010PropOp46
  70
1
  102
RTVSPost2010Prop47
  90
50
  102
RTVSPost2010PropOp47
  70
1
  102
RTVSPost2010Prop48
  90
50
  102
RTVSPost2010PropOp48
  70
1
  102
RTVSPost2010Prop49
  280
0
  102
RTVSPost2010PropOp49
  70
1
  102
RTVSPost2010Prop50
  90
50
  102
RTVSPost2010PropOp50
  70
1
  102
RTVSPost2010Prop51ColorIndex
  90
256
  102
RTVSPost2010Prop51ColorRGB
  90
-16777216
  102
RTVSPost2010PropOp51
  70
0
  102
RTVSPost2010Prop52
  140
1
  102
RTVSPost2010PropOp52
  70
0
  102
RTVSPost2010Prop53
  90
2
  102
RTVSPost2010PropOp53
  70
1
  102
RTVSPost2010Prop54
  1
strokes_ogs.tif
  102
RTVSPost2010PropOp54
  70
1
  102
RTVSPost2010Prop55
  280
0
  102
RTVSPost2010PropOp55
  70
1
  102
RTVSPost2010Prop56
  140
1
  102
RTVSPost2010PropOp56
  70
1
  102
RTVSPost2010Prop57
  140
1
  102
RTVSPost2010PropOp57
  70
1
  102
RTVSPropertyOp0
  70
1
  102
RTVSPropertyOp1
  70
1
  102
RTVSPropertyOp2
  70
1
  102
RTVSPropertyOp3
  70
1
  102
RTVSPropertyOp4
  70
1
  102
RTVSPropertyOp5
  70
1
  102
RTVSPropertyOp6
  70
1
  102
RTVSPropertyOp7
  70
1
  102
RTVSPropertyOp8
  70
1
  102
RTVSPropertyOp9
  70
1
  102
RTVSPropertyOp10
  70
1
  102
RTVSPropertyOp11
  70
1
  102
RTVSPropertyOp12
  70
1
  102
RTVSPropertyOp13
  70
1
  102
RTVSPropertyOp14
  70
1
  102
RTVSPropertyOp15
  70
1
  102
RTVSPropertyOp16
  70
1
  102
RTVSPropertyOp17
  70
1
  102
RTVSPropertyOp18
  70
1
  102
RTVSPropertyOp19
  70
1
  102
RTVSPropertyOp20
  70
1
  102
RTVSPropertyOp21
  70
1
  102
RTVSPropertyOp22
  70
1
  102
RTVSPropertyOp23
  70
1
  102
RTVSPropertyOp24
  70
1
  102
RTVSPropertyOp25
  70
1
  102
RTVSPropertyOp26
  70
1
  102
RTVSPropertyOp27
  70
1
  102
RTVSPropertyOp28
  70
1
  102
RTVSPropertyOp29
  70
1
  102
RTVSPropertyOp30
  70
1
  102
RTVSPropertyOp31
  70
1
  102
RTVSPropertyOp32
  70
1
  102
RTVSPropertyOp33
  70
1
  102
RTVSPropertyOp34
  70
1
  102
RTVSPropertyOp35
  70
1
  102
RTVSPropertyOp36
  70
1
  102
RTVSPropertyOp37
  70
1
  102
RTVSPropertyOp38
  70
1
  102
RTVSPropertyOp39
  70
1
  102
RTVSPropertyOp40
  70
1
  102
RTVSPropertyOp41
  70
1
  102
RTVSPropertyOp42
  70
1
  102
RTVSPropertyOp43
  70
1
  102
RTVSPropertyOp44
  70
1
  102
RTVSPropertyOp45
  70
1
  102
RTVSPropertyOp46
  70
1
  102
RTVSPropertyOp47
  70
1
  102
RTVSPropertyOp48
  70
1
  102
RTVSPropertyOp49
  70
1
  102
RTVSPropertyOp50
  70
1
  102
RTVSPropertyOp51
  70
0
  102
RTVSPropertyOp52
  70
0
  102
RTVSPropertyOp53
  70
1
  102
RTVSPropertyOp54
  70
1
  102
RTVSPropertyOp55
  70
1
  102
RTVSPropertyOp56
  70
1
  102
RTVSPropertyOp57
  70
1
  102
RTVSPropertyOp58
  70
1
  102
RTVSPropertyOp59
  70
1
  102
RTVSPropertyOp60
  70
1
  102
RTVSPropertyOp61
  70
1
  102
RTVSPropertyOp62
  70
1
  0
XRECORD
  5
30F
  102
{ACAD_REACTORS
  330
30E
  102
}
  330
30E
  100
AcDbXrecord
  280
1
  102
RTVSPost2010Prop28
  280
0
  102
RTVSPost2010PropOp28
  70
1
  102
RTVSPost2010Prop29
  280
1
  102
RTVSPost2010PropOp29
  70
1
  102
RTVSPost2010Prop30
  280
1
  102
RTVSPost2010PropOp30
  70
1
  102
RTVSPost2010Prop31
  280
0
  102
RTVSPost2010PropOp31
  70
1
  102
RTVSPost2010Prop32
  280
0
  102
RTVSPost2010PropOp32
  70
1
  102
RTVSPost2010Prop33
  280
0
  102
RTVSPost2010PropOp33
  70
1
  102
RTVSPost2010Prop34
  280
0
  102
RTVSPost2010PropOp34
  70
1
  102
RTVSPost2010Prop35
  280
0
  102
RTVSPost2010PropOp35
  70
1
  102
RTVSPost2010Prop36
  280
0
  102
RTVSPost2010PropOp36
  70
1
  102
RTVSPost2010Prop37
  90
50
  102
RTVSPost2010PropOp37
  70
1
  102
RTVSPost2010Prop38
  140
0
  102
RTVSPost2010PropOp38
  70
1
  102
RTVSPost2010Prop39
  140
1
  102
RTVSPost2010PropOp39
  70
1
  102
RTVSPost2010Prop40
  90
0
  102
RTVSPost2010PropOp40
  70
1
  102
RTVSPost2010Prop41ColorIndex
  90
18
  102
RTVSPost2010Prop41ColorRGB
  90
0
  102
RTVSPost2010PropOp41
  70
1
  102
RTVSPost2010Prop42
  90
50
  102
RTVSPost2010PropOp42
  70
1
  102
RTVSPost2010Prop43
  90
3
  102
RTVSPost2010PropOp43
  70
1
  102
RTVSPost2010Prop44ColorIndex
  90
5
  102
RTVSPost2010Prop44ColorRGB
  90
255
  102
RTVSPost2010PropOp44
  70
1
  102
RTVSPost2010Prop45
  280
0
  102
RTVSPost2010PropOp45
  70
1
  102
RTVSPost2010Prop46
  90
50
  102
RTVSPost2010PropOp46
  70
1
  102
RTVSPost2010Prop47
  90
50
  102
RTVSPost2010PropOp47
  70
1
  102
RTVSPost2010Prop48
  90
50
  102
RTVSPost2010PropOp48
  70
1
  102
RTVSPost2010Prop49
  280
0
  102
RTVSPost2010PropOp49
  70
1
  102
RTVSPost2010Prop50
  90
50
  102
RTVSPost2010PropOp50
  70
1
  102
RTVSPost2010Prop51ColorIndex
  90
256
  102
RTVSPost2010Prop51ColorRGB
  90
-16777216
  102
RTVSPost2010PropOp51
  70
0
  102
RTVSPost2010Prop52
  140
1
  102
RTVSPost2010PropOp52
  70
0
  102
RTVSPost2010Prop53
  90
2
  102
RTVSPost2010PropOp53
  70
1
  102
RTVSPost2010Prop54
  1
strokes_ogs.tif
  102
RTVSPost2010PropOp54
  70
1
  102
RTVSPost2010Prop55
  280
0
  102
RTVSPost2010PropOp55
  70
1
  102
RTVSPost2010Prop56
  140
1
  102
RTVSPost2010PropOp56
  70
1
  102
RTVSPost2010Prop57
  140
1
  102
RTVSPost2010PropOp57
  70
1
  102
RTVSPropertyOp0
  70
1
  102
RTVSPropertyOp1
  70
1
  102
RTVSPropertyOp2
  70
1
  102
RTVSPropertyOp3
  70
1
  102
RTVSPropertyOp4
  70
1
  102
RTVSPropertyOp5
  70
1
  102
RTVSPropertyOp6
  70
1
  102
RTVSPropertyOp7
  70
1
  102
RTVSPropertyOp8
  70
1
  102
RTVSPropertyOp9
  70
1
  102
RTVSPropertyOp10
  70
1
  102
RTVSPropertyOp11
  70
1
  102
RTVSPropertyOp12
  70
1
  102
RTVSPropertyOp13
  70
1
  102
RTVSPropertyOp14
  70
1
  102
RTVSPropertyOp15
  70
1
  102
RTVSPropertyOp16
  70
1
  102
RTVSPropertyOp17
  70
1
  102
RTVSPropertyOp18
  70
1
  102
RTVSPropertyOp19
  70
1
  102
RTVSPropertyOp20
  70
1
  102
RTVSPropertyOp21
  70
1
  102
RTVSPropertyOp22
  70
1
  102
RTVSPropertyOp23
  70
1
  102
RTVSPropertyOp24
  70
1
  102
RTVSPropertyOp25
  70
1
  102
RTVSPropertyOp26
  70
1
  102
RTVSPropertyOp27
  70
1
  102
RTVSPropertyOp28
  70
1
  102
RTVSPropertyOp29
  70
1
  102
RTVSPropertyOp30
  70
1
  102
RTVSPropertyOp31
  70
1
  102
RTVSPropertyOp32
  70
1
  102
RTVSPropertyOp33
  70
1
  102
RTVSPropertyOp34
  70
1
  102
RTVSPropertyOp35
  70
1
  102
RTVSPropertyOp36
  70
1
  102
RTVSPropertyOp37
  70
1
  102
RTVSPropertyOp38
  70
1
  102
RTVSPropertyOp39
  70
1
  102
RTVSPropertyOp40
  70
1
  102
RTVSPropertyOp41
  70
1
  102
RTVSPropertyOp42
  70
1
  102
RTVSPropertyOp43
  70
1
  102
RTVSPropertyOp44
  70
1
  102
RTVSPropertyOp45
  70
1
  102
RTVSPropertyOp46
  70
1
  102
RTVSPropertyOp47
  70
1
  102
RTVSPropertyOp48
  70
1
  102
RTVSPropertyOp49
  70
1
  102
RTVSPropertyOp50
  70
1
  102
RTVSPropertyOp51
  70
0
  102
RTVSPropertyOp52
  70
0
  102
RTVSPropertyOp53
  70
1
  102
RTVSPropertyOp54
  70
1
  102
RTVSPropertyOp55
  70
1
  102
RTVSPropertyOp56
  70
1
  102
RTVSPropertyOp57
  70
1
  102
RTVSPropertyOp58
  70
1
  102
RTVSPropertyOp59
  70
1
  102
RTVSPropertyOp60
  70
1
  102
RTVSPropertyOp61
  70
1
  102
RTVSPropertyOp62
  70
1
  0
XRECORD
  5
30D
  102
{ACAD_REACTORS
  330
30C
  102
}
  330
30C
  100
AcDbXrecord
  280
1
  102
RTVSPost2010Prop28
  280
0
  102
RTVSPost2010PropOp28
  70
1
  102
RTVSPost2010Prop29
  280
1
  102
RTVSPost2010PropOp29
  70
1
  102
RTVSPost2010Prop30
  280
1
  102
RTVSPost2010PropOp30
  70
1
  102
RTVSPost2010Prop31
  280
0
  102
RTVSPost2010PropOp31
  70
1
  102
RTVSPost2010Prop32
  280
0
  102
RTVSPost2010PropOp32
  70
1
  102
RTVSPost2010Prop33
  280
0
  102
RTVSPost2010PropOp33
  70
1
  102
RTVSPost2010Prop34
  280
0
  102
RTVSPost2010PropOp34
  70
1
  102
RTVSPost2010Prop35
  280
0
  102
RTVSPost2010PropOp35
  70
1
  102
RTVSPost2010Prop36
  280
0
  102
RTVSPost2010PropOp36
  70
1
  102
RTVSPost2010Prop37
  90
50
  102
RTVSPost2010PropOp37
  70
1
  102
RTVSPost2010Prop38
  140
0
  102
RTVSPost2010PropOp38
  70
1
  102
RTVSPost2010Prop39
  140
1
  102
RTVSPost2010PropOp39
  70
1
  102
RTVSPost2010Prop40
  90
0
  102
RTVSPost2010PropOp40
  70
1
  102
RTVSPost2010Prop41ColorIndex
  90
18
  102
RTVSPost2010Prop41ColorRGB
  90
0
  102
RTVSPost2010PropOp41
  70
1
  102
RTVSPost2010Prop42
  90
50
  102
RTVSPost2010PropOp42
  70
1
  102
RTVSPost2010Prop43
  90
3
  102
RTVSPost2010PropOp43
  70
1
  102
RTVSPost2010Prop44ColorIndex
  90
5
  102
RTVSPost2010Prop44ColorRGB
  90
255
  102
RTVSPost2010PropOp44
  70
1
  102
RTVSPost2010Prop45
  280
0
  102
RTVSPost2010PropOp45
  70
1
  102
RTVSPost2010Prop46
  90
50
  102
RTVSPost2010PropOp46
  70
1
  102
RTVSPost2010Prop47
  90
50
  102
RTVSPost2010PropOp47
  70
1
  102
RTVSPost2010Prop48
  90
50
  102
RTVSPost2010PropOp48
  70
1
  102
RTVSPost2010Prop49
  280
0
  102
RTVSPost2010PropOp49
  70
1
  102
RTVSPost2010Prop50
  90
50
  102
RTVSPost2010PropOp50
  70
1
  102
RTVSPost2010Prop51ColorIndex
  90
256
  102
RTVSPost2010Prop51ColorRGB
  90
-16777216
  102
RTVSPost2010PropOp51
  70
0
  102
RTVSPost2010Prop52
  140
1
  102
RTVSPost2010PropOp52
  70
0
  102
RTVSPost2010Prop53
  90
2
  102
RTVSPost2010PropOp53
  70
1
  102
RTVSPost2010Prop54
  1
strokes_ogs.tif
  102
RTVSPost2010PropOp54
  70
1
  102
RTVSPost2010Prop55
  280
0
  102
RTVSPost2010PropOp55
  70
1
  102
RTVSPost2010Prop56
  140
1
  102
RTVSPost2010PropOp56
  70
1
  102
RTVSPost2010Prop57
  140
1
  102
RTVSPost2010PropOp57
  70
1
  102
RTVSPropertyOp0
  70
1
  102
RTVSPropertyOp1
  70
1
  102
RTVSPropertyOp2
  70
1
  102
RTVSPropertyOp3
  70
1
  102
RTVSPropertyOp4
  70
1
  102
RTVSPropertyOp5
  70
1
  102
RTVSPropertyOp6
  70
1
  102
RTVSPropertyOp7
  70
1
  102
RTVSPropertyOp8
  70
1
  102
RTVSPropertyOp9
  70
1
  102
RTVSPropertyOp10
  70
1
  102
RTVSPropertyOp11
  70
1
  102
RTVSPropertyOp12
  70
1
  102
RTVSPropertyOp13
  70
1
  102
RTVSPropertyOp14
  70
1
  102
RTVSPropertyOp15
  70
1
  102
RTVSPropertyOp16
  70
1
  102
RTVSPropertyOp17
  70
1
  102
RTVSPropertyOp18
  70
1
  102
RTVSPropertyOp19
  70
1
  102
RTVSPropertyOp20
  70
1
  102
RTVSPropertyOp21
  70
1
  102
RTVSPropertyOp22
  70
1
  102
RTVSPropertyOp23
  70
1
  102
RTVSPropertyOp24
  70
1
  102
RTVSPropertyOp25
  70
1
  102
RTVSPropertyOp26
  70
1
  102
RTVSPropertyOp27
  70
1
  102
RTVSPropertyOp28
  70
1
  102
RTVSPropertyOp29
  70
1
  102
RTVSPropertyOp30
  70
1
  102
RTVSPropertyOp31
  70
1
  102
RTVSPropertyOp32
  70
1
  102
RTVSPropertyOp33
  70
1
  102
RTVSPropertyOp34
  70
1
  102
RTVSPropertyOp35
  70
1
  102
RTVSPropertyOp36
  70
1
  102
RTVSPropertyOp37
  70
1
  102
RTVSPropertyOp38
  70
1
  102
RTVSPropertyOp39
  70
1
  102
RTVSPropertyOp40
  70
1
  102
RTVSPropertyOp41
  70
1
  102
RTVSPropertyOp42
  70
1
  102
RTVSPropertyOp43
  70
1
  102
RTVSPropertyOp44
  70
1
  102
RTVSPropertyOp45
  70
1
  102
RTVSPropertyOp46
  70
1
  102
RTVSPropertyOp47
  70
1
  102
RTVSPropertyOp48
  70
1
  102
RTVSPropertyOp49
  70
1
  102
RTVSPropertyOp50
  70
1
  102
RTVSPropertyOp51
  70
0
  102
RTVSPropertyOp52
  70
0
  102
RTVSPropertyOp53
  70
1
  102
RTVSPropertyOp54
  70
1
  102
RTVSPropertyOp55
  70
1
  102
RTVSPropertyOp56
  70
1
  102
RTVSPropertyOp57
  70
1
  102
RTVSPropertyOp58
  70
1
  102
RTVSPropertyOp59
  70
1
  102
RTVSPropertyOp60
  70
1
  102
RTVSPropertyOp61
  70
1
  102
RTVSPropertyOp62
  70
1
  0
XRECORD
  5
307
  102
{ACAD_REACTORS
  330
306
  102
}
  330
306
  100
AcDbXrecord
  280
1
  102
RTVSPost2010Prop28
  280
0
  102
RTVSPost2010PropOp28
  70
1
  102
RTVSPost2010Prop29
  280
1
  102
RTVSPost2010PropOp29
  70
1
  102
RTVSPost2010Prop30
  280
1
  102
RTVSPost2010PropOp30
  70
1
  102
RTVSPost2010Prop31
  280
0
  102
RTVSPost2010PropOp31
  70
1
  102
RTVSPost2010Prop32
  280
0
  102
RTVSPost2010PropOp32
  70
1
  102
RTVSPost2010Prop33
  280
0
  102
RTVSPost2010PropOp33
  70
1
  102
RTVSPost2010Prop34
  280
0
  102
RTVSPost2010PropOp34
  70
1
  102
RTVSPost2010Prop35
  280
0
  102
RTVSPost2010PropOp35
  70
1
  102
RTVSPost2010Prop36
  280
0
  102
RTVSPost2010PropOp36
  70
1
  102
RTVSPost2010Prop37
  90
50
  102
RTVSPost2010PropOp37
  70
1
  102
RTVSPost2010Prop38
  140
0
  102
RTVSPost2010PropOp38
  70
1
  102
RTVSPost2010Prop39
  140
1
  102
RTVSPost2010PropOp39
  70
1
  102
RTVSPost2010Prop40
  90
0
  102
RTVSPost2010PropOp40
  70
1
  102
RTVSPost2010Prop41ColorIndex
  90
18
  102
RTVSPost2010Prop41ColorRGB
  90
0
  102
RTVSPost2010PropOp41
  70
1
  102
RTVSPost2010Prop42
  90
50
  102
RTVSPost2010PropOp42
  70
1
  102
RTVSPost2010Prop43
  90
3
  102
RTVSPost2010PropOp43
  70
1
  102
RTVSPost2010Prop44ColorIndex
  90
5
  102
RTVSPost2010Prop44ColorRGB
  90
255
  102
RTVSPost2010PropOp44
  70
1
  102
RTVSPost2010Prop45
  280
0
  102
RTVSPost2010PropOp45
  70
1
  102
RTVSPost2010Prop46
  90
50
  102
RTVSPost2010PropOp46
  70
1
  102
RTVSPost2010Prop47
  90
50
  102
RTVSPost2010PropOp47
  70
1
  102
RTVSPost2010Prop48
  90
50
  102
RTVSPost2010PropOp48
  70
1
  102
RTVSPost2010Prop49
  280
0
  102
RTVSPost2010PropOp49
  70
1
  102
RTVSPost2010Prop50
  90
50
  102
RTVSPost2010PropOp50
  70
1
  102
RTVSPost2010Prop51ColorIndex
  90
256
  102
RTVSPost2010Prop51ColorRGB
  90
-16777216
  102
RTVSPost2010PropOp51
  70
0
  102
RTVSPost2010Prop52
  140
1
  102
RTVSPost2010PropOp52
  70
0
  102
RTVSPost2010Prop53
  90
2
  102
RTVSPost2010PropOp53
  70
1
  102
RTVSPost2010Prop54
  1
strokes_ogs.tif
  102
RTVSPost2010PropOp54
  70
1
  102
RTVSPost2010Prop55
  280
0
  102
RTVSPost2010PropOp55
  70
1
  102
RTVSPost2010Prop56
  140
1
  102
RTVSPost2010PropOp56
  70
1
  102
RTVSPost2010Prop57
  140
1
  102
RTVSPost2010PropOp57
  70
1
  102
RTVSPropertyOp0
  70
1
  102
RTVSPropertyOp1
  70
1
  102
RTVSPropertyOp2
  70
1
  102
RTVSPropertyOp3
  70
1
  102
RTVSPropertyOp4
  70
1
  102
RTVSPropertyOp5
  70
1
  102
RTVSPropertyOp6
  70
1
  102
RTVSPropertyOp7
  70
1
  102
RTVSPropertyOp8
  70
1
  102
RTVSPropertyOp9
  70
1
  102
RTVSPropertyOp10
  70
1
  102
RTVSPropertyOp11
  70
1
  102
RTVSPropertyOp12
  70
1
  102
RTVSPropertyOp13
  70
1
  102
RTVSPropertyOp14
  70
1
  102
RTVSPropertyOp15
  70
1
  102
RTVSPropertyOp16
  70
1
  102
RTVSPropertyOp17
  70
1
  102
RTVSPropertyOp18
  70
1
  102
RTVSPropertyOp19
  70
1
  102
RTVSPropertyOp20
  70
1
  102
RTVSPropertyOp21
  70
1
  102
RTVSPropertyOp22
  70
1
  102
RTVSPropertyOp23
  70
1
  102
RTVSPropertyOp24
  70
1
  102
RTVSPropertyOp25
  70
1
  102
RTVSPropertyOp26
  70
1
  102
RTVSPropertyOp27
  70
1
  102
RTVSPropertyOp28
  70
1
  102
RTVSPropertyOp29
  70
1
  102
RTVSPropertyOp30
  70
1
  102
RTVSPropertyOp31
  70
1
  102
RTVSPropertyOp32
  70
1
  102
RTVSPropertyOp33
  70
1
  102
RTVSPropertyOp34
  70
1
  102
RTVSPropertyOp35
  70
1
  102
RTVSPropertyOp36
  70
1
  102
RTVSPropertyOp37
  70
1
  102
RTVSPropertyOp38
  70
1
  102
RTVSPropertyOp39
  70
1
  102
RTVSPropertyOp40
  70
1
  102
RTVSPropertyOp41
  70
1
  102
RTVSPropertyOp42
  70
1
  102
RTVSPropertyOp43
  70
1
  102
RTVSPropertyOp44
  70
1
  102
RTVSPropertyOp45
  70
1
  102
RTVSPropertyOp46
  70
1
  102
RTVSPropertyOp47
  70
1
  102
RTVSPropertyOp48
  70
1
  102
RTVSPropertyOp49
  70
1
  102
RTVSPropertyOp50
  70
1
  102
RTVSPropertyOp51
  70
0
  102
RTVSPropertyOp52
  70
0
  102
RTVSPropertyOp53
  70
1
  102
RTVSPropertyOp54
  70
1
  102
RTVSPropertyOp55
  70
1
  102
RTVSPropertyOp56
  70
1
  102
RTVSPropertyOp57
  70
1
  102
RTVSPropertyOp58
  70
1
  102
RTVSPropertyOp59
  70
1
  102
RTVSPropertyOp60
  70
1
  102
RTVSPropertyOp61
  70
1
  102
RTVSPropertyOp62
  70
1
  0
XRECORD
  5
309
  102
{ACAD_REACTORS
  330
308
  102
}
  330
308
  100
AcDbXrecord
  280
1
  102
RTVSPost2010Prop28
  280
0
  102
RTVSPost2010PropOp28
  70
1
  102
RTVSPost2010Prop29
  280
1
  102
RTVSPost2010PropOp29
  70
1
  102
RTVSPost2010Prop30
  280
1
  102
RTVSPost2010PropOp30
  70
1
  102
RTVSPost2010Prop31
  280
0
  102
RTVSPost2010PropOp31
  70
1
  102
RTVSPost2010Prop32
  280
0
  102
RTVSPost2010PropOp32
  70
1
  102
RTVSPost2010Prop33
  280
0
  102
RTVSPost2010PropOp33
  70
1
  102
RTVSPost2010Prop34
  280
0
  102
RTVSPost2010PropOp34
  70
1
  102
RTVSPost2010Prop35
  280
0
  102
RTVSPost2010PropOp35
  70
1
  102
RTVSPost2010Prop36
  280
0
  102
RTVSPost2010PropOp36
  70
1
  102
RTVSPost2010Prop37
  90
50
  102
RTVSPost2010PropOp37
  70
1
  102
RTVSPost2010Prop38
  140
0
  102
RTVSPost2010PropOp38
  70
1
  102
RTVSPost2010Prop39
  140
1
  102
RTVSPost2010PropOp39
  70
1
  102
RTVSPost2010Prop40
  90
0
  102
RTVSPost2010PropOp40
  70
1
  102
RTVSPost2010Prop41ColorIndex
  90
18
  102
RTVSPost2010Prop41ColorRGB
  90
0
  102
RTVSPost2010PropOp41
  70
1
  102
RTVSPost2010Prop42
  90
50
  102
RTVSPost2010PropOp42
  70
1
  102
RTVSPost2010Prop43
  90
3
  102
RTVSPost2010PropOp43
  70
1
  102
RTVSPost2010Prop44ColorIndex
  90
5
  102
RTVSPost2010Prop44ColorRGB
  90
255
  102
RTVSPost2010PropOp44
  70
1
  102
RTVSPost2010Prop45
  280
0
  102
RTVSPost2010PropOp45
  70
1
  102
RTVSPost2010Prop46
  90
50
  102
RTVSPost2010PropOp46
  70
1
  102
RTVSPost2010Prop47
  90
50
  102
RTVSPost2010PropOp47
  70
1
  102
RTVSPost2010Prop48
  90
50
  102
RTVSPost2010PropOp48
  70
1
  102
RTVSPost2010Prop49
  280
0
  102
RTVSPost2010PropOp49
  70
1
  102
RTVSPost2010Prop50
  90
50
  102
RTVSPost2010PropOp50
  70
1
  102
RTVSPost2010Prop51ColorIndex
  90
256
  102
RTVSPost2010Prop51ColorRGB
  90
-16777216
  102
RTVSPost2010PropOp51
  70
0
  102
RTVSPost2010Prop52
  140
1
  102
RTVSPost2010PropOp52
  70
0
  102
RTVSPost2010Prop53
  90
2
  102
RTVSPost2010PropOp53
  70
1
  102
RTVSPost2010Prop54
  1
strokes_ogs.tif
  102
RTVSPost2010PropOp54
  70
1
  102
RTVSPost2010Prop55
  280
0
  102
RTVSPost2010PropOp55
  70
1
  102
RTVSPost2010Prop56
  140
1
  102
RTVSPost2010PropOp56
  70
1
  102
RTVSPost2010Prop57
  140
1
  102
RTVSPost2010PropOp57
  70
1
  102
RTVSPropertyOp0
  70
1
  102
RTVSPropertyOp1
  70
1
  102
RTVSPropertyOp2
  70
1
  102
RTVSPropertyOp3
  70
1
  102
RTVSPropertyOp4
  70
1
  102
RTVSPropertyOp5
  70
1
  102
RTVSPropertyOp6
  70
1
  102
RTVSPropertyOp7
  70
1
  102
RTVSPropertyOp8
  70
1
  102
RTVSPropertyOp9
  70
1
  102
RTVSPropertyOp10
  70
1
  102
RTVSPropertyOp11
  70
1
  102
RTVSPropertyOp12
  70
1
  102
RTVSPropertyOp13
  70
1
  102
RTVSPropertyOp14
  70
1
  102
RTVSPropertyOp15
  70
1
  102
RTVSPropertyOp16
  70
1
  102
RTVSPropertyOp17
  70
1
  102
RTVSPropertyOp18
  70
1
  102
RTVSPropertyOp19
  70
1
  102
RTVSPropertyOp20
  70
1
  102
RTVSPropertyOp21
  70
1
  102
RTVSPropertyOp22
  70
1
  102
RTVSPropertyOp23
  70
1
  102
RTVSPropertyOp24
  70
1
  102
RTVSPropertyOp25
  70
1
  102
RTVSPropertyOp26
  70
1
  102
RTVSPropertyOp27
  70
1
  102
RTVSPropertyOp28
  70
1
  102
RTVSPropertyOp29
  70
1
  102
RTVSPropertyOp30
  70
1
  102
RTVSPropertyOp31
  70
1
  102
RTVSPropertyOp32
  70
1
  102
RTVSPropertyOp33
  70
1
  102
RTVSPropertyOp34
  70
1
  102
RTVSPropertyOp35
  70
1
  102
RTVSPropertyOp36
  70
1
  102
RTVSPropertyOp37
  70
1
  102
RTVSPropertyOp38
  70
1
  102
RTVSPropertyOp39
  70
1
  102
RTVSPropertyOp40
  70
1
  102
RTVSPropertyOp41
  70
1
  102
RTVSPropertyOp42
  70
1
  102
RTVSPropertyOp43
  70
1
  102
RTVSPropertyOp44
  70
1
  102
RTVSPropertyOp45
  70
1
  102
RTVSPropertyOp46
  70
1
  102
RTVSPropertyOp47
  70
1
  102
RTVSPropertyOp48
  70
1
  102
RTVSPropertyOp49
  70
1
  102
RTVSPropertyOp50
  70
1
  102
RTVSPropertyOp51
  70
0
  102
RTVSPropertyOp52
  70
0
  102
RTVSPropertyOp53
  70
1
  102
RTVSPropertyOp54
  70
1
  102
RTVSPropertyOp55
  70
1
  102
RTVSPropertyOp56
  70
1
  102
RTVSPropertyOp57
  70
1
  102
RTVSPropertyOp58
  70
1
  102
RTVSPropertyOp59
  70
1
  102
RTVSPropertyOp60
  70
1
  102
RTVSPropertyOp61
  70
1
  102
RTVSPropertyOp62
  70
1
  0
XRECORD
  5
2F9
  102
{ACAD_REACTORS
  330
2F8
  102
}
  330
2F8
  100
AcDbXrecord
  280
1
  102
RTVSPost2010Prop28
  280
0
  102
RTVSPost2010PropOp28
  70
1
  102
RTVSPost2010Prop29
  280
1
  102
RTVSPost2010PropOp29
  70
1
  102
RTVSPost2010Prop30
  280
1
  102
RTVSPost2010PropOp30
  70
1
  102
RTVSPost2010Prop31
  280
0
  102
RTVSPost2010PropOp31
  70
1
  102
RTVSPost2010Prop32
  280
0
  102
RTVSPost2010PropOp32
  70
1
  102
RTVSPost2010Prop33
  280
0
  102
RTVSPost2010PropOp33
  70
1
  102
RTVSPost2010Prop34
  280
0
  102
RTVSPost2010PropOp34
  70
1
  102
RTVSPost2010Prop35
  280
0
  102
RTVSPost2010PropOp35
  70
1
  102
RTVSPost2010Prop36
  280
0
  102
RTVSPost2010PropOp36
  70
1
  102
RTVSPost2010Prop37
  90
50
  102
RTVSPost2010PropOp37
  70
1
  102
RTVSPost2010Prop38
  140
0
  102
RTVSPost2010PropOp38
  70
1
  102
RTVSPost2010Prop39
  140
1
  102
RTVSPost2010PropOp39
  70
1
  102
RTVSPost2010Prop40
  90
0
  102
RTVSPost2010PropOp40
  70
1
  102
RTVSPost2010Prop41ColorIndex
  90
18
  102
RTVSPost2010Prop41ColorRGB
  90
0
  102
RTVSPost2010PropOp41
  70
1
  102
RTVSPost2010Prop42
  90
50
  102
RTVSPost2010PropOp42
  70
1
  102
RTVSPost2010Prop43
  90
3
  102
RTVSPost2010PropOp43
  70
1
  102
RTVSPost2010Prop44ColorIndex
  90
5
  102
RTVSPost2010Prop44ColorRGB
  90
255
  102
RTVSPost2010PropOp44
  70
1
  102
RTVSPost2010Prop45
  280
0
  102
RTVSPost2010PropOp45
  70
1
  102
RTVSPost2010Prop46
  90
50
  102
RTVSPost2010PropOp46
  70
1
  102
RTVSPost2010Prop47
  90
50
  102
RTVSPost2010PropOp47
  70
1
  102
RTVSPost2010Prop48
  90
50
  102
RTVSPost2010PropOp48
  70
1
  102
RTVSPost2010Prop49
  280
0
  102
RTVSPost2010PropOp49
  70
1
  102
RTVSPost2010Prop50
  90
50
  102
RTVSPost2010PropOp50
  70
1
  102
RTVSPost2010Prop51ColorIndex
  90
256
  102
RTVSPost2010Prop51ColorRGB
  90
-16777216
  102
RTVSPost2010PropOp51
  70
0
  102
RTVSPost2010Prop52
  140
1
  102
RTVSPost2010PropOp52
  70
0
  102
RTVSPost2010Prop53
  90
2
  102
RTVSPost2010PropOp53
  70
1
  102
RTVSPost2010Prop54
  1
strokes_ogs.tif
  102
RTVSPost2010PropOp54
  70
1
  102
RTVSPost2010Prop55
  280
0
  102
RTVSPost2010PropOp55
  70
1
  102
RTVSPost2010Prop56
  140
1
  102
RTVSPost2010PropOp56
  70
1
  102
RTVSPost2010Prop57
  140
1
  102
RTVSPost2010PropOp57
  70
1
  102
RTVSPropertyOp0
  70
1
  102
RTVSPropertyOp1
  70
1
  102
RTVSPropertyOp2
  70
1
  102
RTVSPropertyOp3
  70
1
  102
RTVSPropertyOp4
  70
1
  102
RTVSPropertyOp5
  70
1
  102
RTVSPropertyOp6
  70
1
  102
RTVSPropertyOp7
  70
1
  102
RTVSPropertyOp8
  70
1
  102
RTVSPropertyOp9
  70
1
  102
RTVSPropertyOp10
  70
1
  102
RTVSPropertyOp11
  70
1
  102
RTVSPropertyOp12
  70
1
  102
RTVSPropertyOp13
  70
1
  102
RTVSPropertyOp14
  70
1
  102
RTVSPropertyOp15
  70
1
  102
RTVSPropertyOp16
  70
1
  102
RTVSPropertyOp17
  70
1
  102
RTVSPropertyOp18
  70
1
  102
RTVSPropertyOp19
  70
1
  102
RTVSPropertyOp20
  70
1
  102
RTVSPropertyOp21
  70
1
  102
RTVSPropertyOp22
  70
1
  102
RTVSPropertyOp23
  70
1
  102
RTVSPropertyOp24
  70
1
  102
RTVSPropertyOp25
  70
1
  102
RTVSPropertyOp26
  70
1
  102
RTVSPropertyOp27
  70
1
  102
RTVSPropertyOp28
  70
1
  102
RTVSPropertyOp29
  70
1
  102
RTVSPropertyOp30
  70
1
  102
RTVSPropertyOp31
  70
1
  102
RTVSPropertyOp32
  70
1
  102
RTVSPropertyOp33
  70
1
  102
RTVSPropertyOp34
  70
1
  102
RTVSPropertyOp35
  70
1
  102
RTVSPropertyOp36
  70
1
  102
RTVSPropertyOp37
  70
1
  102
RTVSPropertyOp38
  70
1
  102
RTVSPropertyOp39
  70
1
  102
RTVSPropertyOp40
  70
1
  102
RTVSPropertyOp41
  70
1
  102
RTVSPropertyOp42
  70
1
  102
RTVSPropertyOp43
  70
1
  102
RTVSPropertyOp44
  70
1
  102
RTVSPropertyOp45
  70
1
  102
RTVSPropertyOp46
  70
1
  102
RTVSPropertyOp47
  70
1
  102
RTVSPropertyOp48
  70
1
  102
RTVSPropertyOp49
  70
1
  102
RTVSPropertyOp50
  70
1
  102
RTVSPropertyOp51
  70
0
  102
RTVSPropertyOp52
  70
0
  102
RTVSPropertyOp53
  70
1
  102
RTVSPropertyOp54
  70
1
  102
RTVSPropertyOp55
  70
1
  102
RTVSPropertyOp56
  70
1
  102
RTVSPropertyOp57
  70
1
  102
RTVSPropertyOp58
  70
1
  102
RTVSPropertyOp59
  70
1
  102
RTVSPropertyOp60
  70
1
  102
RTVSPropertyOp61
  70
1
  102
RTVSPropertyOp62
  70
1
  0
XRECORD
  5
2ED
  102
{ACAD_REACTORS
  330
2EC
  102
}
  330
2EC
  100
AcDbXrecord
  280
1
  102
RTVSPost2010Prop28
  280
0
  102
RTVSPost2010PropOp28
  70
1
  102
RTVSPost2010Prop29
  280
1
  102
RTVSPost2010PropOp29
  70
1
  102
RTVSPost2010Prop30
  280
1
  102
RTVSPost2010PropOp30
  70
1
  102
RTVSPost2010Prop31
  280
0
  102
RTVSPost2010PropOp31
  70
1
  102
RTVSPost2010Prop32
  280
0
  102
RTVSPost2010PropOp32
  70
1
  102
RTVSPost2010Prop33
  280
0
  102
RTVSPost2010PropOp33
  70
1
  102
RTVSPost2010Prop34
  280
0
  102
RTVSPost2010PropOp34
  70
1
  102
RTVSPost2010Prop35
  280
0
  102
RTVSPost2010PropOp35
  70
1
  102
RTVSPost2010Prop36
  280
0
  102
RTVSPost2010PropOp36
  70
1
  102
RTVSPost2010Prop37
  90
50
  102
RTVSPost2010PropOp37
  70
1
  102
RTVSPost2010Prop38
  140
0
  102
RTVSPost2010PropOp38
  70
1
  102
RTVSPost2010Prop39
  140
1
  102
RTVSPost2010PropOp39
  70
1
  102
RTVSPost2010Prop40
  90
0
  102
RTVSPost2010PropOp40
  70
1
  102
RTVSPost2010Prop41ColorIndex
  90
18
  102
RTVSPost2010Prop41ColorRGB
  90
0
  102
RTVSPost2010PropOp41
  70
1
  102
RTVSPost2010Prop42
  90
50
  102
RTVSPost2010PropOp42
  70
1
  102
RTVSPost2010Prop43
  90
3
  102
RTVSPost2010PropOp43
  70
1
  102
RTVSPost2010Prop44ColorIndex
  90
5
  102
RTVSPost2010Prop44ColorRGB
  90
255
  102
RTVSPost2010PropOp44
  70
1
  102
RTVSPost2010Prop45
  280
0
  102
RTVSPost2010PropOp45
  70
1
  102
RTVSPost2010Prop46
  90
50
  102
RTVSPost2010PropOp46
  70
1
  102
RTVSPost2010Prop47
  90
50
  102
RTVSPost2010PropOp47
  70
1
  102
RTVSPost2010Prop48
  90
50
  102
RTVSPost2010PropOp48
  70
1
  102
RTVSPost2010Prop49
  280
0
  102
RTVSPost2010PropOp49
  70
1
  102
RTVSPost2010Prop50
  90
50
  102
RTVSPost2010PropOp50
  70
1
  102
RTVSPost2010Prop51ColorIndex
  90
256
  102
RTVSPost2010Prop51ColorRGB
  90
-16777216
  102
RTVSPost2010PropOp51
  70
0
  102
RTVSPost2010Prop52
  140
1
  102
RTVSPost2010PropOp52
  70
0
  102
RTVSPost2010Prop53
  90
2
  102
RTVSPost2010PropOp53
  70
1
  102
RTVSPost2010Prop54
  1
strokes_ogs.tif
  102
RTVSPost2010PropOp54
  70
1
  102
RTVSPost2010Prop55
  280
0
  102
RTVSPost2010PropOp55
  70
1
  102
RTVSPost2010Prop56
  140
1
  102
RTVSPost2010PropOp56
  70
1
  102
RTVSPost2010Prop57
  140
1
  102
RTVSPost2010PropOp57
  70
1
  102
RTVSPropertyOp0
  70
1
  102
RTVSPropertyOp1
  70
1
  102
RTVSPropertyOp2
  70
1
  102
RTVSPropertyOp3
  70
1
  102
RTVSPropertyOp4
  70
1
  102
RTVSPropertyOp5
  70
1
  102
RTVSPropertyOp6
  70
1
  102
RTVSPropertyOp7
  70
1
  102
RTVSPropertyOp8
  70
1
  102
RTVSPropertyOp9
  70
1
  102
RTVSPropertyOp10
  70
1
  102
RTVSPropertyOp11
  70
1
  102
RTVSPropertyOp12
  70
1
  102
RTVSPropertyOp13
  70
1
  102
RTVSPropertyOp14
  70
1
  102
RTVSPropertyOp15
  70
1
  102
RTVSPropertyOp16
  70
1
  102
RTVSPropertyOp17
  70
1
  102
RTVSPropertyOp18
  70
1
  102
RTVSPropertyOp19
  70
1
  102
RTVSPropertyOp20
  70
1
  102
RTVSPropertyOp21
  70
1
  102
RTVSPropertyOp22
  70
1
  102
RTVSPropertyOp23
  70
1
  102
RTVSPropertyOp24
  70
1
  102
RTVSPropertyOp25
  70
1
  102
RTVSPropertyOp26
  70
1
  102
RTVSPropertyOp27
  70
1
  102
RTVSPropertyOp28
  70
1
  102
RTVSPropertyOp29
  70
1
  102
RTVSPropertyOp30
  70
1
  102
RTVSPropertyOp31
  70
1
  102
RTVSPropertyOp32
  70
1
  102
RTVSPropertyOp33
  70
1
  102
RTVSPropertyOp34
  70
1
  102
RTVSPropertyOp35
  70
1
  102
RTVSPropertyOp36
  70
1
  102
RTVSPropertyOp37
  70
1
  102
RTVSPropertyOp38
  70
1
  102
RTVSPropertyOp39
  70
1
  102
RTVSPropertyOp40
  70
1
  102
RTVSPropertyOp41
  70
1
  102
RTVSPropertyOp42
  70
1
  102
RTVSPropertyOp43
  70
1
  102
RTVSPropertyOp44
  70
1
  102
RTVSPropertyOp45
  70
1
  102
RTVSPropertyOp46
  70
1
  102
RTVSPropertyOp47
  70
1
  102
RTVSPropertyOp48
  70
1
  102
RTVSPropertyOp49
  70
1
  102
RTVSPropertyOp50
  70
1
  102
RTVSPropertyOp51
  70
0
  102
RTVSPropertyOp52
  70
0
  102
RTVSPropertyOp53
  70
1
  102
RTVSPropertyOp54
  70
1
  102
RTVSPropertyOp55
  70
1
  102
RTVSPropertyOp56
  70
1
  102
RTVSPropertyOp57
  70
1
  102
RTVSPropertyOp58
  70
1
  102
RTVSPropertyOp59
  70
1
  102
RTVSPropertyOp60
  70
1
  102
RTVSPropertyOp61
  70
1
  102
RTVSPropertyOp62
  70
1
  0
XRECORD
  5
30B
  102
{ACAD_REACTORS
  330
30A
  102
}
  330
30A
  100
AcDbXrecord
  280
1
  102
RTVSPost2010Prop28
  280
0
  102
RTVSPost2010PropOp28
  70
1
  102
RTVSPost2010Prop29
  280
1
  102
RTVSPost2010PropOp29
  70
1
  102
RTVSPost2010Prop30
  280
1
  102
RTVSPost2010PropOp30
  70
1
  102
RTVSPost2010Prop31
  280
0
  102
RTVSPost2010PropOp31
  70
1
  102
RTVSPost2010Prop32
  280
0
  102
RTVSPost2010PropOp32
  70
1
  102
RTVSPost2010Prop33
  280
0
  102
RTVSPost2010PropOp33
  70
1
  102
RTVSPost2010Prop34
  280
0
  102
RTVSPost2010PropOp34
  70
1
  102
RTVSPost2010Prop35
  280
0
  102
RTVSPost2010PropOp35
  70
1
  102
RTVSPost2010Prop36
  280
0
  102
RTVSPost2010PropOp36
  70
1
  102
RTVSPost2010Prop37
  90
50
  102
RTVSPost2010PropOp37
  70
1
  102
RTVSPost2010Prop38
  140
0
  102
RTVSPost2010PropOp38
  70
1
  102
RTVSPost2010Prop39
  140
1
  102
RTVSPost2010PropOp39
  70
1
  102
RTVSPost2010Prop40
  90
0
  102
RTVSPost2010PropOp40
  70
1
  102
RTVSPost2010Prop41ColorIndex
  90
18
  102
RTVSPost2010Prop41ColorRGB
  90
0
  102
RTVSPost2010PropOp41
  70
1
  102
RTVSPost2010Prop42
  90
50
  102
RTVSPost2010PropOp42
  70
1
  102
RTVSPost2010Prop43
  90
3
  102
RTVSPost2010PropOp43
  70
1
  102
RTVSPost2010Prop44ColorIndex
  90
5
  102
RTVSPost2010Prop44ColorRGB
  90
255
  102
RTVSPost2010PropOp44
  70
1
  102
RTVSPost2010Prop45
  280
0
  102
RTVSPost2010PropOp45
  70
1
  102
RTVSPost2010Prop46
  90
50
  102
RTVSPost2010PropOp46
  70
1
  102
RTVSPost2010Prop47
  90
50
  102
RTVSPost2010PropOp47
  70
1
  102
RTVSPost2010Prop48
  90
50
  102
RTVSPost2010PropOp48
  70
1
  102
RTVSPost2010Prop49
  280
0
  102
RTVSPost2010PropOp49
  70
1
  102
RTVSPost2010Prop50
  90
50
  102
RTVSPost2010PropOp50
  70
1
  102
RTVSPost2010Prop51ColorIndex
  90
256
  102
RTVSPost2010Prop51ColorRGB
  90
-16777216
  102
RTVSPost2010PropOp51
  70
0
  102
RTVSPost2010Prop52
  140
1
  102
RTVSPost2010PropOp52
  70
0
  102
RTVSPost2010Prop53
  90
2
  102
RTVSPost2010PropOp53
  70
1
  102
RTVSPost2010Prop54
  1
strokes_ogs.tif
  102
RTVSPost2010PropOp54
  70
1
  102
RTVSPost2010Prop55
  280
0
  102
RTVSPost2010PropOp55
  70
1
  102
RTVSPost2010Prop56
  140
1
  102
RTVSPost2010PropOp56
  70
1
  102
RTVSPost2010Prop57
  140
1
  102
RTVSPost2010PropOp57
  70
1
  102
RTVSPropertyOp0
  70
1
  102
RTVSPropertyOp1
  70
1
  102
RTVSPropertyOp2
  70
1
  102
RTVSPropertyOp3
  70
1
  102
RTVSPropertyOp4
  70
1
  102
RTVSPropertyOp5
  70
1
  102
RTVSPropertyOp6
  70
1
  102
RTVSPropertyOp7
  70
1
  102
RTVSPropertyOp8
  70
1
  102
RTVSPropertyOp9
  70
1
  102
RTVSPropertyOp10
  70
1
  102
RTVSPropertyOp11
  70
1
  102
RTVSPropertyOp12
  70
1
  102
RTVSPropertyOp13
  70
1
  102
RTVSPropertyOp14
  70
1
  102
RTVSPropertyOp15
  70
1
  102
RTVSPropertyOp16
  70
1
  102
RTVSPropertyOp17
  70
1
  102
RTVSPropertyOp18
  70
1
  102
RTVSPropertyOp19
  70
1
  102
RTVSPropertyOp20
  70
1
  102
RTVSPropertyOp21
  70
1
  102
RTVSPropertyOp22
  70
1
  102
RTVSPropertyOp23
  70
1
  102
RTVSPropertyOp24
  70
1
  102
RTVSPropertyOp25
  70
1
  102
RTVSPropertyOp26
  70
1
  102
RTVSPropertyOp27
  70
1
  102
RTVSPropertyOp28
  70
1
  102
RTVSPropertyOp29
  70
1
  102
RTVSPropertyOp30
  70
1
  102
RTVSPropertyOp31
  70
1
  102
RTVSPropertyOp32
  70
1
  102
RTVSPropertyOp33
  70
1
  102
RTVSPropertyOp34
  70
1
  102
RTVSPropertyOp35
  70
1
  102
RTVSPropertyOp36
  70
1
  102
RTVSPropertyOp37
  70
1
  102
RTVSPropertyOp38
  70
1
  102
RTVSPropertyOp39
  70
1
  102
RTVSPropertyOp40
  70
1
  102
RTVSPropertyOp41
  70
1
  102
RTVSPropertyOp42
  70
1
  102
RTVSPropertyOp43
  70
1
  102
RTVSPropertyOp44
  70
1
  102
RTVSPropertyOp45
  70
1
  102
RTVSPropertyOp46
  70
1
  102
RTVSPropertyOp47
  70
1
  102
RTVSPropertyOp48
  70
1
  102
RTVSPropertyOp49
  70
1
  102
RTVSPropertyOp50
  70
1
  102
RTVSPropertyOp51
  70
0
  102
RTVSPropertyOp52
  70
0
  102
RTVSPropertyOp53
  70
1
  102
RTVSPropertyOp54
  70
1
  102
RTVSPropertyOp55
  70
1
  102
RTVSPropertyOp56
  70
1
  102
RTVSPropertyOp57
  70
1
  102
RTVSPropertyOp58
  70
1
  102
RTVSPropertyOp59
  70
1
  102
RTVSPropertyOp60
  70
1
  102
RTVSPropertyOp61
  70
1
  102
RTVSPropertyOp62
  70
1
  0
ENDSEC
  0
EOF